
2025/10/06 12:46:00 [32m/Users/jhafetcanepa/Documents/tesis_titulacion/back_usuarios/config/database.go:43 [33mSLOW SQL >= 200ms
[0m[31;1m[245.235ms] [33m[rows:0][35m SET FOREIGN_KEY_CHECKS = 0[0m

2025/10/06 12:46:00 [32m/Users/jhafetcanepa/Documents/tesis_titulacion/back_usuarios/config/database.go:51 [33mSLOW SQL >= 200ms
[0m[31;1m[229.564ms] [33m[rows:-][35m SELECT DATABASE()[0m

2025/10/06 12:46:01 [32m/Users/jhafetcanepa/Documents/tesis_titulacion/back_usuarios/config/database.go:51 [33mSLOW SQL >= 200ms
[0m[31;1m[609.590ms] [33m[rows:1][35m SELECT SCHEMA_NAME from Information_schema.SCHEMATA where SCHEMA_NAME LIKE 'b2hbqaai8d5tyfpljuoi%' ORDER BY SCHEMA_NAME='b2hbqaai8d5tyfpljuoi' DESC,SCHEMA_NAME limit 1[0m

2025/10/06 12:46:01 [32m/Users/jhafetcanepa/Documents/tesis_titulacion/back_usuarios/config/database.go:51 [33mSLOW SQL >= 200ms
[0m[31;1m[497.163ms] [33m[rows:-][35m SELECT count(*) FROM information_schema.tables WHERE table_schema = 'b2hbqaai8d5tyfpljuoi' AND table_name = 'roles' AND table_type = 'BASE TABLE'[0m

2025/10/06 12:46:02 [32m/Users/jhafetcanepa/Documents/tesis_titulacion/back_usuarios/config/database.go:51 [33mSLOW SQL >= 200ms
[0m[31;1m[315.041ms] [33m[rows:-][35m SELECT DATABASE()[0m

2025/10/06 12:46:02 [32m/Users/jhafetcanepa/Documents/tesis_titulacion/back_usuarios/config/database.go:51 [33mSLOW SQL >= 200ms
[0m[31;1m[600.630ms] [33m[rows:1][35m SELECT SCHEMA_NAME from Information_schema.SCHEMATA where SCHEMA_NAME LIKE 'b2hbqaai8d5tyfpljuoi%' ORDER BY SCHEMA_NAME='b2hbqaai8d5tyfpljuoi' DESC,SCHEMA_NAME limit 1[0m

2025/10/06 12:46:03 [32m/Users/jhafetcanepa/Documents/tesis_titulacion/back_usuarios/config/database.go:51 [33mSLOW SQL >= 200ms
[0m[31;1m[511.039ms] [33m[rows:-][35m SELECT * FROM `roles` LIMIT 1[0m

2025/10/06 12:46:03 [32m/Users/jhafetcanepa/Documents/tesis_titulacion/back_usuarios/config/database.go:51 [33mSLOW SQL >= 200ms
[0m[31;1m[482.360ms] [33m[rows:-][35m SELECT column_name, column_default, is_nullable = 'YES', data_type, character_maximum_length, column_type, column_key, extra, column_comment, numeric_precision, numeric_scale , datetime_precision FROM information_schema.columns WHERE table_schema = 'b2hbqaai8d5tyfpljuoi' AND table_name = 'roles' ORDER BY ORDINAL_POSITION[0m

2025/10/06 12:46:04 [32m [33mSLOW SQL >= 200ms
[0m[31;1m[250.213ms] [33m[rows:-][35m SELECT DATABASE()[0m

2025/10/06 12:46:05 [32m [33mSLOW SQL >= 200ms
[0m[31;1m[1139.375ms] [33m[rows:1][35m SELECT SCHEMA_NAME from Information_schema.SCHEMATA where SCHEMA_NAME LIKE 'b2hbqaai8d5tyfpljuoi%' ORDER BY SCHEMA_NAME='b2hbqaai8d5tyfpljuoi' DESC,SCHEMA_NAME limit 1[0m

2025/10/06 12:46:05 [32m/Users/jhafetcanepa/Documents/tesis_titulacion/back_usuarios/config/database.go:51 [33mSLOW SQL >= 200ms
[0m[31;1m[482.161ms] [33m[rows:2][35m 
SELECT
	TABLE_NAME,
	COLUMN_NAME,
	INDEX_NAME,
	NON_UNIQUE 
FROM
	information_schema.STATISTICS 
WHERE
	TABLE_SCHEMA = 'b2hbqaai8d5tyfpljuoi' 
	AND TABLE_NAME = 'roles' 
ORDER BY
	INDEX_NAME,
	SEQ_IN_INDEX[0m

2025/10/06 12:46:05 [32m [33mSLOW SQL >= 200ms
[0m[31;1m[209.638ms] [33m[rows:-][35m SELECT DATABASE()[0m

2025/10/06 12:46:06 [32m [33mSLOW SQL >= 200ms
[0m[31;1m[644.918ms] [33m[rows:1][35m SELECT SCHEMA_NAME from Information_schema.SCHEMATA where SCHEMA_NAME LIKE 'b2hbqaai8d5tyfpljuoi%' ORDER BY SCHEMA_NAME='b2hbqaai8d5tyfpljuoi' DESC,SCHEMA_NAME limit 1[0m

2025/10/06 12:46:07 [32m [33mSLOW SQL >= 200ms
[0m[31;1m[470.525ms] [33m[rows:-][35m SELECT count(*) FROM INFORMATION_SCHEMA.table_constraints WHERE constraint_schema = 'b2hbqaai8d5tyfpljuoi' AND table_name = 'roles' AND constraint_name = 'uni_roles_name'[0m

2025/10/06 12:46:07 [32m [33mSLOW SQL >= 200ms
[0m[31;1m[376.396ms] [33m[rows:-][35m SELECT DATABASE()[0m

2025/10/06 12:46:08 [32m [33mSLOW SQL >= 200ms
[0m[31;1m[640.277ms] [33m[rows:1][35m SELECT SCHEMA_NAME from Information_schema.SCHEMATA where SCHEMA_NAME LIKE 'b2hbqaai8d5tyfpljuoi%' ORDER BY SCHEMA_NAME='b2hbqaai8d5tyfpljuoi' DESC,SCHEMA_NAME limit 1[0m

2025/10/06 12:46:08 [32m [33mSLOW SQL >= 200ms
[0m[31;1m[487.775ms] [33m[rows:-][35m SELECT count(*) FROM information_schema.statistics WHERE table_schema = 'b2hbqaai8d5tyfpljuoi' AND table_name = 'roles' AND index_name = 'idx_roles_name'[0m

2025/10/06 12:46:08 [32m/Users/jhafetcanepa/Documents/tesis_titulacion/back_usuarios/config/database.go:51 [33mSLOW SQL >= 200ms
[0m[31;1m[233.574ms] [33m[rows:-][35m SELECT DATABASE()[0m

2025/10/06 12:46:09 [32m/Users/jhafetcanepa/Documents/tesis_titulacion/back_usuarios/config/database.go:51 [33mSLOW SQL >= 200ms
[0m[31;1m[662.041ms] [33m[rows:1][35m SELECT SCHEMA_NAME from Information_schema.SCHEMATA where SCHEMA_NAME LIKE 'b2hbqaai8d5tyfpljuoi%' ORDER BY SCHEMA_NAME='b2hbqaai8d5tyfpljuoi' DESC,SCHEMA_NAME limit 1[0m

2025/10/06 12:46:09 [32m/Users/jhafetcanepa/Documents/tesis_titulacion/back_usuarios/config/database.go:51 [33mSLOW SQL >= 200ms
[0m[31;1m[480.504ms] [33m[rows:-][35m SELECT count(*) FROM information_schema.statistics WHERE table_schema = 'b2hbqaai8d5tyfpljuoi' AND table_name = 'roles' AND index_name = 'idx_roles_name'[0m

2025/10/06 12:46:10 [32m/Users/jhafetcanepa/Documents/tesis_titulacion/back_usuarios/config/database.go:55 [33mSLOW SQL >= 200ms
[0m[31;1m[242.146ms] [33m[rows:-][35m SELECT DATABASE()[0m

2025/10/06 12:46:10 [32m/Users/jhafetcanepa/Documents/tesis_titulacion/back_usuarios/config/database.go:55 [33mSLOW SQL >= 200ms
[0m[31;1m[653.504ms] [33m[rows:1][35m SELECT SCHEMA_NAME from Information_schema.SCHEMATA where SCHEMA_NAME LIKE 'b2hbqaai8d5tyfpljuoi%' ORDER BY SCHEMA_NAME='b2hbqaai8d5tyfpljuoi' DESC,SCHEMA_NAME limit 1[0m

2025/10/06 12:46:11 [32m/Users/jhafetcanepa/Documents/tesis_titulacion/back_usuarios/config/database.go:55 [33mSLOW SQL >= 200ms
[0m[31;1m[485.462ms] [33m[rows:-][35m SELECT count(*) FROM information_schema.tables WHERE table_schema = 'b2hbqaai8d5tyfpljuoi' AND table_name = 'usuarios' AND table_type = 'BASE TABLE'[0m

2025/10/06 12:46:11 [32m/Users/jhafetcanepa/Documents/tesis_titulacion/back_usuarios/config/database.go:55 [33mSLOW SQL >= 200ms
[0m[31;1m[230.813ms] [33m[rows:-][35m SELECT DATABASE()[0m

2025/10/06 12:46:12 [32m/Users/jhafetcanepa/Documents/tesis_titulacion/back_usuarios/config/database.go:55 [33mSLOW SQL >= 200ms
[0m[31;1m[627.554ms] [33m[rows:1][35m SELECT SCHEMA_NAME from Information_schema.SCHEMATA where SCHEMA_NAME LIKE 'b2hbqaai8d5tyfpljuoi%' ORDER BY SCHEMA_NAME='b2hbqaai8d5tyfpljuoi' DESC,SCHEMA_NAME limit 1[0m

2025/10/06 12:46:12 [32m/Users/jhafetcanepa/Documents/tesis_titulacion/back_usuarios/config/database.go:55 [33mSLOW SQL >= 200ms
[0m[31;1m[510.669ms] [33m[rows:-][35m SELECT * FROM `usuarios` LIMIT 1[0m

2025/10/06 12:46:14 [32m/Users/jhafetcanepa/Documents/tesis_titulacion/back_usuarios/config/database.go:55 [33mSLOW SQL >= 200ms
[0m[31;1m[463.503ms] [33m[rows:-][35m SELECT column_name, column_default, is_nullable = 'YES', data_type, character_maximum_length, column_type, column_key, extra, column_comment, numeric_precision, numeric_scale , datetime_precision FROM information_schema.columns WHERE table_schema = 'b2hbqaai8d5tyfpljuoi' AND table_name = 'usuarios' ORDER BY ORDINAL_POSITION[0m

2025/10/06 12:46:14 [32m [33mSLOW SQL >= 200ms
[0m[31;1m[239.648ms] [33m[rows:-][35m SELECT DATABASE()[0m

2025/10/06 12:46:14 [32m [33mSLOW SQL >= 200ms
[0m[31;1m[543.546ms] [33m[rows:1][35m SELECT SCHEMA_NAME from Information_schema.SCHEMATA where SCHEMA_NAME LIKE 'b2hbqaai8d5tyfpljuoi%' ORDER BY SCHEMA_NAME='b2hbqaai8d5tyfpljuoi' DESC,SCHEMA_NAME limit 1[0m

2025/10/06 12:46:15 [32m/Users/jhafetcanepa/Documents/tesis_titulacion/back_usuarios/config/database.go:55 [33mSLOW SQL >= 200ms
[0m[31;1m[468.006ms] [33m[rows:13][35m 
SELECT
	TABLE_NAME,
	COLUMN_NAME,
	INDEX_NAME,
	NON_UNIQUE 
FROM
	information_schema.STATISTICS 
WHERE
	TABLE_SCHEMA = 'b2hbqaai8d5tyfpljuoi' 
	AND TABLE_NAME = 'usuarios' 
ORDER BY
	INDEX_NAME,
	SEQ_IN_INDEX[0m

2025/10/06 12:46:15 [32m [33mSLOW SQL >= 200ms
[0m[31;1m[220.847ms] [33m[rows:-][35m SELECT DATABASE()[0m

2025/10/06 12:46:16 [32m [33mSLOW SQL >= 200ms
[0m[31;1m[556.375ms] [33m[rows:1][35m SELECT SCHEMA_NAME from Information_schema.SCHEMATA where SCHEMA_NAME LIKE 'b2hbqaai8d5tyfpljuoi%' ORDER BY SCHEMA_NAME='b2hbqaai8d5tyfpljuoi' DESC,SCHEMA_NAME limit 1[0m

2025/10/06 12:46:16 [32m [33mSLOW SQL >= 200ms
[0m[31;1m[455.601ms] [33m[rows:-][35m SELECT count(*) FROM INFORMATION_SCHEMA.table_constraints WHERE constraint_schema = 'b2hbqaai8d5tyfpljuoi' AND table_name = 'usuarios' AND constraint_name = 'uni_usuarios_num_documento'[0m

2025/10/06 12:46:16 [32m [33mSLOW SQL >= 200ms
[0m[31;1m[218.671ms] [33m[rows:-][35m SELECT DATABASE()[0m

2025/10/06 12:46:17 [32m [33mSLOW SQL >= 200ms
[0m[31;1m[573.575ms] [33m[rows:1][35m SELECT SCHEMA_NAME from Information_schema.SCHEMATA where SCHEMA_NAME LIKE 'b2hbqaai8d5tyfpljuoi%' ORDER BY SCHEMA_NAME='b2hbqaai8d5tyfpljuoi' DESC,SCHEMA_NAME limit 1[0m

2025/10/06 12:46:18 [32m [33mSLOW SQL >= 200ms
[0m[31;1m[642.039ms] [33m[rows:-][35m SELECT count(*) FROM information_schema.statistics WHERE table_schema = 'b2hbqaai8d5tyfpljuoi' AND table_name = 'usuarios' AND index_name = 'idx_usuarios_num_documento'[0m

2025/10/06 12:46:18 [32m [33mSLOW SQL >= 200ms
[0m[31;1m[208.174ms] [33m[rows:-][35m SELECT DATABASE()[0m

2025/10/06 12:46:18 [32m [33mSLOW SQL >= 200ms
[0m[31;1m[538.894ms] [33m[rows:1][35m SELECT SCHEMA_NAME from Information_schema.SCHEMATA where SCHEMA_NAME LIKE 'b2hbqaai8d5tyfpljuoi%' ORDER BY SCHEMA_NAME='b2hbqaai8d5tyfpljuoi' DESC,SCHEMA_NAME limit 1[0m

2025/10/06 12:46:19 [32m/Users/jhafetcanepa/Documents/tesis_titulacion/back_usuarios/config/database.go:55 [33mSLOW SQL >= 200ms
[0m[31;1m[513.205ms] [33m[rows:13][35m 
SELECT
	TABLE_NAME,
	COLUMN_NAME,
	INDEX_NAME,
	NON_UNIQUE 
FROM
	information_schema.STATISTICS 
WHERE
	TABLE_SCHEMA = 'b2hbqaai8d5tyfpljuoi' 
	AND TABLE_NAME = 'usuarios' 
ORDER BY
	INDEX_NAME,
	SEQ_IN_INDEX[0m

2025/10/06 12:46:19 [32m [33mSLOW SQL >= 200ms
[0m[31;1m[230.263ms] [33m[rows:-][35m SELECT DATABASE()[0m

2025/10/06 12:46:20 [32m [33mSLOW SQL >= 200ms
[0m[31;1m[853.465ms] [33m[rows:1][35m SELECT SCHEMA_NAME from Information_schema.SCHEMATA where SCHEMA_NAME LIKE 'b2hbqaai8d5tyfpljuoi%' ORDER BY SCHEMA_NAME='b2hbqaai8d5tyfpljuoi' DESC,SCHEMA_NAME limit 1[0m

2025/10/06 12:46:20 [32m [33mSLOW SQL >= 200ms
[0m[31;1m[450.642ms] [33m[rows:-][35m SELECT count(*) FROM INFORMATION_SCHEMA.table_constraints WHERE constraint_schema = 'b2hbqaai8d5tyfpljuoi' AND table_name = 'usuarios' AND constraint_name = 'uni_usuarios_correo'[0m

2025/10/06 12:46:21 [32m [33mSLOW SQL >= 200ms
[0m[31;1m[245.981ms] [33m[rows:-][35m SELECT DATABASE()[0m

2025/10/06 12:46:21 [32m [33mSLOW SQL >= 200ms
[0m[31;1m[528.608ms] [33m[rows:1][35m SELECT SCHEMA_NAME from Information_schema.SCHEMATA where SCHEMA_NAME LIKE 'b2hbqaai8d5tyfpljuoi%' ORDER BY SCHEMA_NAME='b2hbqaai8d5tyfpljuoi' DESC,SCHEMA_NAME limit 1[0m

2025/10/06 12:46:22 [32m [33mSLOW SQL >= 200ms
[0m[31;1m[506.567ms] [33m[rows:-][35m SELECT count(*) FROM information_schema.statistics WHERE table_schema = 'b2hbqaai8d5tyfpljuoi' AND table_name = 'usuarios' AND index_name = 'idx_usuarios_correo'[0m

2025/10/06 12:46:22 [32m [33mSLOW SQL >= 200ms
[0m[31;1m[250.043ms] [33m[rows:-][35m SELECT DATABASE()[0m

2025/10/06 12:46:22 [32m [33mSLOW SQL >= 200ms
[0m[31;1m[560.853ms] [33m[rows:1][35m SELECT SCHEMA_NAME from Information_schema.SCHEMATA where SCHEMA_NAME LIKE 'b2hbqaai8d5tyfpljuoi%' ORDER BY SCHEMA_NAME='b2hbqaai8d5tyfpljuoi' DESC,SCHEMA_NAME limit 1[0m

2025/10/06 12:46:23 [32m/Users/jhafetcanepa/Documents/tesis_titulacion/back_usuarios/config/database.go:55 [33mSLOW SQL >= 200ms
[0m[31;1m[438.482ms] [33m[rows:13][35m 
SELECT
	TABLE_NAME,
	COLUMN_NAME,
	INDEX_NAME,
	NON_UNIQUE 
FROM
	information_schema.STATISTICS 
WHERE
	TABLE_SCHEMA = 'b2hbqaai8d5tyfpljuoi' 
	AND TABLE_NAME = 'usuarios' 
ORDER BY
	INDEX_NAME,
	SEQ_IN_INDEX[0m

2025/10/06 12:46:23 [32m [33mSLOW SQL >= 200ms
[0m[31;1m[223.489ms] [33m[rows:-][35m SELECT DATABASE()[0m

2025/10/06 12:46:24 [32m [33mSLOW SQL >= 200ms
[0m[31;1m[576.307ms] [33m[rows:1][35m SELECT SCHEMA_NAME from Information_schema.SCHEMATA where SCHEMA_NAME LIKE 'b2hbqaai8d5tyfpljuoi%' ORDER BY SCHEMA_NAME='b2hbqaai8d5tyfpljuoi' DESC,SCHEMA_NAME limit 1[0m

2025/10/06 12:46:24 [32m [33mSLOW SQL >= 200ms
[0m[31;1m[445.028ms] [33m[rows:-][35m SELECT count(*) FROM INFORMATION_SCHEMA.table_constraints WHERE constraint_schema = 'b2hbqaai8d5tyfpljuoi' AND table_name = 'usuarios' AND constraint_name = 'uni_usuarios_usuario'[0m

2025/10/06 12:46:24 [32m [33mSLOW SQL >= 200ms
[0m[31;1m[209.340ms] [33m[rows:-][35m SELECT DATABASE()[0m

2025/10/06 12:46:25 [32m [33mSLOW SQL >= 200ms
[0m[31;1m[557.800ms] [33m[rows:1][35m SELECT SCHEMA_NAME from Information_schema.SCHEMATA where SCHEMA_NAME LIKE 'b2hbqaai8d5tyfpljuoi%' ORDER BY SCHEMA_NAME='b2hbqaai8d5tyfpljuoi' DESC,SCHEMA_NAME limit 1[0m

2025/10/06 12:46:25 [32m [33mSLOW SQL >= 200ms
[0m[31;1m[438.190ms] [33m[rows:-][35m SELECT count(*) FROM information_schema.statistics WHERE table_schema = 'b2hbqaai8d5tyfpljuoi' AND table_name = 'usuarios' AND index_name = 'idx_usuarios_usuario'[0m

2025/10/06 12:46:26 [32m/Users/jhafetcanepa/Documents/tesis_titulacion/back_usuarios/config/database.go:55 [33mSLOW SQL >= 200ms
[0m[31;1m[227.821ms] [33m[rows:-][35m SELECT DATABASE()[0m

2025/10/06 12:46:26 [32m/Users/jhafetcanepa/Documents/tesis_titulacion/back_usuarios/config/database.go:55 [33mSLOW SQL >= 200ms
[0m[31;1m[580.147ms] [33m[rows:1][35m SELECT SCHEMA_NAME from Information_schema.SCHEMATA where SCHEMA_NAME LIKE 'b2hbqaai8d5tyfpljuoi%' ORDER BY SCHEMA_NAME='b2hbqaai8d5tyfpljuoi' DESC,SCHEMA_NAME limit 1[0m

2025/10/06 12:46:27 [32m/Users/jhafetcanepa/Documents/tesis_titulacion/back_usuarios/config/database.go:55 [33mSLOW SQL >= 200ms
[0m[31;1m[456.152ms] [33m[rows:-][35m SELECT count(*) FROM information_schema.statistics WHERE table_schema = 'b2hbqaai8d5tyfpljuoi' AND table_name = 'usuarios' AND index_name = 'idx_usuarios_nombres_apellidos'[0m

2025/10/06 12:46:27 [32m/Users/jhafetcanepa/Documents/tesis_titulacion/back_usuarios/config/database.go:55 [33mSLOW SQL >= 200ms
[0m[31;1m[222.035ms] [33m[rows:-][35m SELECT DATABASE()[0m

2025/10/06 12:46:27 [32m/Users/jhafetcanepa/Documents/tesis_titulacion/back_usuarios/config/database.go:55 [33mSLOW SQL >= 200ms
[0m[31;1m[540.246ms] [33m[rows:1][35m SELECT SCHEMA_NAME from Information_schema.SCHEMATA where SCHEMA_NAME LIKE 'b2hbqaai8d5tyfpljuoi%' ORDER BY SCHEMA_NAME='b2hbqaai8d5tyfpljuoi' DESC,SCHEMA_NAME limit 1[0m

2025/10/06 12:46:28 [32m/Users/jhafetcanepa/Documents/tesis_titulacion/back_usuarios/config/database.go:55 [33mSLOW SQL >= 200ms
[0m[31;1m[430.654ms] [33m[rows:-][35m SELECT count(*) FROM information_schema.statistics WHERE table_schema = 'b2hbqaai8d5tyfpljuoi' AND table_name = 'usuarios' AND index_name = 'idx_usuarios_telefono'[0m

2025/10/06 12:46:28 [32m/Users/jhafetcanepa/Documents/tesis_titulacion/back_usuarios/config/database.go:55 [33mSLOW SQL >= 200ms
[0m[31;1m[228.017ms] [33m[rows:-][35m SELECT DATABASE()[0m

2025/10/06 12:46:29 [32m/Users/jhafetcanepa/Documents/tesis_titulacion/back_usuarios/config/database.go:55 [33mSLOW SQL >= 200ms
[0m[31;1m[545.379ms] [33m[rows:1][35m SELECT SCHEMA_NAME from Information_schema.SCHEMATA where SCHEMA_NAME LIKE 'b2hbqaai8d5tyfpljuoi%' ORDER BY SCHEMA_NAME='b2hbqaai8d5tyfpljuoi' DESC,SCHEMA_NAME limit 1[0m

2025/10/06 12:46:29 [32m/Users/jhafetcanepa/Documents/tesis_titulacion/back_usuarios/config/database.go:55 [33mSLOW SQL >= 200ms
[0m[31;1m[451.990ms] [33m[rows:-][35m SELECT count(*) FROM information_schema.statistics WHERE table_schema = 'b2hbqaai8d5tyfpljuoi' AND table_name = 'usuarios' AND index_name = 'idx_usuarios_correo'[0m

2025/10/06 12:46:29 [32m/Users/jhafetcanepa/Documents/tesis_titulacion/back_usuarios/config/database.go:55 [33mSLOW SQL >= 200ms
[0m[31;1m[229.741ms] [33m[rows:-][35m SELECT DATABASE()[0m

2025/10/06 12:46:30 [32m/Users/jhafetcanepa/Documents/tesis_titulacion/back_usuarios/config/database.go:55 [33mSLOW SQL >= 200ms
[0m[31;1m[580.477ms] [33m[rows:1][35m SELECT SCHEMA_NAME from Information_schema.SCHEMATA where SCHEMA_NAME LIKE 'b2hbqaai8d5tyfpljuoi%' ORDER BY SCHEMA_NAME='b2hbqaai8d5tyfpljuoi' DESC,SCHEMA_NAME limit 1[0m

2025/10/06 12:46:30 [32m/Users/jhafetcanepa/Documents/tesis_titulacion/back_usuarios/config/database.go:55 [33mSLOW SQL >= 200ms
[0m[31;1m[455.014ms] [33m[rows:-][35m SELECT count(*) FROM information_schema.statistics WHERE table_schema = 'b2hbqaai8d5tyfpljuoi' AND table_name = 'usuarios' AND index_name = 'idx_usuarios_activation_token'[0m

2025/10/06 12:46:30 [32m/Users/jhafetcanepa/Documents/tesis_titulacion/back_usuarios/config/database.go:55 [33mSLOW SQL >= 200ms
[0m[31;1m[207.959ms] [33m[rows:-][35m SELECT DATABASE()[0m

2025/10/06 12:46:31 [32m/Users/jhafetcanepa/Documents/tesis_titulacion/back_usuarios/config/database.go:55 [33mSLOW SQL >= 200ms
[0m[31;1m[575.353ms] [33m[rows:1][35m SELECT SCHEMA_NAME from Information_schema.SCHEMATA where SCHEMA_NAME LIKE 'b2hbqaai8d5tyfpljuoi%' ORDER BY SCHEMA_NAME='b2hbqaai8d5tyfpljuoi' DESC,SCHEMA_NAME limit 1[0m

2025/10/06 12:46:31 [32m/Users/jhafetcanepa/Documents/tesis_titulacion/back_usuarios/config/database.go:55 [33mSLOW SQL >= 200ms
[0m[31;1m[426.998ms] [33m[rows:-][35m SELECT count(*) FROM information_schema.statistics WHERE table_schema = 'b2hbqaai8d5tyfpljuoi' AND table_name = 'usuarios' AND index_name = 'idx_usuarios_last_login_at'[0m

2025/10/06 12:46:32 [32m/Users/jhafetcanepa/Documents/tesis_titulacion/back_usuarios/config/database.go:55 [33mSLOW SQL >= 200ms
[0m[31;1m[219.470ms] [33m[rows:-][35m SELECT DATABASE()[0m

2025/10/06 12:46:32 [32m/Users/jhafetcanepa/Documents/tesis_titulacion/back_usuarios/config/database.go:55 [33mSLOW SQL >= 200ms
[0m[31;1m[534.227ms] [33m[rows:1][35m SELECT SCHEMA_NAME from Information_schema.SCHEMATA where SCHEMA_NAME LIKE 'b2hbqaai8d5tyfpljuoi%' ORDER BY SCHEMA_NAME='b2hbqaai8d5tyfpljuoi' DESC,SCHEMA_NAME limit 1[0m

2025/10/06 12:46:33 [32m/Users/jhafetcanepa/Documents/tesis_titulacion/back_usuarios/config/database.go:55 [33mSLOW SQL >= 200ms
[0m[31;1m[465.498ms] [33m[rows:-][35m SELECT count(*) FROM information_schema.statistics WHERE table_schema = 'b2hbqaai8d5tyfpljuoi' AND table_name = 'usuarios' AND index_name = 'idx_usuarios_activation_expiry'[0m

2025/10/06 12:46:33 [32m/Users/jhafetcanepa/Documents/tesis_titulacion/back_usuarios/config/database.go:55 [33mSLOW SQL >= 200ms
[0m[31;1m[234.184ms] [33m[rows:-][35m SELECT DATABASE()[0m

2025/10/06 12:46:34 [32m/Users/jhafetcanepa/Documents/tesis_titulacion/back_usuarios/config/database.go:55 [33mSLOW SQL >= 200ms
[0m[31;1m[665.345ms] [33m[rows:1][35m SELECT SCHEMA_NAME from Information_schema.SCHEMATA where SCHEMA_NAME LIKE 'b2hbqaai8d5tyfpljuoi%' ORDER BY SCHEMA_NAME='b2hbqaai8d5tyfpljuoi' DESC,SCHEMA_NAME limit 1[0m

2025/10/06 12:46:34 [32m/Users/jhafetcanepa/Documents/tesis_titulacion/back_usuarios/config/database.go:55 [33mSLOW SQL >= 200ms
[0m[31;1m[442.503ms] [33m[rows:-][35m SELECT count(*) FROM information_schema.statistics WHERE table_schema = 'b2hbqaai8d5tyfpljuoi' AND table_name = 'usuarios' AND index_name = 'idx_usuarios_tipo_documento'[0m

2025/10/06 12:46:34 [32m/Users/jhafetcanepa/Documents/tesis_titulacion/back_usuarios/config/database.go:55 [33mSLOW SQL >= 200ms
[0m[31;1m[227.433ms] [33m[rows:-][35m SELECT DATABASE()[0m

2025/10/06 12:46:35 [32m/Users/jhafetcanepa/Documents/tesis_titulacion/back_usuarios/config/database.go:55 [33mSLOW SQL >= 200ms
[0m[31;1m[590.392ms] [33m[rows:1][35m SELECT SCHEMA_NAME from Information_schema.SCHEMATA where SCHEMA_NAME LIKE 'b2hbqaai8d5tyfpljuoi%' ORDER BY SCHEMA_NAME='b2hbqaai8d5tyfpljuoi' DESC,SCHEMA_NAME limit 1[0m

2025/10/06 12:46:35 [32m/Users/jhafetcanepa/Documents/tesis_titulacion/back_usuarios/config/database.go:55 [33mSLOW SQL >= 200ms
[0m[31;1m[439.625ms] [33m[rows:-][35m SELECT count(*) FROM information_schema.statistics WHERE table_schema = 'b2hbqaai8d5tyfpljuoi' AND table_name = 'usuarios' AND index_name = 'idx_usuarios_num_documento'[0m

2025/10/06 12:46:36 [32m/Users/jhafetcanepa/Documents/tesis_titulacion/back_usuarios/config/database.go:55 [33mSLOW SQL >= 200ms
[0m[31;1m[521.788ms] [33m[rows:-][35m SELECT DATABASE()[0m

2025/10/06 12:46:36 [32m/Users/jhafetcanepa/Documents/tesis_titulacion/back_usuarios/config/database.go:55 [33mSLOW SQL >= 200ms
[0m[31;1m[586.195ms] [33m[rows:1][35m SELECT SCHEMA_NAME from Information_schema.SCHEMATA where SCHEMA_NAME LIKE 'b2hbqaai8d5tyfpljuoi%' ORDER BY SCHEMA_NAME='b2hbqaai8d5tyfpljuoi' DESC,SCHEMA_NAME limit 1[0m

2025/10/06 12:46:37 [32m/Users/jhafetcanepa/Documents/tesis_titulacion/back_usuarios/config/database.go:55 [33mSLOW SQL >= 200ms
[0m[31;1m[555.927ms] [33m[rows:-][35m SELECT count(*) FROM information_schema.statistics WHERE table_schema = 'b2hbqaai8d5tyfpljuoi' AND table_name = 'usuarios' AND index_name = 'idx_usuarios_activo'[0m

2025/10/06 12:46:37 [32m/Users/jhafetcanepa/Documents/tesis_titulacion/back_usuarios/config/database.go:55 [33mSLOW SQL >= 200ms
[0m[31;1m[271.175ms] [33m[rows:-][35m SELECT DATABASE()[0m

2025/10/06 12:46:38 [32m/Users/jhafetcanepa/Documents/tesis_titulacion/back_usuarios/config/database.go:55 [33mSLOW SQL >= 200ms
[0m[31;1m[543.592ms] [33m[rows:1][35m SELECT SCHEMA_NAME from Information_schema.SCHEMATA where SCHEMA_NAME LIKE 'b2hbqaai8d5tyfpljuoi%' ORDER BY SCHEMA_NAME='b2hbqaai8d5tyfpljuoi' DESC,SCHEMA_NAME limit 1[0m

2025/10/06 12:46:38 [32m/Users/jhafetcanepa/Documents/tesis_titulacion/back_usuarios/config/database.go:55 [33mSLOW SQL >= 200ms
[0m[31;1m[464.500ms] [33m[rows:-][35m SELECT count(*) FROM information_schema.statistics WHERE table_schema = 'b2hbqaai8d5tyfpljuoi' AND table_name = 'usuarios' AND index_name = 'idx_usuarios_usuario'[0m

2025/10/06 12:46:38 [32m/Users/jhafetcanepa/Documents/tesis_titulacion/back_usuarios/config/database.go:55 [33mSLOW SQL >= 200ms
[0m[31;1m[218.469ms] [33m[rows:-][35m SELECT DATABASE()[0m

2025/10/06 12:46:39 [32m/Users/jhafetcanepa/Documents/tesis_titulacion/back_usuarios/config/database.go:55 [33mSLOW SQL >= 200ms
[0m[31;1m[633.590ms] [33m[rows:1][35m SELECT SCHEMA_NAME from Information_schema.SCHEMATA where SCHEMA_NAME LIKE 'b2hbqaai8d5tyfpljuoi%' ORDER BY SCHEMA_NAME='b2hbqaai8d5tyfpljuoi' DESC,SCHEMA_NAME limit 1[0m

2025/10/06 12:46:40 [32m/Users/jhafetcanepa/Documents/tesis_titulacion/back_usuarios/config/database.go:55 [33mSLOW SQL >= 200ms
[0m[31;1m[471.469ms] [33m[rows:-][35m SELECT count(*) FROM information_schema.statistics WHERE table_schema = 'b2hbqaai8d5tyfpljuoi' AND table_name = 'usuarios' AND index_name = 'idx_usuarios_created_at'[0m

2025/10/06 12:46:40 [32m/Users/jhafetcanepa/Documents/tesis_titulacion/back_usuarios/config/database.go:55 [33mSLOW SQL >= 200ms
[0m[31;1m[221.196ms] [33m[rows:-][35m SELECT DATABASE()[0m

2025/10/06 12:46:40 [32m/Users/jhafetcanepa/Documents/tesis_titulacion/back_usuarios/config/database.go:55 [33mSLOW SQL >= 200ms
[0m[31;1m[596.942ms] [33m[rows:1][35m SELECT SCHEMA_NAME from Information_schema.SCHEMATA where SCHEMA_NAME LIKE 'b2hbqaai8d5tyfpljuoi%' ORDER BY SCHEMA_NAME='b2hbqaai8d5tyfpljuoi' DESC,SCHEMA_NAME limit 1[0m

2025/10/06 12:46:41 [32m/Users/jhafetcanepa/Documents/tesis_titulacion/back_usuarios/config/database.go:55 [33mSLOW SQL >= 200ms
[0m[31;1m[448.479ms] [33m[rows:-][35m SELECT count(*) FROM information_schema.statistics WHERE table_schema = 'b2hbqaai8d5tyfpljuoi' AND table_name = 'usuarios' AND index_name = 'idx_usuarios_password_expires_at'[0m

2025/10/06 12:46:41 [32m/Users/jhafetcanepa/Documents/tesis_titulacion/back_usuarios/config/database.go:55 [33mSLOW SQL >= 200ms
[0m[31;1m[210.319ms] [33m[rows:-][35m SELECT DATABASE()[0m

2025/10/06 12:46:42 [32m/Users/jhafetcanepa/Documents/tesis_titulacion/back_usuarios/config/database.go:55 [33mSLOW SQL >= 200ms
[0m[31;1m[556.153ms] [33m[rows:1][35m SELECT SCHEMA_NAME from Information_schema.SCHEMATA where SCHEMA_NAME LIKE 'b2hbqaai8d5tyfpljuoi%' ORDER BY SCHEMA_NAME='b2hbqaai8d5tyfpljuoi' DESC,SCHEMA_NAME limit 1[0m

2025/10/06 12:46:42 [32m/Users/jhafetcanepa/Documents/tesis_titulacion/back_usuarios/config/database.go:55 [33mSLOW SQL >= 200ms
[0m[31;1m[431.586ms] [33m[rows:-][35m SELECT count(*) FROM information_schema.tables WHERE table_schema = 'b2hbqaai8d5tyfpljuoi' AND table_name = 'roles' AND table_type = 'BASE TABLE'[0m

2025/10/06 12:46:42 [32m/Users/jhafetcanepa/Documents/tesis_titulacion/back_usuarios/config/database.go:55 [33mSLOW SQL >= 200ms
[0m[31;1m[232.701ms] [33m[rows:-][35m SELECT DATABASE()[0m

2025/10/06 12:46:43 [32m/Users/jhafetcanepa/Documents/tesis_titulacion/back_usuarios/config/database.go:55 [33mSLOW SQL >= 200ms
[0m[31;1m[572.326ms] [33m[rows:1][35m SELECT SCHEMA_NAME from Information_schema.SCHEMATA where SCHEMA_NAME LIKE 'b2hbqaai8d5tyfpljuoi%' ORDER BY SCHEMA_NAME='b2hbqaai8d5tyfpljuoi' DESC,SCHEMA_NAME limit 1[0m

2025/10/06 12:46:43 [32m/Users/jhafetcanepa/Documents/tesis_titulacion/back_usuarios/config/database.go:55 [33mSLOW SQL >= 200ms
[0m[31;1m[444.208ms] [33m[rows:-][35m SELECT * FROM `roles` LIMIT 1[0m

2025/10/06 12:46:44 [32m/Users/jhafetcanepa/Documents/tesis_titulacion/back_usuarios/config/database.go:55 [33mSLOW SQL >= 200ms
[0m[31;1m[484.826ms] [33m[rows:-][35m SELECT column_name, column_default, is_nullable = 'YES', data_type, character_maximum_length, column_type, column_key, extra, column_comment, numeric_precision, numeric_scale , datetime_precision FROM information_schema.columns WHERE table_schema = 'b2hbqaai8d5tyfpljuoi' AND table_name = 'roles' ORDER BY ORDINAL_POSITION[0m

2025/10/06 12:46:44 [32m [33mSLOW SQL >= 200ms
[0m[31;1m[262.323ms] [33m[rows:-][35m SELECT DATABASE()[0m

2025/10/06 12:46:45 [32m [33mSLOW SQL >= 200ms
[0m[31;1m[604.467ms] [33m[rows:1][35m SELECT SCHEMA_NAME from Information_schema.SCHEMATA where SCHEMA_NAME LIKE 'b2hbqaai8d5tyfpljuoi%' ORDER BY SCHEMA_NAME='b2hbqaai8d5tyfpljuoi' DESC,SCHEMA_NAME limit 1[0m

2025/10/06 12:46:45 [32m/Users/jhafetcanepa/Documents/tesis_titulacion/back_usuarios/config/database.go:55 [33mSLOW SQL >= 200ms
[0m[31;1m[656.911ms] [33m[rows:2][35m 
SELECT
	TABLE_NAME,
	COLUMN_NAME,
	INDEX_NAME,
	NON_UNIQUE 
FROM
	information_schema.STATISTICS 
WHERE
	TABLE_SCHEMA = 'b2hbqaai8d5tyfpljuoi' 
	AND TABLE_NAME = 'roles' 
ORDER BY
	INDEX_NAME,
	SEQ_IN_INDEX[0m

2025/10/06 12:46:46 [32m [33mSLOW SQL >= 200ms
[0m[31;1m[227.992ms] [33m[rows:-][35m SELECT DATABASE()[0m

2025/10/06 12:46:47 [32m [33mSLOW SQL >= 200ms
[0m[31;1m[1013.814ms] [33m[rows:1][35m SELECT SCHEMA_NAME from Information_schema.SCHEMATA where SCHEMA_NAME LIKE 'b2hbqaai8d5tyfpljuoi%' ORDER BY SCHEMA_NAME='b2hbqaai8d5tyfpljuoi' DESC,SCHEMA_NAME limit 1[0m

2025/10/06 12:46:47 [32m [33mSLOW SQL >= 200ms
[0m[31;1m[630.837ms] [33m[rows:-][35m SELECT count(*) FROM INFORMATION_SCHEMA.table_constraints WHERE constraint_schema = 'b2hbqaai8d5tyfpljuoi' AND table_name = 'roles' AND constraint_name = 'uni_roles_name'[0m

2025/10/06 12:46:47 [32m [33mSLOW SQL >= 200ms
[0m[31;1m[236.861ms] [33m[rows:-][35m SELECT DATABASE()[0m

2025/10/06 12:46:48 [32m [33mSLOW SQL >= 200ms
[0m[31;1m[649.705ms] [33m[rows:1][35m SELECT SCHEMA_NAME from Information_schema.SCHEMATA where SCHEMA_NAME LIKE 'b2hbqaai8d5tyfpljuoi%' ORDER BY SCHEMA_NAME='b2hbqaai8d5tyfpljuoi' DESC,SCHEMA_NAME limit 1[0m

2025/10/06 12:46:49 [32m [33mSLOW SQL >= 200ms
[0m[31;1m[478.974ms] [33m[rows:-][35m SELECT count(*) FROM information_schema.statistics WHERE table_schema = 'b2hbqaai8d5tyfpljuoi' AND table_name = 'roles' AND index_name = 'idx_roles_name'[0m

2025/10/06 12:46:49 [32m/Users/jhafetcanepa/Documents/tesis_titulacion/back_usuarios/config/database.go:55 [33mSLOW SQL >= 200ms
[0m[31;1m[237.763ms] [33m[rows:-][35m SELECT DATABASE()[0m

2025/10/06 12:46:49 [32m/Users/jhafetcanepa/Documents/tesis_titulacion/back_usuarios/config/database.go:55 [33mSLOW SQL >= 200ms
[0m[31;1m[634.373ms] [33m[rows:1][35m SELECT SCHEMA_NAME from Information_schema.SCHEMATA where SCHEMA_NAME LIKE 'b2hbqaai8d5tyfpljuoi%' ORDER BY SCHEMA_NAME='b2hbqaai8d5tyfpljuoi' DESC,SCHEMA_NAME limit 1[0m

2025/10/06 12:46:50 [32m/Users/jhafetcanepa/Documents/tesis_titulacion/back_usuarios/config/database.go:55 [33mSLOW SQL >= 200ms
[0m[31;1m[728.922ms] [33m[rows:-][35m SELECT count(*) FROM information_schema.statistics WHERE table_schema = 'b2hbqaai8d5tyfpljuoi' AND table_name = 'roles' AND index_name = 'idx_roles_name'[0m

2025/10/06 12:46:50 [32m/Users/jhafetcanepa/Documents/tesis_titulacion/back_usuarios/config/database.go:55 [33mSLOW SQL >= 200ms
[0m[31;1m[245.017ms] [33m[rows:-][35m SELECT DATABASE()[0m

2025/10/06 12:46:51 [32m/Users/jhafetcanepa/Documents/tesis_titulacion/back_usuarios/config/database.go:55 [33mSLOW SQL >= 200ms
[0m[31;1m[564.916ms] [33m[rows:1][35m SELECT SCHEMA_NAME from Information_schema.SCHEMATA where SCHEMA_NAME LIKE 'b2hbqaai8d5tyfpljuoi%' ORDER BY SCHEMA_NAME='b2hbqaai8d5tyfpljuoi' DESC,SCHEMA_NAME limit 1[0m

2025/10/06 12:46:51 [32m/Users/jhafetcanepa/Documents/tesis_titulacion/back_usuarios/config/database.go:55 [33mSLOW SQL >= 200ms
[0m[31;1m[452.699ms] [33m[rows:-][35m SELECT count(*) FROM information_schema.tables WHERE table_schema = 'b2hbqaai8d5tyfpljuoi' AND table_name = 'user_roles' AND table_type = 'BASE TABLE'[0m

2025/10/06 12:46:52 [32m/Users/jhafetcanepa/Documents/tesis_titulacion/back_usuarios/config/database.go:55 [33mSLOW SQL >= 200ms
[0m[31;1m[212.748ms] [33m[rows:-][35m SELECT DATABASE()[0m

2025/10/06 12:46:52 [32m/Users/jhafetcanepa/Documents/tesis_titulacion/back_usuarios/config/database.go:55 [33mSLOW SQL >= 200ms
[0m[31;1m[601.748ms] [33m[rows:1][35m SELECT SCHEMA_NAME from Information_schema.SCHEMATA where SCHEMA_NAME LIKE 'b2hbqaai8d5tyfpljuoi%' ORDER BY SCHEMA_NAME='b2hbqaai8d5tyfpljuoi' DESC,SCHEMA_NAME limit 1[0m

2025/10/06 12:46:53 [32m/Users/jhafetcanepa/Documents/tesis_titulacion/back_usuarios/config/database.go:55 [33mSLOW SQL >= 200ms
[0m[31;1m[503.399ms] [33m[rows:-][35m SELECT * FROM `user_roles` LIMIT 1[0m

2025/10/06 12:46:53 [32m/Users/jhafetcanepa/Documents/tesis_titulacion/back_usuarios/config/database.go:55 [33mSLOW SQL >= 200ms
[0m[31;1m[527.039ms] [33m[rows:-][35m SELECT column_name, column_default, is_nullable = 'YES', data_type, character_maximum_length, column_type, column_key, extra, column_comment, numeric_precision, numeric_scale , datetime_precision FROM information_schema.columns WHERE table_schema = 'b2hbqaai8d5tyfpljuoi' AND table_name = 'user_roles' ORDER BY ORDINAL_POSITION[0m

2025/10/06 12:46:53 [32m/Users/jhafetcanepa/Documents/tesis_titulacion/back_usuarios/config/database.go:55 [33mSLOW SQL >= 200ms
[0m[31;1m[209.918ms] [33m[rows:-][35m SELECT DATABASE()[0m

2025/10/06 12:46:54 [32m/Users/jhafetcanepa/Documents/tesis_titulacion/back_usuarios/config/database.go:55 [33mSLOW SQL >= 200ms
[0m[31;1m[803.486ms] [33m[rows:1][35m SELECT SCHEMA_NAME from Information_schema.SCHEMATA where SCHEMA_NAME LIKE 'b2hbqaai8d5tyfpljuoi%' ORDER BY SCHEMA_NAME='b2hbqaai8d5tyfpljuoi' DESC,SCHEMA_NAME limit 1[0m

2025/10/06 12:46:55 [32m/Users/jhafetcanepa/Documents/tesis_titulacion/back_usuarios/config/database.go:55 [33mSLOW SQL >= 200ms
[0m[31;1m[456.388ms] [33m[rows:-][35m SELECT count(*) FROM information_schema.statistics WHERE table_schema = 'b2hbqaai8d5tyfpljuoi' AND table_name = 'user_roles' AND index_name = 'idx_user_roles_created_at'[0m

2025/10/06 12:46:55 [32m/Users/jhafetcanepa/Documents/tesis_titulacion/back_usuarios/config/database.go:60 [33mSLOW SQL >= 200ms
[0m[31;1m[219.655ms] [33m[rows:0][35m DROP TABLE IF EXISTS profile_changes[0m

2025/10/06 12:46:55 [32m/Users/jhafetcanepa/Documents/tesis_titulacion/back_usuarios/config/database.go:62 [33mSLOW SQL >= 200ms
[0m[31;1m[205.491ms] [33m[rows:-][35m SELECT DATABASE()[0m

2025/10/06 12:46:56 [32m/Users/jhafetcanepa/Documents/tesis_titulacion/back_usuarios/config/database.go:62 [33mSLOW SQL >= 200ms
[0m[31;1m[545.166ms] [33m[rows:1][35m SELECT SCHEMA_NAME from Information_schema.SCHEMATA where SCHEMA_NAME LIKE 'b2hbqaai8d5tyfpljuoi%' ORDER BY SCHEMA_NAME='b2hbqaai8d5tyfpljuoi' DESC,SCHEMA_NAME limit 1[0m

2025/10/06 12:46:56 [32m/Users/jhafetcanepa/Documents/tesis_titulacion/back_usuarios/config/database.go:62 [33mSLOW SQL >= 200ms
[0m[31;1m[461.500ms] [33m[rows:-][35m SELECT count(*) FROM information_schema.tables WHERE table_schema = 'b2hbqaai8d5tyfpljuoi' AND table_name = 'usuarios' AND table_type = 'BASE TABLE'[0m

2025/10/06 12:46:56 [32m/Users/jhafetcanepa/Documents/tesis_titulacion/back_usuarios/config/database.go:62 [33mSLOW SQL >= 200ms
[0m[31;1m[216.121ms] [33m[rows:-][35m SELECT DATABASE()[0m

2025/10/06 12:46:57 [32m/Users/jhafetcanepa/Documents/tesis_titulacion/back_usuarios/config/database.go:62 [33mSLOW SQL >= 200ms
[0m[31;1m[553.441ms] [33m[rows:1][35m SELECT SCHEMA_NAME from Information_schema.SCHEMATA where SCHEMA_NAME LIKE 'b2hbqaai8d5tyfpljuoi%' ORDER BY SCHEMA_NAME='b2hbqaai8d5tyfpljuoi' DESC,SCHEMA_NAME limit 1[0m

2025/10/06 12:46:57 [32m/Users/jhafetcanepa/Documents/tesis_titulacion/back_usuarios/config/database.go:62 [33mSLOW SQL >= 200ms
[0m[31;1m[476.013ms] [33m[rows:-][35m SELECT * FROM `usuarios` LIMIT 1[0m

2025/10/06 12:46:59 [32m/Users/jhafetcanepa/Documents/tesis_titulacion/back_usuarios/config/database.go:62 [33mSLOW SQL >= 200ms
[0m[31;1m[461.493ms] [33m[rows:-][35m SELECT column_name, column_default, is_nullable = 'YES', data_type, character_maximum_length, column_type, column_key, extra, column_comment, numeric_precision, numeric_scale , datetime_precision FROM information_schema.columns WHERE table_schema = 'b2hbqaai8d5tyfpljuoi' AND table_name = 'usuarios' ORDER BY ORDINAL_POSITION[0m

2025/10/06 12:46:59 [32m [33mSLOW SQL >= 200ms
[0m[31;1m[211.634ms] [33m[rows:-][35m SELECT DATABASE()[0m

2025/10/06 12:47:00 [32m [33mSLOW SQL >= 200ms
[0m[31;1m[573.267ms] [33m[rows:1][35m SELECT SCHEMA_NAME from Information_schema.SCHEMATA where SCHEMA_NAME LIKE 'b2hbqaai8d5tyfpljuoi%' ORDER BY SCHEMA_NAME='b2hbqaai8d5tyfpljuoi' DESC,SCHEMA_NAME limit 1[0m

2025/10/06 12:47:00 [32m/Users/jhafetcanepa/Documents/tesis_titulacion/back_usuarios/config/database.go:62 [33mSLOW SQL >= 200ms
[0m[31;1m[435.267ms] [33m[rows:13][35m 
SELECT
	TABLE_NAME,
	COLUMN_NAME,
	INDEX_NAME,
	NON_UNIQUE 
FROM
	information_schema.STATISTICS 
WHERE
	TABLE_SCHEMA = 'b2hbqaai8d5tyfpljuoi' 
	AND TABLE_NAME = 'usuarios' 
ORDER BY
	INDEX_NAME,
	SEQ_IN_INDEX[0m

2025/10/06 12:47:00 [32m [33mSLOW SQL >= 200ms
[0m[31;1m[220.624ms] [33m[rows:-][35m SELECT DATABASE()[0m

2025/10/06 12:47:01 [32m [33mSLOW SQL >= 200ms
[0m[31;1m[595.751ms] [33m[rows:1][35m SELECT SCHEMA_NAME from Information_schema.SCHEMATA where SCHEMA_NAME LIKE 'b2hbqaai8d5tyfpljuoi%' ORDER BY SCHEMA_NAME='b2hbqaai8d5tyfpljuoi' DESC,SCHEMA_NAME limit 1[0m

2025/10/06 12:47:01 [32m [33mSLOW SQL >= 200ms
[0m[31;1m[436.144ms] [33m[rows:-][35m SELECT count(*) FROM INFORMATION_SCHEMA.table_constraints WHERE constraint_schema = 'b2hbqaai8d5tyfpljuoi' AND table_name = 'usuarios' AND constraint_name = 'uni_usuarios_num_documento'[0m

2025/10/06 12:47:02 [32m [33mSLOW SQL >= 200ms
[0m[31;1m[219.021ms] [33m[rows:-][35m SELECT DATABASE()[0m

2025/10/06 12:47:02 [32m [33mSLOW SQL >= 200ms
[0m[31;1m[538.551ms] [33m[rows:1][35m SELECT SCHEMA_NAME from Information_schema.SCHEMATA where SCHEMA_NAME LIKE 'b2hbqaai8d5tyfpljuoi%' ORDER BY SCHEMA_NAME='b2hbqaai8d5tyfpljuoi' DESC,SCHEMA_NAME limit 1[0m

2025/10/06 12:47:03 [32m [33mSLOW SQL >= 200ms
[0m[31;1m[457.509ms] [33m[rows:-][35m SELECT count(*) FROM information_schema.statistics WHERE table_schema = 'b2hbqaai8d5tyfpljuoi' AND table_name = 'usuarios' AND index_name = 'idx_usuarios_num_documento'[0m

2025/10/06 12:47:03 [32m [33mSLOW SQL >= 200ms
[0m[31;1m[215.728ms] [33m[rows:-][35m SELECT DATABASE()[0m

2025/10/06 12:47:03 [32m [33mSLOW SQL >= 200ms
[0m[31;1m[631.063ms] [33m[rows:1][35m SELECT SCHEMA_NAME from Information_schema.SCHEMATA where SCHEMA_NAME LIKE 'b2hbqaai8d5tyfpljuoi%' ORDER BY SCHEMA_NAME='b2hbqaai8d5tyfpljuoi' DESC,SCHEMA_NAME limit 1[0m

2025/10/06 12:47:04 [32m/Users/jhafetcanepa/Documents/tesis_titulacion/back_usuarios/config/database.go:62 [33mSLOW SQL >= 200ms
[0m[31;1m[435.396ms] [33m[rows:13][35m 
SELECT
	TABLE_NAME,
	COLUMN_NAME,
	INDEX_NAME,
	NON_UNIQUE 
FROM
	information_schema.STATISTICS 
WHERE
	TABLE_SCHEMA = 'b2hbqaai8d5tyfpljuoi' 
	AND TABLE_NAME = 'usuarios' 
ORDER BY
	INDEX_NAME,
	SEQ_IN_INDEX[0m

2025/10/06 12:47:05 [32m [33mSLOW SQL >= 200ms
[0m[31;1m[566.990ms] [33m[rows:1][35m SELECT SCHEMA_NAME from Information_schema.SCHEMATA where SCHEMA_NAME LIKE 'b2hbqaai8d5tyfpljuoi%' ORDER BY SCHEMA_NAME='b2hbqaai8d5tyfpljuoi' DESC,SCHEMA_NAME limit 1[0m

2025/10/06 12:47:05 [32m [33mSLOW SQL >= 200ms
[0m[31;1m[427.603ms] [33m[rows:-][35m SELECT count(*) FROM INFORMATION_SCHEMA.table_constraints WHERE constraint_schema = 'b2hbqaai8d5tyfpljuoi' AND table_name = 'usuarios' AND constraint_name = 'uni_usuarios_correo'[0m

2025/10/06 12:47:05 [32m [33mSLOW SQL >= 200ms
[0m[31;1m[260.827ms] [33m[rows:-][35m SELECT DATABASE()[0m

2025/10/06 12:47:06 [32m [33mSLOW SQL >= 200ms
[0m[31;1m[553.476ms] [33m[rows:1][35m SELECT SCHEMA_NAME from Information_schema.SCHEMATA where SCHEMA_NAME LIKE 'b2hbqaai8d5tyfpljuoi%' ORDER BY SCHEMA_NAME='b2hbqaai8d5tyfpljuoi' DESC,SCHEMA_NAME limit 1[0m

2025/10/06 12:47:06 [32m [33mSLOW SQL >= 200ms
[0m[31;1m[441.010ms] [33m[rows:-][35m SELECT count(*) FROM information_schema.statistics WHERE table_schema = 'b2hbqaai8d5tyfpljuoi' AND table_name = 'usuarios' AND index_name = 'idx_usuarios_correo'[0m

2025/10/06 12:47:06 [32m [33mSLOW SQL >= 200ms
[0m[31;1m[208.643ms] [33m[rows:-][35m SELECT DATABASE()[0m

2025/10/06 12:47:07 [32m [33mSLOW SQL >= 200ms
[0m[31;1m[536.518ms] [33m[rows:1][35m SELECT SCHEMA_NAME from Information_schema.SCHEMATA where SCHEMA_NAME LIKE 'b2hbqaai8d5tyfpljuoi%' ORDER BY SCHEMA_NAME='b2hbqaai8d5tyfpljuoi' DESC,SCHEMA_NAME limit 1[0m

2025/10/06 12:47:07 [32m/Users/jhafetcanepa/Documents/tesis_titulacion/back_usuarios/config/database.go:62 [33mSLOW SQL >= 200ms
[0m[31;1m[452.195ms] [33m[rows:13][35m 
SELECT
	TABLE_NAME,
	COLUMN_NAME,
	INDEX_NAME,
	NON_UNIQUE 
FROM
	information_schema.STATISTICS 
WHERE
	TABLE_SCHEMA = 'b2hbqaai8d5tyfpljuoi' 
	AND TABLE_NAME = 'usuarios' 
ORDER BY
	INDEX_NAME,
	SEQ_IN_INDEX[0m

2025/10/06 12:47:08 [32m [33mSLOW SQL >= 200ms
[0m[31;1m[204.904ms] [33m[rows:-][35m SELECT DATABASE()[0m

2025/10/06 12:47:08 [32m [33mSLOW SQL >= 200ms
[0m[31;1m[565.829ms] [33m[rows:1][35m SELECT SCHEMA_NAME from Information_schema.SCHEMATA where SCHEMA_NAME LIKE 'b2hbqaai8d5tyfpljuoi%' ORDER BY SCHEMA_NAME='b2hbqaai8d5tyfpljuoi' DESC,SCHEMA_NAME limit 1[0m

2025/10/06 12:47:09 [32m [33mSLOW SQL >= 200ms
[0m[31;1m[451.518ms] [33m[rows:-][35m SELECT count(*) FROM INFORMATION_SCHEMA.table_constraints WHERE constraint_schema = 'b2hbqaai8d5tyfpljuoi' AND table_name = 'usuarios' AND constraint_name = 'uni_usuarios_usuario'[0m

2025/10/06 12:47:09 [32m [33mSLOW SQL >= 200ms
[0m[31;1m[208.906ms] [33m[rows:-][35m SELECT DATABASE()[0m

2025/10/06 12:47:09 [32m [33mSLOW SQL >= 200ms
[0m[31;1m[589.436ms] [33m[rows:1][35m SELECT SCHEMA_NAME from Information_schema.SCHEMATA where SCHEMA_NAME LIKE 'b2hbqaai8d5tyfpljuoi%' ORDER BY SCHEMA_NAME='b2hbqaai8d5tyfpljuoi' DESC,SCHEMA_NAME limit 1[0m

2025/10/06 12:47:10 [32m [33mSLOW SQL >= 200ms
[0m[31;1m[431.837ms] [33m[rows:-][35m SELECT count(*) FROM information_schema.statistics WHERE table_schema = 'b2hbqaai8d5tyfpljuoi' AND table_name = 'usuarios' AND index_name = 'idx_usuarios_usuario'[0m

2025/10/06 12:47:10 [32m/Users/jhafetcanepa/Documents/tesis_titulacion/back_usuarios/config/database.go:62 [33mSLOW SQL >= 200ms
[0m[31;1m[206.740ms] [33m[rows:-][35m SELECT DATABASE()[0m

2025/10/06 12:47:11 [32m/Users/jhafetcanepa/Documents/tesis_titulacion/back_usuarios/config/database.go:62 [33mSLOW SQL >= 200ms
[0m[31;1m[583.826ms] [33m[rows:1][35m SELECT SCHEMA_NAME from Information_schema.SCHEMATA where SCHEMA_NAME LIKE 'b2hbqaai8d5tyfpljuoi%' ORDER BY SCHEMA_NAME='b2hbqaai8d5tyfpljuoi' DESC,SCHEMA_NAME limit 1[0m

2025/10/06 12:47:11 [32m/Users/jhafetcanepa/Documents/tesis_titulacion/back_usuarios/config/database.go:62 [33mSLOW SQL >= 200ms
[0m[31;1m[440.691ms] [33m[rows:-][35m SELECT count(*) FROM information_schema.statistics WHERE table_schema = 'b2hbqaai8d5tyfpljuoi' AND table_name = 'usuarios' AND index_name = 'idx_usuarios_num_documento'[0m

2025/10/06 12:47:11 [32m/Users/jhafetcanepa/Documents/tesis_titulacion/back_usuarios/config/database.go:62 [33mSLOW SQL >= 200ms
[0m[31;1m[227.153ms] [33m[rows:-][35m SELECT DATABASE()[0m

2025/10/06 12:47:12 [32m/Users/jhafetcanepa/Documents/tesis_titulacion/back_usuarios/config/database.go:62 [33mSLOW SQL >= 200ms
[0m[31;1m[584.115ms] [33m[rows:1][35m SELECT SCHEMA_NAME from Information_schema.SCHEMATA where SCHEMA_NAME LIKE 'b2hbqaai8d5tyfpljuoi%' ORDER BY SCHEMA_NAME='b2hbqaai8d5tyfpljuoi' DESC,SCHEMA_NAME limit 1[0m

2025/10/06 12:47:13 [32m/Users/jhafetcanepa/Documents/tesis_titulacion/back_usuarios/config/database.go:62 [33mSLOW SQL >= 200ms
[0m[31;1m[606.589ms] [33m[rows:-][35m SELECT count(*) FROM information_schema.statistics WHERE table_schema = 'b2hbqaai8d5tyfpljuoi' AND table_name = 'usuarios' AND index_name = 'idx_usuarios_correo'[0m

2025/10/06 12:47:13 [32m/Users/jhafetcanepa/Documents/tesis_titulacion/back_usuarios/config/database.go:62 [33mSLOW SQL >= 200ms
[0m[31;1m[207.028ms] [33m[rows:-][35m SELECT DATABASE()[0m

2025/10/06 12:47:13 [32m/Users/jhafetcanepa/Documents/tesis_titulacion/back_usuarios/config/database.go:62 [33mSLOW SQL >= 200ms
[0m[31;1m[569.492ms] [33m[rows:1][35m SELECT SCHEMA_NAME from Information_schema.SCHEMATA where SCHEMA_NAME LIKE 'b2hbqaai8d5tyfpljuoi%' ORDER BY SCHEMA_NAME='b2hbqaai8d5tyfpljuoi' DESC,SCHEMA_NAME limit 1[0m

2025/10/06 12:47:14 [32m/Users/jhafetcanepa/Documents/tesis_titulacion/back_usuarios/config/database.go:62 [33mSLOW SQL >= 200ms
[0m[31;1m[474.869ms] [33m[rows:-][35m SELECT count(*) FROM information_schema.statistics WHERE table_schema = 'b2hbqaai8d5tyfpljuoi' AND table_name = 'usuarios' AND index_name = 'idx_usuarios_created_at'[0m

2025/10/06 12:47:14 [32m/Users/jhafetcanepa/Documents/tesis_titulacion/back_usuarios/config/database.go:62 [33mSLOW SQL >= 200ms
[0m[31;1m[214.579ms] [33m[rows:-][35m SELECT DATABASE()[0m

2025/10/06 12:47:15 [32m/Users/jhafetcanepa/Documents/tesis_titulacion/back_usuarios/config/database.go:62 [33mSLOW SQL >= 200ms
[0m[31;1m[581.440ms] [33m[rows:1][35m SELECT SCHEMA_NAME from Information_schema.SCHEMATA where SCHEMA_NAME LIKE 'b2hbqaai8d5tyfpljuoi%' ORDER BY SCHEMA_NAME='b2hbqaai8d5tyfpljuoi' DESC,SCHEMA_NAME limit 1[0m

2025/10/06 12:47:15 [32m/Users/jhafetcanepa/Documents/tesis_titulacion/back_usuarios/config/database.go:62 [33mSLOW SQL >= 200ms
[0m[31;1m[421.320ms] [33m[rows:-][35m SELECT count(*) FROM information_schema.statistics WHERE table_schema = 'b2hbqaai8d5tyfpljuoi' AND table_name = 'usuarios' AND index_name = 'idx_usuarios_password_expires_at'[0m

2025/10/06 12:47:15 [32m/Users/jhafetcanepa/Documents/tesis_titulacion/back_usuarios/config/database.go:62 [33mSLOW SQL >= 200ms
[0m[31;1m[268.223ms] [33m[rows:-][35m SELECT DATABASE()[0m

2025/10/06 12:47:16 [32m/Users/jhafetcanepa/Documents/tesis_titulacion/back_usuarios/config/database.go:62 [33mSLOW SQL >= 200ms
[0m[31;1m[638.951ms] [33m[rows:1][35m SELECT SCHEMA_NAME from Information_schema.SCHEMATA where SCHEMA_NAME LIKE 'b2hbqaai8d5tyfpljuoi%' ORDER BY SCHEMA_NAME='b2hbqaai8d5tyfpljuoi' DESC,SCHEMA_NAME limit 1[0m

2025/10/06 12:47:16 [32m/Users/jhafetcanepa/Documents/tesis_titulacion/back_usuarios/config/database.go:62 [33mSLOW SQL >= 200ms
[0m[31;1m[440.510ms] [33m[rows:-][35m SELECT count(*) FROM information_schema.statistics WHERE table_schema = 'b2hbqaai8d5tyfpljuoi' AND table_name = 'usuarios' AND index_name = 'idx_usuarios_activation_expiry'[0m

2025/10/06 12:47:17 [32m/Users/jhafetcanepa/Documents/tesis_titulacion/back_usuarios/config/database.go:62 [33mSLOW SQL >= 200ms
[0m[31;1m[224.981ms] [33m[rows:-][35m SELECT DATABASE()[0m

2025/10/06 12:47:17 [32m/Users/jhafetcanepa/Documents/tesis_titulacion/back_usuarios/config/database.go:62 [33mSLOW SQL >= 200ms
[0m[31;1m[573.538ms] [33m[rows:1][35m SELECT SCHEMA_NAME from Information_schema.SCHEMATA where SCHEMA_NAME LIKE 'b2hbqaai8d5tyfpljuoi%' ORDER BY SCHEMA_NAME='b2hbqaai8d5tyfpljuoi' DESC,SCHEMA_NAME limit 1[0m

2025/10/06 12:47:18 [32m/Users/jhafetcanepa/Documents/tesis_titulacion/back_usuarios/config/database.go:62 [33mSLOW SQL >= 200ms
[0m[31;1m[442.428ms] [33m[rows:-][35m SELECT count(*) FROM information_schema.statistics WHERE table_schema = 'b2hbqaai8d5tyfpljuoi' AND table_name = 'usuarios' AND index_name = 'idx_usuarios_last_login_at'[0m

2025/10/06 12:47:18 [32m/Users/jhafetcanepa/Documents/tesis_titulacion/back_usuarios/config/database.go:62 [33mSLOW SQL >= 200ms
[0m[31;1m[224.445ms] [33m[rows:-][35m SELECT DATABASE()[0m

2025/10/06 12:47:18 [32m/Users/jhafetcanepa/Documents/tesis_titulacion/back_usuarios/config/database.go:62 [33mSLOW SQL >= 200ms
[0m[31;1m[553.101ms] [33m[rows:1][35m SELECT SCHEMA_NAME from Information_schema.SCHEMATA where SCHEMA_NAME LIKE 'b2hbqaai8d5tyfpljuoi%' ORDER BY SCHEMA_NAME='b2hbqaai8d5tyfpljuoi' DESC,SCHEMA_NAME limit 1[0m

2025/10/06 12:47:19 [32m/Users/jhafetcanepa/Documents/tesis_titulacion/back_usuarios/config/database.go:62 [33mSLOW SQL >= 200ms
[0m[31;1m[421.701ms] [33m[rows:-][35m SELECT count(*) FROM information_schema.statistics WHERE table_schema = 'b2hbqaai8d5tyfpljuoi' AND table_name = 'usuarios' AND index_name = 'idx_usuarios_nombres_apellidos'[0m

2025/10/06 12:47:19 [32m/Users/jhafetcanepa/Documents/tesis_titulacion/back_usuarios/config/database.go:62 [33mSLOW SQL >= 200ms
[0m[31;1m[241.511ms] [33m[rows:-][35m SELECT DATABASE()[0m

2025/10/06 12:47:20 [32m/Users/jhafetcanepa/Documents/tesis_titulacion/back_usuarios/config/database.go:62 [33mSLOW SQL >= 200ms
[0m[31;1m[607.808ms] [33m[rows:1][35m SELECT SCHEMA_NAME from Information_schema.SCHEMATA where SCHEMA_NAME LIKE 'b2hbqaai8d5tyfpljuoi%' ORDER BY SCHEMA_NAME='b2hbqaai8d5tyfpljuoi' DESC,SCHEMA_NAME limit 1[0m

2025/10/06 12:47:20 [32m/Users/jhafetcanepa/Documents/tesis_titulacion/back_usuarios/config/database.go:62 [33mSLOW SQL >= 200ms
[0m[31;1m[426.622ms] [33m[rows:-][35m SELECT count(*) FROM information_schema.statistics WHERE table_schema = 'b2hbqaai8d5tyfpljuoi' AND table_name = 'usuarios' AND index_name = 'idx_usuarios_tipo_documento'[0m

2025/10/06 12:47:20 [32m/Users/jhafetcanepa/Documents/tesis_titulacion/back_usuarios/config/database.go:62 [33mSLOW SQL >= 200ms
[0m[31;1m[221.632ms] [33m[rows:-][35m SELECT DATABASE()[0m

2025/10/06 12:47:21 [32m/Users/jhafetcanepa/Documents/tesis_titulacion/back_usuarios/config/database.go:62 [33mSLOW SQL >= 200ms
[0m[31;1m[591.718ms] [33m[rows:1][35m SELECT SCHEMA_NAME from Information_schema.SCHEMATA where SCHEMA_NAME LIKE 'b2hbqaai8d5tyfpljuoi%' ORDER BY SCHEMA_NAME='b2hbqaai8d5tyfpljuoi' DESC,SCHEMA_NAME limit 1[0m

2025/10/06 12:47:21 [32m/Users/jhafetcanepa/Documents/tesis_titulacion/back_usuarios/config/database.go:62 [33mSLOW SQL >= 200ms
[0m[31;1m[440.893ms] [33m[rows:-][35m SELECT count(*) FROM information_schema.statistics WHERE table_schema = 'b2hbqaai8d5tyfpljuoi' AND table_name = 'usuarios' AND index_name = 'idx_usuarios_usuario'[0m

2025/10/06 12:47:22 [32m/Users/jhafetcanepa/Documents/tesis_titulacion/back_usuarios/config/database.go:62 [33mSLOW SQL >= 200ms
[0m[31;1m[225.487ms] [33m[rows:-][35m SELECT DATABASE()[0m

2025/10/06 12:47:22 [32m/Users/jhafetcanepa/Documents/tesis_titulacion/back_usuarios/config/database.go:62 [33mSLOW SQL >= 200ms
[0m[31;1m[600.017ms] [33m[rows:1][35m SELECT SCHEMA_NAME from Information_schema.SCHEMATA where SCHEMA_NAME LIKE 'b2hbqaai8d5tyfpljuoi%' ORDER BY SCHEMA_NAME='b2hbqaai8d5tyfpljuoi' DESC,SCHEMA_NAME limit 1[0m

2025/10/06 12:47:23 [32m/Users/jhafetcanepa/Documents/tesis_titulacion/back_usuarios/config/database.go:62 [33mSLOW SQL >= 200ms
[0m[31;1m[420.408ms] [33m[rows:-][35m SELECT count(*) FROM information_schema.statistics WHERE table_schema = 'b2hbqaai8d5tyfpljuoi' AND table_name = 'usuarios' AND index_name = 'idx_usuarios_activation_token'[0m

2025/10/06 12:47:23 [32m/Users/jhafetcanepa/Documents/tesis_titulacion/back_usuarios/config/database.go:62 [33mSLOW SQL >= 200ms
[0m[31;1m[212.711ms] [33m[rows:-][35m SELECT DATABASE()[0m

2025/10/06 12:47:23 [32m/Users/jhafetcanepa/Documents/tesis_titulacion/back_usuarios/config/database.go:62 [33mSLOW SQL >= 200ms
[0m[31;1m[580.091ms] [33m[rows:1][35m SELECT SCHEMA_NAME from Information_schema.SCHEMATA where SCHEMA_NAME LIKE 'b2hbqaai8d5tyfpljuoi%' ORDER BY SCHEMA_NAME='b2hbqaai8d5tyfpljuoi' DESC,SCHEMA_NAME limit 1[0m

2025/10/06 12:47:24 [32m/Users/jhafetcanepa/Documents/tesis_titulacion/back_usuarios/config/database.go:62 [33mSLOW SQL >= 200ms
[0m[31;1m[441.156ms] [33m[rows:-][35m SELECT count(*) FROM information_schema.statistics WHERE table_schema = 'b2hbqaai8d5tyfpljuoi' AND table_name = 'usuarios' AND index_name = 'idx_usuarios_telefono'[0m

2025/10/06 12:47:24 [32m/Users/jhafetcanepa/Documents/tesis_titulacion/back_usuarios/config/database.go:62 [33mSLOW SQL >= 200ms
[0m[31;1m[215.293ms] [33m[rows:-][35m SELECT DATABASE()[0m

2025/10/06 12:47:25 [32m/Users/jhafetcanepa/Documents/tesis_titulacion/back_usuarios/config/database.go:62 [33mSLOW SQL >= 200ms
[0m[31;1m[544.813ms] [33m[rows:1][35m SELECT SCHEMA_NAME from Information_schema.SCHEMATA where SCHEMA_NAME LIKE 'b2hbqaai8d5tyfpljuoi%' ORDER BY SCHEMA_NAME='b2hbqaai8d5tyfpljuoi' DESC,SCHEMA_NAME limit 1[0m

2025/10/06 12:47:25 [32m/Users/jhafetcanepa/Documents/tesis_titulacion/back_usuarios/config/database.go:62 [33mSLOW SQL >= 200ms
[0m[31;1m[435.342ms] [33m[rows:-][35m SELECT count(*) FROM information_schema.statistics WHERE table_schema = 'b2hbqaai8d5tyfpljuoi' AND table_name = 'usuarios' AND index_name = 'idx_usuarios_activo'[0m

2025/10/06 12:47:25 [32m/Users/jhafetcanepa/Documents/tesis_titulacion/back_usuarios/config/database.go:62 [33mSLOW SQL >= 200ms
[0m[31;1m[211.165ms] [33m[rows:-][35m SELECT DATABASE()[0m

2025/10/06 12:47:26 [32m/Users/jhafetcanepa/Documents/tesis_titulacion/back_usuarios/config/database.go:62 [33mSLOW SQL >= 200ms
[0m[31;1m[558.196ms] [33m[rows:1][35m SELECT SCHEMA_NAME from Information_schema.SCHEMATA where SCHEMA_NAME LIKE 'b2hbqaai8d5tyfpljuoi%' ORDER BY SCHEMA_NAME='b2hbqaai8d5tyfpljuoi' DESC,SCHEMA_NAME limit 1[0m

2025/10/06 12:47:26 [32m/Users/jhafetcanepa/Documents/tesis_titulacion/back_usuarios/config/database.go:62 [33mSLOW SQL >= 200ms
[0m[31;1m[699.485ms] [33m[rows:-][35m SELECT count(*) FROM information_schema.tables WHERE table_schema = 'b2hbqaai8d5tyfpljuoi' AND table_name = 'roles' AND table_type = 'BASE TABLE'[0m

2025/10/06 12:47:28 [32m/Users/jhafetcanepa/Documents/tesis_titulacion/back_usuarios/config/database.go:62 [33mSLOW SQL >= 200ms
[0m[31;1m[941.468ms] [33m[rows:1][35m SELECT SCHEMA_NAME from Information_schema.SCHEMATA where SCHEMA_NAME LIKE 'b2hbqaai8d5tyfpljuoi%' ORDER BY SCHEMA_NAME='b2hbqaai8d5tyfpljuoi' DESC,SCHEMA_NAME limit 1[0m

2025/10/06 12:47:28 [32m/Users/jhafetcanepa/Documents/tesis_titulacion/back_usuarios/config/database.go:62 [33mSLOW SQL >= 200ms
[0m[31;1m[426.558ms] [33m[rows:-][35m SELECT * FROM `roles` LIMIT 1[0m

2025/10/06 12:47:29 [32m/Users/jhafetcanepa/Documents/tesis_titulacion/back_usuarios/config/database.go:62 [33mSLOW SQL >= 200ms
[0m[31;1m[454.220ms] [33m[rows:-][35m SELECT column_name, column_default, is_nullable = 'YES', data_type, character_maximum_length, column_type, column_key, extra, column_comment, numeric_precision, numeric_scale , datetime_precision FROM information_schema.columns WHERE table_schema = 'b2hbqaai8d5tyfpljuoi' AND table_name = 'roles' ORDER BY ORDINAL_POSITION[0m

2025/10/06 12:47:29 [32m [33mSLOW SQL >= 200ms
[0m[31;1m[204.853ms] [33m[rows:-][35m SELECT DATABASE()[0m

2025/10/06 12:47:29 [32m [33mSLOW SQL >= 200ms
[0m[31;1m[604.842ms] [33m[rows:1][35m SELECT SCHEMA_NAME from Information_schema.SCHEMATA where SCHEMA_NAME LIKE 'b2hbqaai8d5tyfpljuoi%' ORDER BY SCHEMA_NAME='b2hbqaai8d5tyfpljuoi' DESC,SCHEMA_NAME limit 1[0m

2025/10/06 12:47:30 [32m/Users/jhafetcanepa/Documents/tesis_titulacion/back_usuarios/config/database.go:62 [33mSLOW SQL >= 200ms
[0m[31;1m[456.702ms] [33m[rows:2][35m 
SELECT
	TABLE_NAME,
	COLUMN_NAME,
	INDEX_NAME,
	NON_UNIQUE 
FROM
	information_schema.STATISTICS 
WHERE
	TABLE_SCHEMA = 'b2hbqaai8d5tyfpljuoi' 
	AND TABLE_NAME = 'roles' 
ORDER BY
	INDEX_NAME,
	SEQ_IN_INDEX[0m

2025/10/06 12:47:30 [32m [33mSLOW SQL >= 200ms
[0m[31;1m[216.495ms] [33m[rows:-][35m SELECT DATABASE()[0m

2025/10/06 12:47:31 [32m [33mSLOW SQL >= 200ms
[0m[31;1m[553.486ms] [33m[rows:1][35m SELECT SCHEMA_NAME from Information_schema.SCHEMATA where SCHEMA_NAME LIKE 'b2hbqaai8d5tyfpljuoi%' ORDER BY SCHEMA_NAME='b2hbqaai8d5tyfpljuoi' DESC,SCHEMA_NAME limit 1[0m

2025/10/06 12:47:31 [32m [33mSLOW SQL >= 200ms
[0m[31;1m[420.579ms] [33m[rows:-][35m SELECT count(*) FROM INFORMATION_SCHEMA.table_constraints WHERE constraint_schema = 'b2hbqaai8d5tyfpljuoi' AND table_name = 'roles' AND constraint_name = 'uni_roles_name'[0m

2025/10/06 12:47:31 [32m [33mSLOW SQL >= 200ms
[0m[31;1m[217.393ms] [33m[rows:-][35m SELECT DATABASE()[0m

2025/10/06 12:47:32 [32m [33mSLOW SQL >= 200ms
[0m[31;1m[597.110ms] [33m[rows:1][35m SELECT SCHEMA_NAME from Information_schema.SCHEMATA where SCHEMA_NAME LIKE 'b2hbqaai8d5tyfpljuoi%' ORDER BY SCHEMA_NAME='b2hbqaai8d5tyfpljuoi' DESC,SCHEMA_NAME limit 1[0m

2025/10/06 12:47:32 [32m [33mSLOW SQL >= 200ms
[0m[31;1m[425.841ms] [33m[rows:-][35m SELECT count(*) FROM information_schema.statistics WHERE table_schema = 'b2hbqaai8d5tyfpljuoi' AND table_name = 'roles' AND index_name = 'idx_roles_name'[0m

2025/10/06 12:47:32 [32m/Users/jhafetcanepa/Documents/tesis_titulacion/back_usuarios/config/database.go:62 [33mSLOW SQL >= 200ms
[0m[31;1m[226.319ms] [33m[rows:-][35m SELECT DATABASE()[0m

2025/10/06 12:47:33 [32m/Users/jhafetcanepa/Documents/tesis_titulacion/back_usuarios/config/database.go:62 [33mSLOW SQL >= 200ms
[0m[31;1m[566.451ms] [33m[rows:1][35m SELECT SCHEMA_NAME from Information_schema.SCHEMATA where SCHEMA_NAME LIKE 'b2hbqaai8d5tyfpljuoi%' ORDER BY SCHEMA_NAME='b2hbqaai8d5tyfpljuoi' DESC,SCHEMA_NAME limit 1[0m

2025/10/06 12:47:33 [32m/Users/jhafetcanepa/Documents/tesis_titulacion/back_usuarios/config/database.go:62 [33mSLOW SQL >= 200ms
[0m[31;1m[421.048ms] [33m[rows:-][35m SELECT count(*) FROM information_schema.statistics WHERE table_schema = 'b2hbqaai8d5tyfpljuoi' AND table_name = 'roles' AND index_name = 'idx_roles_name'[0m

2025/10/06 12:47:34 [32m/Users/jhafetcanepa/Documents/tesis_titulacion/back_usuarios/config/database.go:62 [33mSLOW SQL >= 200ms
[0m[31;1m[237.766ms] [33m[rows:-][35m SELECT DATABASE()[0m

2025/10/06 12:47:34 [32m/Users/jhafetcanepa/Documents/tesis_titulacion/back_usuarios/config/database.go:62 [33mSLOW SQL >= 200ms
[0m[31;1m[598.897ms] [33m[rows:1][35m SELECT SCHEMA_NAME from Information_schema.SCHEMATA where SCHEMA_NAME LIKE 'b2hbqaai8d5tyfpljuoi%' ORDER BY SCHEMA_NAME='b2hbqaai8d5tyfpljuoi' DESC,SCHEMA_NAME limit 1[0m

2025/10/06 12:47:35 [32m/Users/jhafetcanepa/Documents/tesis_titulacion/back_usuarios/config/database.go:62 [33mSLOW SQL >= 200ms
[0m[31;1m[451.310ms] [33m[rows:-][35m SELECT count(*) FROM information_schema.tables WHERE table_schema = 'b2hbqaai8d5tyfpljuoi' AND table_name = 'user_roles' AND table_type = 'BASE TABLE'[0m

2025/10/06 12:47:35 [32m/Users/jhafetcanepa/Documents/tesis_titulacion/back_usuarios/config/database.go:62 [33mSLOW SQL >= 200ms
[0m[31;1m[236.640ms] [33m[rows:-][35m SELECT DATABASE()[0m

2025/10/06 12:47:35 [32m/Users/jhafetcanepa/Documents/tesis_titulacion/back_usuarios/config/database.go:62 [33mSLOW SQL >= 200ms
[0m[31;1m[528.941ms] [33m[rows:1][35m SELECT SCHEMA_NAME from Information_schema.SCHEMATA where SCHEMA_NAME LIKE 'b2hbqaai8d5tyfpljuoi%' ORDER BY SCHEMA_NAME='b2hbqaai8d5tyfpljuoi' DESC,SCHEMA_NAME limit 1[0m

2025/10/06 12:47:36 [32m/Users/jhafetcanepa/Documents/tesis_titulacion/back_usuarios/config/database.go:62 [33mSLOW SQL >= 200ms
[0m[31;1m[412.744ms] [33m[rows:-][35m SELECT * FROM `user_roles` LIMIT 1[0m

2025/10/06 12:47:36 [32m/Users/jhafetcanepa/Documents/tesis_titulacion/back_usuarios/config/database.go:62 [33mSLOW SQL >= 200ms
[0m[31;1m[446.773ms] [33m[rows:-][35m SELECT column_name, column_default, is_nullable = 'YES', data_type, character_maximum_length, column_type, column_key, extra, column_comment, numeric_precision, numeric_scale , datetime_precision FROM information_schema.columns WHERE table_schema = 'b2hbqaai8d5tyfpljuoi' AND table_name = 'user_roles' ORDER BY ORDINAL_POSITION[0m

2025/10/06 12:47:37 [32m/Users/jhafetcanepa/Documents/tesis_titulacion/back_usuarios/config/database.go:62 [33mSLOW SQL >= 200ms
[0m[31;1m[210.418ms] [33m[rows:-][35m SELECT DATABASE()[0m

2025/10/06 12:47:37 [32m/Users/jhafetcanepa/Documents/tesis_titulacion/back_usuarios/config/database.go:62 [33mSLOW SQL >= 200ms
[0m[31;1m[774.171ms] [33m[rows:1][35m SELECT SCHEMA_NAME from Information_schema.SCHEMATA where SCHEMA_NAME LIKE 'b2hbqaai8d5tyfpljuoi%' ORDER BY SCHEMA_NAME='b2hbqaai8d5tyfpljuoi' DESC,SCHEMA_NAME limit 1[0m

2025/10/06 12:47:38 [32m/Users/jhafetcanepa/Documents/tesis_titulacion/back_usuarios/config/database.go:62 [33mSLOW SQL >= 200ms
[0m[31;1m[445.621ms] [33m[rows:-][35m SELECT count(*) FROM information_schema.statistics WHERE table_schema = 'b2hbqaai8d5tyfpljuoi' AND table_name = 'user_roles' AND index_name = 'idx_user_roles_created_at'[0m

2025/10/06 12:47:38 [32m/Users/jhafetcanepa/Documents/tesis_titulacion/back_usuarios/config/database.go:62 [33mSLOW SQL >= 200ms
[0m[31;1m[238.520ms] [33m[rows:-][35m SELECT DATABASE()[0m

2025/10/06 12:47:39 [32m/Users/jhafetcanepa/Documents/tesis_titulacion/back_usuarios/config/database.go:62 [33mSLOW SQL >= 200ms
[0m[31;1m[860.057ms] [33m[rows:1][35m SELECT SCHEMA_NAME from Information_schema.SCHEMATA where SCHEMA_NAME LIKE 'b2hbqaai8d5tyfpljuoi%' ORDER BY SCHEMA_NAME='b2hbqaai8d5tyfpljuoi' DESC,SCHEMA_NAME limit 1[0m

2025/10/06 12:47:39 [32m/Users/jhafetcanepa/Documents/tesis_titulacion/back_usuarios/config/database.go:62 [33mSLOW SQL >= 200ms
[0m[31;1m[454.835ms] [33m[rows:-][35m SELECT count(*) FROM information_schema.tables WHERE table_schema = 'b2hbqaai8d5tyfpljuoi' AND table_name = 'user_unblock_cooldowns' AND table_type = 'BASE TABLE'[0m

2025/10/06 12:47:40 [32m/Users/jhafetcanepa/Documents/tesis_titulacion/back_usuarios/config/database.go:62 [33mSLOW SQL >= 200ms
[0m[31;1m[218.220ms] [33m[rows:-][35m SELECT DATABASE()[0m

2025/10/06 12:47:40 [32m/Users/jhafetcanepa/Documents/tesis_titulacion/back_usuarios/config/database.go:62 [33mSLOW SQL >= 200ms
[0m[31;1m[570.280ms] [33m[rows:1][35m SELECT SCHEMA_NAME from Information_schema.SCHEMATA where SCHEMA_NAME LIKE 'b2hbqaai8d5tyfpljuoi%' ORDER BY SCHEMA_NAME='b2hbqaai8d5tyfpljuoi' DESC,SCHEMA_NAME limit 1[0m

2025/10/06 12:47:41 [32m/Users/jhafetcanepa/Documents/tesis_titulacion/back_usuarios/config/database.go:62 [33mSLOW SQL >= 200ms
[0m[31;1m[455.966ms] [33m[rows:-][35m SELECT * FROM `user_unblock_cooldowns` LIMIT 1[0m

2025/10/06 12:47:41 [32m/Users/jhafetcanepa/Documents/tesis_titulacion/back_usuarios/config/database.go:62 [33mSLOW SQL >= 200ms
[0m[31;1m[514.596ms] [33m[rows:-][35m SELECT column_name, column_default, is_nullable = 'YES', data_type, character_maximum_length, column_type, column_key, extra, column_comment, numeric_precision, numeric_scale , datetime_precision FROM information_schema.columns WHERE table_schema = 'b2hbqaai8d5tyfpljuoi' AND table_name = 'user_unblock_cooldowns' ORDER BY ORDINAL_POSITION[0m

2025/10/06 12:47:42 [32m/Users/jhafetcanepa/Documents/tesis_titulacion/back_usuarios/config/database.go:62 [33mSLOW SQL >= 200ms
[0m[31;1m[501.500ms] [33m[rows:-][35m SELECT DATABASE()[0m

2025/10/06 12:47:42 [32m/Users/jhafetcanepa/Documents/tesis_titulacion/back_usuarios/config/database.go:62 [33mSLOW SQL >= 200ms
[0m[31;1m[566.797ms] [33m[rows:1][35m SELECT SCHEMA_NAME from Information_schema.SCHEMATA where SCHEMA_NAME LIKE 'b2hbqaai8d5tyfpljuoi%' ORDER BY SCHEMA_NAME='b2hbqaai8d5tyfpljuoi' DESC,SCHEMA_NAME limit 1[0m

2025/10/06 12:47:43 [32m/Users/jhafetcanepa/Documents/tesis_titulacion/back_usuarios/config/database.go:62 [33mSLOW SQL >= 200ms
[0m[31;1m[430.803ms] [33m[rows:-][35m SELECT count(*) FROM information_schema.tables WHERE table_schema = 'b2hbqaai8d5tyfpljuoi' AND table_name = 'biometric_credentials' AND table_type = 'BASE TABLE'[0m

2025/10/06 12:47:43 [32m/Users/jhafetcanepa/Documents/tesis_titulacion/back_usuarios/config/database.go:62 [33mSLOW SQL >= 200ms
[0m[31;1m[217.059ms] [33m[rows:-][35m SELECT DATABASE()[0m

2025/10/06 12:47:44 [32m/Users/jhafetcanepa/Documents/tesis_titulacion/back_usuarios/config/database.go:62 [33mSLOW SQL >= 200ms
[0m[31;1m[901.220ms] [33m[rows:1][35m SELECT SCHEMA_NAME from Information_schema.SCHEMATA where SCHEMA_NAME LIKE 'b2hbqaai8d5tyfpljuoi%' ORDER BY SCHEMA_NAME='b2hbqaai8d5tyfpljuoi' DESC,SCHEMA_NAME limit 1[0m

2025/10/06 12:47:44 [32m/Users/jhafetcanepa/Documents/tesis_titulacion/back_usuarios/config/database.go:62 [33mSLOW SQL >= 200ms
[0m[31;1m[435.711ms] [33m[rows:-][35m SELECT * FROM `biometric_credentials` LIMIT 1[0m

2025/10/06 12:47:45 [32m/Users/jhafetcanepa/Documents/tesis_titulacion/back_usuarios/config/database.go:62 [33mSLOW SQL >= 200ms
[0m[31;1m[429.723ms] [33m[rows:-][35m SELECT column_name, column_default, is_nullable = 'YES', data_type, character_maximum_length, column_type, column_key, extra, column_comment, numeric_precision, numeric_scale , datetime_precision FROM information_schema.columns WHERE table_schema = 'b2hbqaai8d5tyfpljuoi' AND table_name = 'biometric_credentials' ORDER BY ORDINAL_POSITION[0m

2025/10/06 12:47:45 [32m [33mSLOW SQL >= 200ms
[0m[31;1m[249.193ms] [33m[rows:-][35m SELECT DATABASE()[0m

2025/10/06 12:47:45 [32m [33mSLOW SQL >= 200ms
[0m[31;1m[547.604ms] [33m[rows:1][35m SELECT SCHEMA_NAME from Information_schema.SCHEMATA where SCHEMA_NAME LIKE 'b2hbqaai8d5tyfpljuoi%' ORDER BY SCHEMA_NAME='b2hbqaai8d5tyfpljuoi' DESC,SCHEMA_NAME limit 1[0m

2025/10/06 12:47:46 [32m/Users/jhafetcanepa/Documents/tesis_titulacion/back_usuarios/config/database.go:62 [33mSLOW SQL >= 200ms
[0m[31;1m[435.007ms] [33m[rows:3][35m 
SELECT
	TABLE_NAME,
	COLUMN_NAME,
	INDEX_NAME,
	NON_UNIQUE 
FROM
	information_schema.STATISTICS 
WHERE
	TABLE_SCHEMA = 'b2hbqaai8d5tyfpljuoi' 
	AND TABLE_NAME = 'biometric_credentials' 
ORDER BY
	INDEX_NAME,
	SEQ_IN_INDEX[0m

2025/10/06 12:47:46 [32m [33mSLOW SQL >= 200ms
[0m[31;1m[218.969ms] [33m[rows:-][35m SELECT DATABASE()[0m

2025/10/06 12:47:47 [32m [33mSLOW SQL >= 200ms
[0m[31;1m[596.435ms] [33m[rows:1][35m SELECT SCHEMA_NAME from Information_schema.SCHEMATA where SCHEMA_NAME LIKE 'b2hbqaai8d5tyfpljuoi%' ORDER BY SCHEMA_NAME='b2hbqaai8d5tyfpljuoi' DESC,SCHEMA_NAME limit 1[0m

2025/10/06 12:47:47 [32m [33mSLOW SQL >= 200ms
[0m[31;1m[434.294ms] [33m[rows:-][35m SELECT count(*) FROM INFORMATION_SCHEMA.table_constraints WHERE constraint_schema = 'b2hbqaai8d5tyfpljuoi' AND table_name = 'biometric_credentials' AND constraint_name = 'uni_biometric_credentials_credential_id'[0m

2025/10/06 12:47:47 [32m [33mSLOW SQL >= 200ms
[0m[31;1m[203.484ms] [33m[rows:-][35m SELECT DATABASE()[0m

2025/10/06 12:47:48 [32m [33mSLOW SQL >= 200ms
[0m[31;1m[564.811ms] [33m[rows:1][35m SELECT SCHEMA_NAME from Information_schema.SCHEMATA where SCHEMA_NAME LIKE 'b2hbqaai8d5tyfpljuoi%' ORDER BY SCHEMA_NAME='b2hbqaai8d5tyfpljuoi' DESC,SCHEMA_NAME limit 1[0m

2025/10/06 12:47:48 [32m [33mSLOW SQL >= 200ms
[0m[31;1m[431.154ms] [33m[rows:-][35m SELECT count(*) FROM information_schema.statistics WHERE table_schema = 'b2hbqaai8d5tyfpljuoi' AND table_name = 'biometric_credentials' AND index_name = 'idx_biometric_credentials_credential_id'[0m

2025/10/06 12:47:48 [32m/Users/jhafetcanepa/Documents/tesis_titulacion/back_usuarios/config/database.go:62 [33mSLOW SQL >= 200ms
[0m[31;1m[222.747ms] [33m[rows:-][35m SELECT DATABASE()[0m

2025/10/06 12:47:49 [32m/Users/jhafetcanepa/Documents/tesis_titulacion/back_usuarios/config/database.go:62 [33mSLOW SQL >= 200ms
[0m[31;1m[590.700ms] [33m[rows:1][35m SELECT SCHEMA_NAME from Information_schema.SCHEMATA where SCHEMA_NAME LIKE 'b2hbqaai8d5tyfpljuoi%' ORDER BY SCHEMA_NAME='b2hbqaai8d5tyfpljuoi' DESC,SCHEMA_NAME limit 1[0m

2025/10/06 12:47:50 [32m/Users/jhafetcanepa/Documents/tesis_titulacion/back_usuarios/config/database.go:62 [33mSLOW SQL >= 200ms
[0m[31;1m[438.388ms] [33m[rows:-][35m SELECT count(*) FROM information_schema.statistics WHERE table_schema = 'b2hbqaai8d5tyfpljuoi' AND table_name = 'biometric_credentials' AND index_name = 'idx_biometric_credentials_user_id'[0m

2025/10/06 12:47:50 [32m/Users/jhafetcanepa/Documents/tesis_titulacion/back_usuarios/config/database.go:62 [33mSLOW SQL >= 200ms
[0m[31;1m[228.894ms] [33m[rows:-][35m SELECT DATABASE()[0m

2025/10/06 12:47:50 [32m/Users/jhafetcanepa/Documents/tesis_titulacion/back_usuarios/config/database.go:62 [33mSLOW SQL >= 200ms
[0m[31;1m[553.695ms] [33m[rows:1][35m SELECT SCHEMA_NAME from Information_schema.SCHEMATA where SCHEMA_NAME LIKE 'b2hbqaai8d5tyfpljuoi%' ORDER BY SCHEMA_NAME='b2hbqaai8d5tyfpljuoi' DESC,SCHEMA_NAME limit 1[0m

2025/10/06 12:47:51 [32m/Users/jhafetcanepa/Documents/tesis_titulacion/back_usuarios/config/database.go:62 [33mSLOW SQL >= 200ms
[0m[31;1m[426.904ms] [33m[rows:-][35m SELECT count(*) FROM information_schema.statistics WHERE table_schema = 'b2hbqaai8d5tyfpljuoi' AND table_name = 'biometric_credentials' AND index_name = 'idx_biometric_credentials_credential_id'[0m

2025/10/06 12:47:51 [32m/Users/jhafetcanepa/Documents/tesis_titulacion/back_usuarios/config/database.go:62 [33mSLOW SQL >= 200ms
[0m[31;1m[231.572ms] [33m[rows:-][35m SELECT DATABASE()[0m

2025/10/06 12:47:52 [32m/Users/jhafetcanepa/Documents/tesis_titulacion/back_usuarios/config/database.go:62 [33mSLOW SQL >= 200ms
[0m[31;1m[576.560ms] [33m[rows:1][35m SELECT SCHEMA_NAME from Information_schema.SCHEMATA where SCHEMA_NAME LIKE 'b2hbqaai8d5tyfpljuoi%' ORDER BY SCHEMA_NAME='b2hbqaai8d5tyfpljuoi' DESC,SCHEMA_NAME limit 1[0m

2025/10/06 12:47:52 [32m/Users/jhafetcanepa/Documents/tesis_titulacion/back_usuarios/config/database.go:62 [33mSLOW SQL >= 200ms
[0m[31;1m[458.074ms] [33m[rows:-][35m SELECT count(*) FROM information_schema.tables WHERE table_schema = 'b2hbqaai8d5tyfpljuoi' AND table_name = 'user_device_ips' AND table_type = 'BASE TABLE'[0m

2025/10/06 12:47:52 [32m/Users/jhafetcanepa/Documents/tesis_titulacion/back_usuarios/config/database.go:62 [33mSLOW SQL >= 200ms
[0m[31;1m[209.151ms] [33m[rows:-][35m SELECT DATABASE()[0m

2025/10/06 12:47:53 [32m/Users/jhafetcanepa/Documents/tesis_titulacion/back_usuarios/config/database.go:62 [33mSLOW SQL >= 200ms
[0m[31;1m[574.389ms] [33m[rows:1][35m SELECT SCHEMA_NAME from Information_schema.SCHEMATA where SCHEMA_NAME LIKE 'b2hbqaai8d5tyfpljuoi%' ORDER BY SCHEMA_NAME='b2hbqaai8d5tyfpljuoi' DESC,SCHEMA_NAME limit 1[0m

2025/10/06 12:47:53 [32m/Users/jhafetcanepa/Documents/tesis_titulacion/back_usuarios/config/database.go:62 [33mSLOW SQL >= 200ms
[0m[31;1m[427.847ms] [33m[rows:-][35m SELECT * FROM `user_device_ips` LIMIT 1[0m

2025/10/06 12:47:54 [32m/Users/jhafetcanepa/Documents/tesis_titulacion/back_usuarios/config/database.go:62 [33mSLOW SQL >= 200ms
[0m[31;1m[445.105ms] [33m[rows:-][35m SELECT column_name, column_default, is_nullable = 'YES', data_type, character_maximum_length, column_type, column_key, extra, column_comment, numeric_precision, numeric_scale , datetime_precision FROM information_schema.columns WHERE table_schema = 'b2hbqaai8d5tyfpljuoi' AND table_name = 'user_device_ips' ORDER BY ORDINAL_POSITION[0m

2025/10/06 12:47:54 [32m/Users/jhafetcanepa/Documents/tesis_titulacion/back_usuarios/config/database.go:62 [33mSLOW SQL >= 200ms
[0m[31;1m[214.450ms] [33m[rows:-][35m SELECT DATABASE()[0m

2025/10/06 12:47:54 [32m/Users/jhafetcanepa/Documents/tesis_titulacion/back_usuarios/config/database.go:62 [33mSLOW SQL >= 200ms
[0m[31;1m[585.484ms] [33m[rows:1][35m SELECT SCHEMA_NAME from Information_schema.SCHEMATA where SCHEMA_NAME LIKE 'b2hbqaai8d5tyfpljuoi%' ORDER BY SCHEMA_NAME='b2hbqaai8d5tyfpljuoi' DESC,SCHEMA_NAME limit 1[0m

2025/10/06 12:47:55 [32m/Users/jhafetcanepa/Documents/tesis_titulacion/back_usuarios/config/database.go:62 [33mSLOW SQL >= 200ms
[0m[31;1m[477.274ms] [33m[rows:-][35m SELECT count(*) FROM information_schema.statistics WHERE table_schema = 'b2hbqaai8d5tyfpljuoi' AND table_name = 'user_device_ips' AND index_name = 'idx_user_device_ips_user_id'[0m

2025/10/06 12:47:55 [32m/Users/jhafetcanepa/Documents/tesis_titulacion/back_usuarios/config/database.go:62 [33mSLOW SQL >= 200ms
[0m[31;1m[216.244ms] [33m[rows:-][35m SELECT DATABASE()[0m

2025/10/06 12:47:56 [32m/Users/jhafetcanepa/Documents/tesis_titulacion/back_usuarios/config/database.go:62 [33mSLOW SQL >= 200ms
[0m[31;1m[581.990ms] [33m[rows:1][35m SELECT SCHEMA_NAME from Information_schema.SCHEMATA where SCHEMA_NAME LIKE 'b2hbqaai8d5tyfpljuoi%' ORDER BY SCHEMA_NAME='b2hbqaai8d5tyfpljuoi' DESC,SCHEMA_NAME limit 1[0m

2025/10/06 12:47:56 [32m/Users/jhafetcanepa/Documents/tesis_titulacion/back_usuarios/config/database.go:62 [33mSLOW SQL >= 200ms
[0m[31;1m[442.785ms] [33m[rows:-][35m SELECT count(*) FROM information_schema.tables WHERE table_schema = 'b2hbqaai8d5tyfpljuoi' AND table_name = 'login_histories' AND table_type = 'BASE TABLE'[0m

2025/10/06 12:47:56 [32m/Users/jhafetcanepa/Documents/tesis_titulacion/back_usuarios/config/database.go:62 [33mSLOW SQL >= 200ms
[0m[31;1m[220.894ms] [33m[rows:-][35m SELECT DATABASE()[0m

2025/10/06 12:47:57 [32m/Users/jhafetcanepa/Documents/tesis_titulacion/back_usuarios/config/database.go:62 [33mSLOW SQL >= 200ms
[0m[31;1m[567.130ms] [33m[rows:1][35m SELECT SCHEMA_NAME from Information_schema.SCHEMATA where SCHEMA_NAME LIKE 'b2hbqaai8d5tyfpljuoi%' ORDER BY SCHEMA_NAME='b2hbqaai8d5tyfpljuoi' DESC,SCHEMA_NAME limit 1[0m

2025/10/06 12:47:57 [32m/Users/jhafetcanepa/Documents/tesis_titulacion/back_usuarios/config/database.go:62 [33mSLOW SQL >= 200ms
[0m[31;1m[435.327ms] [33m[rows:-][35m SELECT * FROM `login_histories` LIMIT 1[0m

2025/10/06 12:47:58 [32m/Users/jhafetcanepa/Documents/tesis_titulacion/back_usuarios/config/database.go:62 [33mSLOW SQL >= 200ms
[0m[31;1m[458.051ms] [33m[rows:-][35m SELECT column_name, column_default, is_nullable = 'YES', data_type, character_maximum_length, column_type, column_key, extra, column_comment, numeric_precision, numeric_scale , datetime_precision FROM information_schema.columns WHERE table_schema = 'b2hbqaai8d5tyfpljuoi' AND table_name = 'login_histories' ORDER BY ORDINAL_POSITION[0m

2025/10/06 12:47:58 [32m/Users/jhafetcanepa/Documents/tesis_titulacion/back_usuarios/config/database.go:62 [33mSLOW SQL >= 200ms
[0m[31;1m[209.391ms] [33m[rows:-][35m SELECT DATABASE()[0m

2025/10/06 12:47:59 [32m/Users/jhafetcanepa/Documents/tesis_titulacion/back_usuarios/config/database.go:62 [33mSLOW SQL >= 200ms
[0m[31;1m[594.549ms] [33m[rows:1][35m SELECT SCHEMA_NAME from Information_schema.SCHEMATA where SCHEMA_NAME LIKE 'b2hbqaai8d5tyfpljuoi%' ORDER BY SCHEMA_NAME='b2hbqaai8d5tyfpljuoi' DESC,SCHEMA_NAME limit 1[0m

2025/10/06 12:47:59 [32m/Users/jhafetcanepa/Documents/tesis_titulacion/back_usuarios/config/database.go:62 [33mSLOW SQL >= 200ms
[0m[31;1m[435.830ms] [33m[rows:-][35m SELECT count(*) FROM information_schema.statistics WHERE table_schema = 'b2hbqaai8d5tyfpljuoi' AND table_name = 'login_histories' AND index_name = 'idx_login_histories_user_id'[0m

2025/10/06 12:47:59 [32m/Users/jhafetcanepa/Documents/tesis_titulacion/back_usuarios/config/database.go:62 [33mSLOW SQL >= 200ms
[0m[31;1m[219.272ms] [33m[rows:-][35m SELECT DATABASE()[0m

2025/10/06 12:48:00 [32m/Users/jhafetcanepa/Documents/tesis_titulacion/back_usuarios/config/database.go:62 [33mSLOW SQL >= 200ms
[0m[31;1m[634.649ms] [33m[rows:1][35m SELECT SCHEMA_NAME from Information_schema.SCHEMATA where SCHEMA_NAME LIKE 'b2hbqaai8d5tyfpljuoi%' ORDER BY SCHEMA_NAME='b2hbqaai8d5tyfpljuoi' DESC,SCHEMA_NAME limit 1[0m

2025/10/06 12:48:00 [32m/Users/jhafetcanepa/Documents/tesis_titulacion/back_usuarios/config/database.go:62 [33mSLOW SQL >= 200ms
[0m[31;1m[422.029ms] [33m[rows:-][35m SELECT count(*) FROM information_schema.statistics WHERE table_schema = 'b2hbqaai8d5tyfpljuoi' AND table_name = 'login_histories' AND index_name = 'idx_login_histories_created_at'[0m

2025/10/06 12:48:01 [32m/Users/jhafetcanepa/Documents/tesis_titulacion/back_usuarios/config/database.go:62 [33mSLOW SQL >= 200ms
[0m[31;1m[235.673ms] [33m[rows:-][35m SELECT DATABASE()[0m

2025/10/06 12:48:01 [32m/Users/jhafetcanepa/Documents/tesis_titulacion/back_usuarios/config/database.go:62 [33mSLOW SQL >= 200ms
[0m[31;1m[571.568ms] [33m[rows:1][35m SELECT SCHEMA_NAME from Information_schema.SCHEMATA where SCHEMA_NAME LIKE 'b2hbqaai8d5tyfpljuoi%' ORDER BY SCHEMA_NAME='b2hbqaai8d5tyfpljuoi' DESC,SCHEMA_NAME limit 1[0m

2025/10/06 12:48:02 [32m/Users/jhafetcanepa/Documents/tesis_titulacion/back_usuarios/config/database.go:62 [33mSLOW SQL >= 200ms
[0m[31;1m[451.031ms] [33m[rows:-][35m SELECT count(*) FROM information_schema.tables WHERE table_schema = 'b2hbqaai8d5tyfpljuoi' AND table_name = 'security_logs' AND table_type = 'BASE TABLE'[0m

2025/10/06 12:48:02 [32m/Users/jhafetcanepa/Documents/tesis_titulacion/back_usuarios/config/database.go:62 [33mSLOW SQL >= 200ms
[0m[31;1m[221.671ms] [33m[rows:-][35m SELECT DATABASE()[0m

2025/10/06 12:48:02 [32m/Users/jhafetcanepa/Documents/tesis_titulacion/back_usuarios/config/database.go:62 [33mSLOW SQL >= 200ms
[0m[31;1m[590.338ms] [33m[rows:1][35m SELECT SCHEMA_NAME from Information_schema.SCHEMATA where SCHEMA_NAME LIKE 'b2hbqaai8d5tyfpljuoi%' ORDER BY SCHEMA_NAME='b2hbqaai8d5tyfpljuoi' DESC,SCHEMA_NAME limit 1[0m

2025/10/06 12:48:03 [32m/Users/jhafetcanepa/Documents/tesis_titulacion/back_usuarios/config/database.go:62 [33mSLOW SQL >= 200ms
[0m[31;1m[448.610ms] [33m[rows:-][35m SELECT * FROM `security_logs` LIMIT 1[0m

2025/10/06 12:48:03 [32m/Users/jhafetcanepa/Documents/tesis_titulacion/back_usuarios/config/database.go:62 [33mSLOW SQL >= 200ms
[0m[31;1m[448.632ms] [33m[rows:-][35m SELECT column_name, column_default, is_nullable = 'YES', data_type, character_maximum_length, column_type, column_key, extra, column_comment, numeric_precision, numeric_scale , datetime_precision FROM information_schema.columns WHERE table_schema = 'b2hbqaai8d5tyfpljuoi' AND table_name = 'security_logs' ORDER BY ORDINAL_POSITION[0m

2025/10/06 12:48:04 [32m/Users/jhafetcanepa/Documents/tesis_titulacion/back_usuarios/config/database.go:62 [33mSLOW SQL >= 200ms
[0m[31;1m[214.641ms] [33m[rows:-][35m SELECT DATABASE()[0m

2025/10/06 12:48:04 [32m/Users/jhafetcanepa/Documents/tesis_titulacion/back_usuarios/config/database.go:62 [33mSLOW SQL >= 200ms
[0m[31;1m[562.243ms] [33m[rows:1][35m SELECT SCHEMA_NAME from Information_schema.SCHEMATA where SCHEMA_NAME LIKE 'b2hbqaai8d5tyfpljuoi%' ORDER BY SCHEMA_NAME='b2hbqaai8d5tyfpljuoi' DESC,SCHEMA_NAME limit 1[0m

2025/10/06 12:48:05 [32m/Users/jhafetcanepa/Documents/tesis_titulacion/back_usuarios/config/database.go:62 [33mSLOW SQL >= 200ms
[0m[31;1m[465.101ms] [33m[rows:-][35m SELECT count(*) FROM information_schema.statistics WHERE table_schema = 'b2hbqaai8d5tyfpljuoi' AND table_name = 'security_logs' AND index_name = 'idx_security_logs_ip_address'[0m

2025/10/06 12:48:05 [32m/Users/jhafetcanepa/Documents/tesis_titulacion/back_usuarios/config/database.go:62 [33mSLOW SQL >= 200ms
[0m[31;1m[203.868ms] [33m[rows:-][35m SELECT DATABASE()[0m

2025/10/06 12:48:05 [32m/Users/jhafetcanepa/Documents/tesis_titulacion/back_usuarios/config/database.go:62 [33mSLOW SQL >= 200ms
[0m[31;1m[570.647ms] [33m[rows:1][35m SELECT SCHEMA_NAME from Information_schema.SCHEMATA where SCHEMA_NAME LIKE 'b2hbqaai8d5tyfpljuoi%' ORDER BY SCHEMA_NAME='b2hbqaai8d5tyfpljuoi' DESC,SCHEMA_NAME limit 1[0m

2025/10/06 12:48:06 [32m/Users/jhafetcanepa/Documents/tesis_titulacion/back_usuarios/config/database.go:62 [33mSLOW SQL >= 200ms
[0m[31;1m[443.646ms] [33m[rows:-][35m SELECT count(*) FROM information_schema.statistics WHERE table_schema = 'b2hbqaai8d5tyfpljuoi' AND table_name = 'security_logs' AND index_name = 'idx_security_logs_created_at'[0m

2025/10/06 12:48:06 [32m/Users/jhafetcanepa/Documents/tesis_titulacion/back_usuarios/config/database.go:62 [33mSLOW SQL >= 200ms
[0m[31;1m[219.786ms] [33m[rows:-][35m SELECT DATABASE()[0m

2025/10/06 12:48:07 [32m/Users/jhafetcanepa/Documents/tesis_titulacion/back_usuarios/config/database.go:62 [33mSLOW SQL >= 200ms
[0m[31;1m[572.507ms] [33m[rows:1][35m SELECT SCHEMA_NAME from Information_schema.SCHEMATA where SCHEMA_NAME LIKE 'b2hbqaai8d5tyfpljuoi%' ORDER BY SCHEMA_NAME='b2hbqaai8d5tyfpljuoi' DESC,SCHEMA_NAME limit 1[0m

2025/10/06 12:48:07 [32m/Users/jhafetcanepa/Documents/tesis_titulacion/back_usuarios/config/database.go:62 [33mSLOW SQL >= 200ms
[0m[31;1m[439.232ms] [33m[rows:-][35m SELECT count(*) FROM information_schema.statistics WHERE table_schema = 'b2hbqaai8d5tyfpljuoi' AND table_name = 'security_logs' AND index_name = 'idx_security_logs_event_type'[0m

2025/10/06 12:48:07 [32m/Users/jhafetcanepa/Documents/tesis_titulacion/back_usuarios/config/database.go:62 [33mSLOW SQL >= 200ms
[0m[31;1m[202.354ms] [33m[rows:-][35m SELECT DATABASE()[0m

2025/10/06 12:48:08 [32m/Users/jhafetcanepa/Documents/tesis_titulacion/back_usuarios/config/database.go:62 [33mSLOW SQL >= 200ms
[0m[31;1m[566.277ms] [33m[rows:1][35m SELECT SCHEMA_NAME from Information_schema.SCHEMATA where SCHEMA_NAME LIKE 'b2hbqaai8d5tyfpljuoi%' ORDER BY SCHEMA_NAME='b2hbqaai8d5tyfpljuoi' DESC,SCHEMA_NAME limit 1[0m

2025/10/06 12:48:08 [32m/Users/jhafetcanepa/Documents/tesis_titulacion/back_usuarios/config/database.go:62 [33mSLOW SQL >= 200ms
[0m[31;1m[524.591ms] [33m[rows:-][35m SELECT count(*) FROM information_schema.statistics WHERE table_schema = 'b2hbqaai8d5tyfpljuoi' AND table_name = 'security_logs' AND index_name = 'idx_security_logs_username'[0m

2025/10/06 12:48:09 [32m/Users/jhafetcanepa/Documents/tesis_titulacion/back_usuarios/config/database.go:62 [33mSLOW SQL >= 200ms
[0m[31;1m[225.403ms] [33m[rows:-][35m SELECT DATABASE()[0m

2025/10/06 12:48:09 [32m/Users/jhafetcanepa/Documents/tesis_titulacion/back_usuarios/config/database.go:62 [33mSLOW SQL >= 200ms
[0m[31;1m[753.212ms] [33m[rows:1][35m SELECT SCHEMA_NAME from Information_schema.SCHEMATA where SCHEMA_NAME LIKE 'b2hbqaai8d5tyfpljuoi%' ORDER BY SCHEMA_NAME='b2hbqaai8d5tyfpljuoi' DESC,SCHEMA_NAME limit 1[0m

2025/10/06 12:48:10 [32m/Users/jhafetcanepa/Documents/tesis_titulacion/back_usuarios/config/database.go:62 [33mSLOW SQL >= 200ms
[0m[31;1m[458.426ms] [33m[rows:-][35m SELECT count(*) FROM information_schema.tables WHERE table_schema = 'b2hbqaai8d5tyfpljuoi' AND table_name = 'password_histories' AND table_type = 'BASE TABLE'[0m

2025/10/06 12:48:10 [32m/Users/jhafetcanepa/Documents/tesis_titulacion/back_usuarios/config/database.go:62 [33mSLOW SQL >= 200ms
[0m[31;1m[219.416ms] [33m[rows:-][35m SELECT DATABASE()[0m

2025/10/06 12:48:11 [32m/Users/jhafetcanepa/Documents/tesis_titulacion/back_usuarios/config/database.go:62 [33mSLOW SQL >= 200ms
[0m[31;1m[552.676ms] [33m[rows:1][35m SELECT SCHEMA_NAME from Information_schema.SCHEMATA where SCHEMA_NAME LIKE 'b2hbqaai8d5tyfpljuoi%' ORDER BY SCHEMA_NAME='b2hbqaai8d5tyfpljuoi' DESC,SCHEMA_NAME limit 1[0m

2025/10/06 12:48:11 [32m/Users/jhafetcanepa/Documents/tesis_titulacion/back_usuarios/config/database.go:62 [33mSLOW SQL >= 200ms
[0m[31;1m[452.097ms] [33m[rows:-][35m SELECT * FROM `password_histories` LIMIT 1[0m

2025/10/06 12:48:11 [32m/Users/jhafetcanepa/Documents/tesis_titulacion/back_usuarios/config/database.go:62 [33mSLOW SQL >= 200ms
[0m[31;1m[444.008ms] [33m[rows:-][35m SELECT column_name, column_default, is_nullable = 'YES', data_type, character_maximum_length, column_type, column_key, extra, column_comment, numeric_precision, numeric_scale , datetime_precision FROM information_schema.columns WHERE table_schema = 'b2hbqaai8d5tyfpljuoi' AND table_name = 'password_histories' ORDER BY ORDINAL_POSITION[0m

2025/10/06 12:48:12 [32m/Users/jhafetcanepa/Documents/tesis_titulacion/back_usuarios/config/database.go:62 [33mSLOW SQL >= 200ms
[0m[31;1m[219.862ms] [33m[rows:-][35m SELECT DATABASE()[0m

2025/10/06 12:48:12 [32m/Users/jhafetcanepa/Documents/tesis_titulacion/back_usuarios/config/database.go:62 [33mSLOW SQL >= 200ms
[0m[31;1m[638.309ms] [33m[rows:1][35m SELECT SCHEMA_NAME from Information_schema.SCHEMATA where SCHEMA_NAME LIKE 'b2hbqaai8d5tyfpljuoi%' ORDER BY SCHEMA_NAME='b2hbqaai8d5tyfpljuoi' DESC,SCHEMA_NAME limit 1[0m

2025/10/06 12:48:13 [32m/Users/jhafetcanepa/Documents/tesis_titulacion/back_usuarios/config/database.go:62 [33mSLOW SQL >= 200ms
[0m[31;1m[441.952ms] [33m[rows:-][35m SELECT count(*) FROM information_schema.statistics WHERE table_schema = 'b2hbqaai8d5tyfpljuoi' AND table_name = 'password_histories' AND index_name = 'idx_password_histories_user_id'[0m

2025/10/06 12:48:13 [32m/Users/jhafetcanepa/Documents/tesis_titulacion/back_usuarios/config/database.go:62 [33mSLOW SQL >= 200ms
[0m[31;1m[248.570ms] [33m[rows:-][35m SELECT DATABASE()[0m

2025/10/06 12:48:14 [32m/Users/jhafetcanepa/Documents/tesis_titulacion/back_usuarios/config/database.go:62 [33mSLOW SQL >= 200ms
[0m[31;1m[552.351ms] [33m[rows:1][35m SELECT SCHEMA_NAME from Information_schema.SCHEMATA where SCHEMA_NAME LIKE 'b2hbqaai8d5tyfpljuoi%' ORDER BY SCHEMA_NAME='b2hbqaai8d5tyfpljuoi' DESC,SCHEMA_NAME limit 1[0m

2025/10/06 12:48:14 [32m/Users/jhafetcanepa/Documents/tesis_titulacion/back_usuarios/config/database.go:62 [33mSLOW SQL >= 200ms
[0m[31;1m[457.475ms] [33m[rows:-][35m SELECT count(*) FROM information_schema.statistics WHERE table_schema = 'b2hbqaai8d5tyfpljuoi' AND table_name = 'password_histories' AND index_name = 'idx_password_histories_changed_by'[0m

2025/10/06 12:48:14 [32m/Users/jhafetcanepa/Documents/tesis_titulacion/back_usuarios/config/database.go:62 [33mSLOW SQL >= 200ms
[0m[31;1m[222.102ms] [33m[rows:-][35m SELECT DATABASE()[0m

2025/10/06 12:48:15 [32m/Users/jhafetcanepa/Documents/tesis_titulacion/back_usuarios/config/database.go:62 [33mSLOW SQL >= 200ms
[0m[31;1m[618.863ms] [33m[rows:1][35m SELECT SCHEMA_NAME from Information_schema.SCHEMATA where SCHEMA_NAME LIKE 'b2hbqaai8d5tyfpljuoi%' ORDER BY SCHEMA_NAME='b2hbqaai8d5tyfpljuoi' DESC,SCHEMA_NAME limit 1[0m

2025/10/06 12:48:15 [32m/Users/jhafetcanepa/Documents/tesis_titulacion/back_usuarios/config/database.go:62 [33mSLOW SQL >= 200ms
[0m[31;1m[484.859ms] [33m[rows:-][35m SELECT count(*) FROM information_schema.statistics WHERE table_schema = 'b2hbqaai8d5tyfpljuoi' AND table_name = 'password_histories' AND index_name = 'idx_password_histories_created_at'[0m

2025/10/06 12:48:16 [32m/Users/jhafetcanepa/Documents/tesis_titulacion/back_usuarios/config/database.go:62 [33mSLOW SQL >= 200ms
[0m[31;1m[218.088ms] [33m[rows:-][35m SELECT DATABASE()[0m

2025/10/06 12:48:16 [32m/Users/jhafetcanepa/Documents/tesis_titulacion/back_usuarios/config/database.go:62 [33mSLOW SQL >= 200ms
[0m[31;1m[555.458ms] [33m[rows:1][35m SELECT SCHEMA_NAME from Information_schema.SCHEMATA where SCHEMA_NAME LIKE 'b2hbqaai8d5tyfpljuoi%' ORDER BY SCHEMA_NAME='b2hbqaai8d5tyfpljuoi' DESC,SCHEMA_NAME limit 1[0m

2025/10/06 12:48:17 [32m/Users/jhafetcanepa/Documents/tesis_titulacion/back_usuarios/config/database.go:62 [33mSLOW SQL >= 200ms
[0m[31;1m[429.475ms] [33m[rows:-][35m SELECT count(*) FROM information_schema.tables WHERE table_schema = 'b2hbqaai8d5tyfpljuoi' AND table_name = 'otps' AND table_type = 'BASE TABLE'[0m

2025/10/06 12:48:17 [32m/Users/jhafetcanepa/Documents/tesis_titulacion/back_usuarios/config/database.go:62 [33mSLOW SQL >= 200ms
[0m[31;1m[221.956ms] [33m[rows:-][35m SELECT DATABASE()[0m

2025/10/06 12:48:17 [32m/Users/jhafetcanepa/Documents/tesis_titulacion/back_usuarios/config/database.go:62 [33mSLOW SQL >= 200ms
[0m[31;1m[607.928ms] [33m[rows:1][35m SELECT SCHEMA_NAME from Information_schema.SCHEMATA where SCHEMA_NAME LIKE 'b2hbqaai8d5tyfpljuoi%' ORDER BY SCHEMA_NAME='b2hbqaai8d5tyfpljuoi' DESC,SCHEMA_NAME limit 1[0m

2025/10/06 12:48:18 [32m/Users/jhafetcanepa/Documents/tesis_titulacion/back_usuarios/config/database.go:62 [33mSLOW SQL >= 200ms
[0m[31;1m[676.307ms] [33m[rows:-][35m SELECT * FROM `otps` LIMIT 1[0m

2025/10/06 12:48:19 [32m/Users/jhafetcanepa/Documents/tesis_titulacion/back_usuarios/config/database.go:62 [33mSLOW SQL >= 200ms
[0m[31;1m[744.663ms] [33m[rows:-][35m SELECT column_name, column_default, is_nullable = 'YES', data_type, character_maximum_length, column_type, column_key, extra, column_comment, numeric_precision, numeric_scale , datetime_precision FROM information_schema.columns WHERE table_schema = 'b2hbqaai8d5tyfpljuoi' AND table_name = 'otps' ORDER BY ORDINAL_POSITION[0m

2025/10/06 12:48:19 [32m/Users/jhafetcanepa/Documents/tesis_titulacion/back_usuarios/config/database.go:62 [33mSLOW SQL >= 200ms
[0m[31;1m[247.603ms] [33m[rows:-][35m SELECT DATABASE()[0m

2025/10/06 12:48:20 [32m/Users/jhafetcanepa/Documents/tesis_titulacion/back_usuarios/config/database.go:62 [33mSLOW SQL >= 200ms
[0m[31;1m[610.919ms] [33m[rows:1][35m SELECT SCHEMA_NAME from Information_schema.SCHEMATA where SCHEMA_NAME LIKE 'b2hbqaai8d5tyfpljuoi%' ORDER BY SCHEMA_NAME='b2hbqaai8d5tyfpljuoi' DESC,SCHEMA_NAME limit 1[0m

2025/10/06 12:48:20 [32m/Users/jhafetcanepa/Documents/tesis_titulacion/back_usuarios/config/database.go:62 [33mSLOW SQL >= 200ms
[0m[31;1m[762.193ms] [33m[rows:-][35m SELECT count(*) FROM information_schema.tables WHERE table_schema = 'b2hbqaai8d5tyfpljuoi' AND table_name = 'otp_resends' AND table_type = 'BASE TABLE'[0m

2025/10/06 12:48:21 [32m/Users/jhafetcanepa/Documents/tesis_titulacion/back_usuarios/config/database.go:62 [33mSLOW SQL >= 200ms
[0m[31;1m[239.653ms] [33m[rows:-][35m SELECT DATABASE()[0m

2025/10/06 12:48:21 [32m/Users/jhafetcanepa/Documents/tesis_titulacion/back_usuarios/config/database.go:62 [33mSLOW SQL >= 200ms
[0m[31;1m[575.655ms] [33m[rows:1][35m SELECT SCHEMA_NAME from Information_schema.SCHEMATA where SCHEMA_NAME LIKE 'b2hbqaai8d5tyfpljuoi%' ORDER BY SCHEMA_NAME='b2hbqaai8d5tyfpljuoi' DESC,SCHEMA_NAME limit 1[0m

2025/10/06 12:48:22 [32m/Users/jhafetcanepa/Documents/tesis_titulacion/back_usuarios/config/database.go:62 [33mSLOW SQL >= 200ms
[0m[31;1m[420.563ms] [33m[rows:-][35m SELECT * FROM `otp_resends` LIMIT 1[0m

2025/10/06 12:48:22 [32m/Users/jhafetcanepa/Documents/tesis_titulacion/back_usuarios/config/database.go:62 [33mSLOW SQL >= 200ms
[0m[31;1m[460.787ms] [33m[rows:-][35m SELECT column_name, column_default, is_nullable = 'YES', data_type, character_maximum_length, column_type, column_key, extra, column_comment, numeric_precision, numeric_scale , datetime_precision FROM information_schema.columns WHERE table_schema = 'b2hbqaai8d5tyfpljuoi' AND table_name = 'otp_resends' ORDER BY ORDINAL_POSITION[0m

2025/10/06 12:48:22 [32m/Users/jhafetcanepa/Documents/tesis_titulacion/back_usuarios/config/database.go:62 [33mSLOW SQL >= 200ms
[0m[31;1m[208.763ms] [33m[rows:-][35m SELECT DATABASE()[0m

2025/10/06 12:48:23 [32m/Users/jhafetcanepa/Documents/tesis_titulacion/back_usuarios/config/database.go:62 [33mSLOW SQL >= 200ms
[0m[31;1m[548.137ms] [33m[rows:1][35m SELECT SCHEMA_NAME from Information_schema.SCHEMATA where SCHEMA_NAME LIKE 'b2hbqaai8d5tyfpljuoi%' ORDER BY SCHEMA_NAME='b2hbqaai8d5tyfpljuoi' DESC,SCHEMA_NAME limit 1[0m

2025/10/06 12:48:23 [32m/Users/jhafetcanepa/Documents/tesis_titulacion/back_usuarios/config/database.go:62 [33mSLOW SQL >= 200ms
[0m[31;1m[426.824ms] [33m[rows:-][35m SELECT count(*) FROM information_schema.tables WHERE table_schema = 'b2hbqaai8d5tyfpljuoi' AND table_name = 'user_relationships' AND table_type = 'BASE TABLE'[0m

2025/10/06 12:48:23 [32m/Users/jhafetcanepa/Documents/tesis_titulacion/back_usuarios/config/database.go:62 [33mSLOW SQL >= 200ms
[0m[31;1m[213.622ms] [33m[rows:-][35m SELECT DATABASE()[0m

2025/10/06 12:48:24 [32m/Users/jhafetcanepa/Documents/tesis_titulacion/back_usuarios/config/database.go:62 [33mSLOW SQL >= 200ms
[0m[31;1m[905.641ms] [33m[rows:1][35m SELECT SCHEMA_NAME from Information_schema.SCHEMATA where SCHEMA_NAME LIKE 'b2hbqaai8d5tyfpljuoi%' ORDER BY SCHEMA_NAME='b2hbqaai8d5tyfpljuoi' DESC,SCHEMA_NAME limit 1[0m

2025/10/06 12:48:25 [32m/Users/jhafetcanepa/Documents/tesis_titulacion/back_usuarios/config/database.go:62 [33mSLOW SQL >= 200ms
[0m[31;1m[468.223ms] [33m[rows:-][35m SELECT * FROM `user_relationships` LIMIT 1[0m

2025/10/06 12:48:25 [32m/Users/jhafetcanepa/Documents/tesis_titulacion/back_usuarios/config/database.go:62 [33mSLOW SQL >= 200ms
[0m[31;1m[516.102ms] [33m[rows:-][35m SELECT column_name, column_default, is_nullable = 'YES', data_type, character_maximum_length, column_type, column_key, extra, column_comment, numeric_precision, numeric_scale , datetime_precision FROM information_schema.columns WHERE table_schema = 'b2hbqaai8d5tyfpljuoi' AND table_name = 'user_relationships' ORDER BY ORDINAL_POSITION[0m

2025/10/06 12:48:26 [32m/Users/jhafetcanepa/Documents/tesis_titulacion/back_usuarios/config/database.go:62 [33mSLOW SQL >= 200ms
[0m[31;1m[493.812ms] [33m[rows:-][35m SELECT DATABASE()[0m

2025/10/06 12:48:27 [32m/Users/jhafetcanepa/Documents/tesis_titulacion/back_usuarios/config/database.go:62 [33mSLOW SQL >= 200ms
[0m[31;1m[724.655ms] [33m[rows:1][35m SELECT SCHEMA_NAME from Information_schema.SCHEMATA where SCHEMA_NAME LIKE 'b2hbqaai8d5tyfpljuoi%' ORDER BY SCHEMA_NAME='b2hbqaai8d5tyfpljuoi' DESC,SCHEMA_NAME limit 1[0m

2025/10/06 12:48:27 [32m/Users/jhafetcanepa/Documents/tesis_titulacion/back_usuarios/config/database.go:62 [33mSLOW SQL >= 200ms
[0m[31;1m[430.579ms] [33m[rows:-][35m SELECT count(*) FROM information_schema.statistics WHERE table_schema = 'b2hbqaai8d5tyfpljuoi' AND table_name = 'user_relationships' AND index_name = 'idx_parent_child'[0m

2025/10/06 12:48:27 [32m/Users/jhafetcanepa/Documents/tesis_titulacion/back_usuarios/config/database.go:62 [33mSLOW SQL >= 200ms
[0m[31;1m[218.060ms] [33m[rows:-][35m SELECT DATABASE()[0m

2025/10/06 12:48:28 [32m/Users/jhafetcanepa/Documents/tesis_titulacion/back_usuarios/config/database.go:62 [33mSLOW SQL >= 200ms
[0m[31;1m[552.162ms] [33m[rows:1][35m SELECT SCHEMA_NAME from Information_schema.SCHEMATA where SCHEMA_NAME LIKE 'b2hbqaai8d5tyfpljuoi%' ORDER BY SCHEMA_NAME='b2hbqaai8d5tyfpljuoi' DESC,SCHEMA_NAME limit 1[0m

2025/10/06 12:48:28 [32m/Users/jhafetcanepa/Documents/tesis_titulacion/back_usuarios/config/database.go:62 [33mSLOW SQL >= 200ms
[0m[31;1m[490.293ms] [33m[rows:-][35m SELECT count(*) FROM information_schema.tables WHERE table_schema = 'b2hbqaai8d5tyfpljuoi' AND table_name = 'photo_changes' AND table_type = 'BASE TABLE'[0m

2025/10/06 12:48:29 [32m/Users/jhafetcanepa/Documents/tesis_titulacion/back_usuarios/config/database.go:62 [33mSLOW SQL >= 200ms
[0m[31;1m[241.112ms] [33m[rows:-][35m SELECT DATABASE()[0m

2025/10/06 12:48:29 [32m/Users/jhafetcanepa/Documents/tesis_titulacion/back_usuarios/config/database.go:62 [33mSLOW SQL >= 200ms
[0m[31;1m[568.606ms] [33m[rows:1][35m SELECT SCHEMA_NAME from Information_schema.SCHEMATA where SCHEMA_NAME LIKE 'b2hbqaai8d5tyfpljuoi%' ORDER BY SCHEMA_NAME='b2hbqaai8d5tyfpljuoi' DESC,SCHEMA_NAME limit 1[0m

2025/10/06 12:48:30 [32m/Users/jhafetcanepa/Documents/tesis_titulacion/back_usuarios/config/database.go:62 [33mSLOW SQL >= 200ms
[0m[31;1m[459.994ms] [33m[rows:-][35m SELECT * FROM `photo_changes` LIMIT 1[0m

2025/10/06 12:48:32 [32m/Users/jhafetcanepa/Documents/tesis_titulacion/back_usuarios/config/database.go:62 [33mSLOW SQL >= 200ms
[0m[31;1m[438.973ms] [33m[rows:-][35m SELECT column_name, column_default, is_nullable = 'YES', data_type, character_maximum_length, column_type, column_key, extra, column_comment, numeric_precision, numeric_scale , datetime_precision FROM information_schema.columns WHERE table_schema = 'b2hbqaai8d5tyfpljuoi' AND table_name = 'photo_changes' ORDER BY ORDINAL_POSITION[0m

2025/10/06 12:48:32 [32m/Users/jhafetcanepa/Documents/tesis_titulacion/back_usuarios/config/database.go:62 [33mSLOW SQL >= 200ms
[0m[31;1m[265.088ms] [33m[rows:-][35m SELECT DATABASE()[0m

2025/10/06 12:48:32 [32m/Users/jhafetcanepa/Documents/tesis_titulacion/back_usuarios/config/database.go:62 [33mSLOW SQL >= 200ms
[0m[31;1m[549.336ms] [33m[rows:1][35m SELECT SCHEMA_NAME from Information_schema.SCHEMATA where SCHEMA_NAME LIKE 'b2hbqaai8d5tyfpljuoi%' ORDER BY SCHEMA_NAME='b2hbqaai8d5tyfpljuoi' DESC,SCHEMA_NAME limit 1[0m

2025/10/06 12:48:33 [32m/Users/jhafetcanepa/Documents/tesis_titulacion/back_usuarios/config/database.go:62 [33mSLOW SQL >= 200ms
[0m[31;1m[433.984ms] [33m[rows:-][35m SELECT count(*) FROM information_schema.statistics WHERE table_schema = 'b2hbqaai8d5tyfpljuoi' AND table_name = 'photo_changes' AND index_name = 'idx_photo_changes_user_id'[0m

2025/10/06 12:48:33 [32m/Users/jhafetcanepa/Documents/tesis_titulacion/back_usuarios/config/database.go:62 [33mSLOW SQL >= 200ms
[0m[31;1m[201.708ms] [33m[rows:-][35m SELECT DATABASE()[0m

2025/10/06 12:48:34 [32m/Users/jhafetcanepa/Documents/tesis_titulacion/back_usuarios/config/database.go:62 [33mSLOW SQL >= 200ms
[0m[31;1m[540.403ms] [33m[rows:1][35m SELECT SCHEMA_NAME from Information_schema.SCHEMATA where SCHEMA_NAME LIKE 'b2hbqaai8d5tyfpljuoi%' ORDER BY SCHEMA_NAME='b2hbqaai8d5tyfpljuoi' DESC,SCHEMA_NAME limit 1[0m

2025/10/06 12:48:34 [32m/Users/jhafetcanepa/Documents/tesis_titulacion/back_usuarios/config/database.go:62 [33mSLOW SQL >= 200ms
[0m[31;1m[448.891ms] [33m[rows:-][35m SELECT count(*) FROM information_schema.statistics WHERE table_schema = 'b2hbqaai8d5tyfpljuoi' AND table_name = 'photo_changes' AND index_name = 'idx_photo_changes_changed_at'[0m

2025/10/06 12:48:34 [32m/Users/jhafetcanepa/Documents/tesis_titulacion/back_usuarios/config/database.go:62 [33mSLOW SQL >= 200ms
[0m[31;1m[276.706ms] [33m[rows:-][35m SELECT DATABASE()[0m

2025/10/06 12:48:35 [32m/Users/jhafetcanepa/Documents/tesis_titulacion/back_usuarios/config/database.go:62 [33mSLOW SQL >= 200ms
[0m[31;1m[640.885ms] [33m[rows:1][35m SELECT SCHEMA_NAME from Information_schema.SCHEMATA where SCHEMA_NAME LIKE 'b2hbqaai8d5tyfpljuoi%' ORDER BY SCHEMA_NAME='b2hbqaai8d5tyfpljuoi' DESC,SCHEMA_NAME limit 1[0m

2025/10/06 12:48:35 [32m/Users/jhafetcanepa/Documents/tesis_titulacion/back_usuarios/config/database.go:62 [33mSLOW SQL >= 200ms
[0m[31;1m[436.272ms] [33m[rows:-][35m SELECT count(*) FROM information_schema.tables WHERE table_schema = 'b2hbqaai8d5tyfpljuoi' AND table_name = 'banner_changes' AND table_type = 'BASE TABLE'[0m

2025/10/06 12:48:36 [32m/Users/jhafetcanepa/Documents/tesis_titulacion/back_usuarios/config/database.go:62 [33mSLOW SQL >= 200ms
[0m[31;1m[210.187ms] [33m[rows:-][35m SELECT DATABASE()[0m

2025/10/06 12:48:36 [32m/Users/jhafetcanepa/Documents/tesis_titulacion/back_usuarios/config/database.go:62 [33mSLOW SQL >= 200ms
[0m[31;1m[550.329ms] [33m[rows:1][35m SELECT SCHEMA_NAME from Information_schema.SCHEMATA where SCHEMA_NAME LIKE 'b2hbqaai8d5tyfpljuoi%' ORDER BY SCHEMA_NAME='b2hbqaai8d5tyfpljuoi' DESC,SCHEMA_NAME limit 1[0m

2025/10/06 12:48:37 [32m/Users/jhafetcanepa/Documents/tesis_titulacion/back_usuarios/config/database.go:62 [33mSLOW SQL >= 200ms
[0m[31;1m[422.896ms] [33m[rows:-][35m SELECT * FROM `banner_changes` LIMIT 1[0m

2025/10/06 12:48:37 [32m/Users/jhafetcanepa/Documents/tesis_titulacion/back_usuarios/config/database.go:62 [33mSLOW SQL >= 200ms
[0m[31;1m[447.031ms] [33m[rows:-][35m SELECT column_name, column_default, is_nullable = 'YES', data_type, character_maximum_length, column_type, column_key, extra, column_comment, numeric_precision, numeric_scale , datetime_precision FROM information_schema.columns WHERE table_schema = 'b2hbqaai8d5tyfpljuoi' AND table_name = 'banner_changes' ORDER BY ORDINAL_POSITION[0m

2025/10/06 12:48:37 [32m/Users/jhafetcanepa/Documents/tesis_titulacion/back_usuarios/config/database.go:62 [33mSLOW SQL >= 200ms
[0m[31;1m[215.589ms] [33m[rows:-][35m SELECT DATABASE()[0m

2025/10/06 12:48:38 [32m/Users/jhafetcanepa/Documents/tesis_titulacion/back_usuarios/config/database.go:62 [33mSLOW SQL >= 200ms
[0m[31;1m[587.724ms] [33m[rows:1][35m SELECT SCHEMA_NAME from Information_schema.SCHEMATA where SCHEMA_NAME LIKE 'b2hbqaai8d5tyfpljuoi%' ORDER BY SCHEMA_NAME='b2hbqaai8d5tyfpljuoi' DESC,SCHEMA_NAME limit 1[0m

2025/10/06 12:48:38 [32m/Users/jhafetcanepa/Documents/tesis_titulacion/back_usuarios/config/database.go:62 [33mSLOW SQL >= 200ms
[0m[31;1m[439.160ms] [33m[rows:-][35m SELECT count(*) FROM information_schema.statistics WHERE table_schema = 'b2hbqaai8d5tyfpljuoi' AND table_name = 'banner_changes' AND index_name = 'idx_banner_changes_user_id'[0m

2025/10/06 12:48:39 [32m/Users/jhafetcanepa/Documents/tesis_titulacion/back_usuarios/config/database.go:62 [33mSLOW SQL >= 200ms
[0m[31;1m[224.690ms] [33m[rows:-][35m SELECT DATABASE()[0m

2025/10/06 12:48:39 [32m/Users/jhafetcanepa/Documents/tesis_titulacion/back_usuarios/config/database.go:62 [33mSLOW SQL >= 200ms
[0m[31;1m[857.610ms] [33m[rows:1][35m SELECT SCHEMA_NAME from Information_schema.SCHEMATA where SCHEMA_NAME LIKE 'b2hbqaai8d5tyfpljuoi%' ORDER BY SCHEMA_NAME='b2hbqaai8d5tyfpljuoi' DESC,SCHEMA_NAME limit 1[0m

2025/10/06 12:48:40 [32m/Users/jhafetcanepa/Documents/tesis_titulacion/back_usuarios/config/database.go:62 [33mSLOW SQL >= 200ms
[0m[31;1m[431.712ms] [33m[rows:-][35m SELECT count(*) FROM information_schema.statistics WHERE table_schema = 'b2hbqaai8d5tyfpljuoi' AND table_name = 'banner_changes' AND index_name = 'idx_banner_changes_changed_at'[0m

2025/10/06 12:48:40 [32m/Users/jhafetcanepa/Documents/tesis_titulacion/back_usuarios/config/database.go:62 [33mSLOW SQL >= 200ms
[0m[31;1m[216.895ms] [33m[rows:-][35m SELECT DATABASE()[0m

2025/10/06 12:48:41 [32m/Users/jhafetcanepa/Documents/tesis_titulacion/back_usuarios/config/database.go:62 [33mSLOW SQL >= 200ms
[0m[31;1m[595.775ms] [33m[rows:1][35m SELECT SCHEMA_NAME from Information_schema.SCHEMATA where SCHEMA_NAME LIKE 'b2hbqaai8d5tyfpljuoi%' ORDER BY SCHEMA_NAME='b2hbqaai8d5tyfpljuoi' DESC,SCHEMA_NAME limit 1[0m

2025/10/06 12:48:41 [32m/Users/jhafetcanepa/Documents/tesis_titulacion/back_usuarios/config/database.go:62 [33mSLOW SQL >= 200ms
[0m[31;1m[463.307ms] [33m[rows:-][35m SELECT count(*) FROM information_schema.tables WHERE table_schema = 'b2hbqaai8d5tyfpljuoi' AND table_name = 'profile_changes' AND table_type = 'BASE TABLE'[0m

2025/10/06 12:48:41 [32m/Users/jhafetcanepa/Documents/tesis_titulacion/back_usuarios/config/database.go:62 [33mSLOW SQL >= 200ms
[0m[31;1m[220.077ms] [33m[rows:-][35m SELECT DATABASE()[0m

2025/10/06 12:48:42 [32m/Users/jhafetcanepa/Documents/tesis_titulacion/back_usuarios/config/database.go:62 [33mSLOW SQL >= 200ms
[0m[31;1m[569.625ms] [33m[rows:1][35m SELECT SCHEMA_NAME from Information_schema.SCHEMATA where SCHEMA_NAME LIKE 'b2hbqaai8d5tyfpljuoi%' ORDER BY SCHEMA_NAME='b2hbqaai8d5tyfpljuoi' DESC,SCHEMA_NAME limit 1[0m

2025/10/06 12:48:42 [32m/Users/jhafetcanepa/Documents/tesis_titulacion/back_usuarios/config/database.go:62 [33mSLOW SQL >= 200ms
[0m[31;1m[428.327ms] [33m[rows:-][35m SELECT * FROM `profile_changes` LIMIT 1[0m

2025/10/06 12:48:43 [32m/Users/jhafetcanepa/Documents/tesis_titulacion/back_usuarios/config/database.go:62 [33mSLOW SQL >= 200ms
[0m[31;1m[459.201ms] [33m[rows:-][35m SELECT column_name, column_default, is_nullable = 'YES', data_type, character_maximum_length, column_type, column_key, extra, column_comment, numeric_precision, numeric_scale , datetime_precision FROM information_schema.columns WHERE table_schema = 'b2hbqaai8d5tyfpljuoi' AND table_name = 'profile_changes' ORDER BY ORDINAL_POSITION[0m

2025/10/06 12:48:43 [32m/Users/jhafetcanepa/Documents/tesis_titulacion/back_usuarios/config/database.go:62 [33mSLOW SQL >= 200ms
[0m[31;1m[212.922ms] [33m[rows:-][35m SELECT DATABASE()[0m

2025/10/06 12:48:44 [32m/Users/jhafetcanepa/Documents/tesis_titulacion/back_usuarios/config/database.go:62 [33mSLOW SQL >= 200ms
[0m[31;1m[555.461ms] [33m[rows:1][35m SELECT SCHEMA_NAME from Information_schema.SCHEMATA where SCHEMA_NAME LIKE 'b2hbqaai8d5tyfpljuoi%' ORDER BY SCHEMA_NAME='b2hbqaai8d5tyfpljuoi' DESC,SCHEMA_NAME limit 1[0m

2025/10/06 12:48:44 [32m/Users/jhafetcanepa/Documents/tesis_titulacion/back_usuarios/config/database.go:62 [33mSLOW SQL >= 200ms
[0m[31;1m[453.985ms] [33m[rows:-][35m SELECT count(*) FROM information_schema.statistics WHERE table_schema = 'b2hbqaai8d5tyfpljuoi' AND table_name = 'profile_changes' AND index_name = 'idx_profile_changes_user_id'[0m

2025/10/06 12:48:44 [32m/Users/jhafetcanepa/Documents/tesis_titulacion/back_usuarios/config/database.go:62 [33mSLOW SQL >= 200ms
[0m[31;1m[211.607ms] [33m[rows:-][35m SELECT DATABASE()[0m

2025/10/06 12:48:45 [32m/Users/jhafetcanepa/Documents/tesis_titulacion/back_usuarios/config/database.go:62 [33mSLOW SQL >= 200ms
[0m[31;1m[584.643ms] [33m[rows:1][35m SELECT SCHEMA_NAME from Information_schema.SCHEMATA where SCHEMA_NAME LIKE 'b2hbqaai8d5tyfpljuoi%' ORDER BY SCHEMA_NAME='b2hbqaai8d5tyfpljuoi' DESC,SCHEMA_NAME limit 1[0m

2025/10/06 12:48:45 [32m/Users/jhafetcanepa/Documents/tesis_titulacion/back_usuarios/config/database.go:62 [33mSLOW SQL >= 200ms
[0m[31;1m[421.794ms] [33m[rows:-][35m SELECT count(*) FROM information_schema.statistics WHERE table_schema = 'b2hbqaai8d5tyfpljuoi' AND table_name = 'profile_changes' AND index_name = 'idx_profile_changes_changed_at'[0m

2025/10/06 12:48:45 [32m/Users/jhafetcanepa/Documents/tesis_titulacion/back_usuarios/config/database.go:80 [33mSLOW SQL >= 200ms
[0m[31;1m[220.648ms] [33m[rows:0][35m SET FOREIGN_KEY_CHECKS = 1[0m
2025/10/06 12:48:45 Base de datos conectada y migrada exitosamente

2025/10/06 12:48:46 [32m/Users/jhafetcanepa/Documents/tesis_titulacion/back_usuarios/main.go:161 [33mSLOW SQL >= 200ms
[0m[31;1m[215.233ms] [33m[rows:-][35m SELECT DATABASE()[0m

2025/10/06 12:48:46 [32m/Users/jhafetcanepa/Documents/tesis_titulacion/back_usuarios/main.go:161 [33mSLOW SQL >= 200ms
[0m[31;1m[561.203ms] [33m[rows:1][35m SELECT SCHEMA_NAME from Information_schema.SCHEMATA where SCHEMA_NAME LIKE 'b2hbqaai8d5tyfpljuoi%' ORDER BY SCHEMA_NAME='b2hbqaai8d5tyfpljuoi' DESC,SCHEMA_NAME limit 1[0m

2025/10/06 12:48:47 [32m/Users/jhafetcanepa/Documents/tesis_titulacion/back_usuarios/main.go:161 [33mSLOW SQL >= 200ms
[0m[31;1m[506.447ms] [33m[rows:-][35m SELECT count(*) FROM information_schema.tables WHERE table_schema = 'b2hbqaai8d5tyfpljuoi' AND table_name = 'usuarios' AND table_type = 'BASE TABLE'[0m

2025/10/06 12:48:47 [32m/Users/jhafetcanepa/Documents/tesis_titulacion/back_usuarios/main.go:161 [33mSLOW SQL >= 200ms
[0m[31;1m[282.084ms] [33m[rows:-][35m SELECT DATABASE()[0m

2025/10/06 12:48:48 [32m/Users/jhafetcanepa/Documents/tesis_titulacion/back_usuarios/main.go:161 [33mSLOW SQL >= 200ms
[0m[31;1m[557.703ms] [33m[rows:1][35m SELECT SCHEMA_NAME from Information_schema.SCHEMATA where SCHEMA_NAME LIKE 'b2hbqaai8d5tyfpljuoi%' ORDER BY SCHEMA_NAME='b2hbqaai8d5tyfpljuoi' DESC,SCHEMA_NAME limit 1[0m

2025/10/06 12:48:48 [32m/Users/jhafetcanepa/Documents/tesis_titulacion/back_usuarios/main.go:161 [33mSLOW SQL >= 200ms
[0m[31;1m[451.491ms] [33m[rows:-][35m SELECT * FROM `usuarios` LIMIT 1[0m

2025/10/06 12:48:49 [32m/Users/jhafetcanepa/Documents/tesis_titulacion/back_usuarios/main.go:161 [33mSLOW SQL >= 200ms
[0m[31;1m[502.592ms] [33m[rows:-][35m SELECT column_name, column_default, is_nullable = 'YES', data_type, character_maximum_length, column_type, column_key, extra, column_comment, numeric_precision, numeric_scale , datetime_precision FROM information_schema.columns WHERE table_schema = 'b2hbqaai8d5tyfpljuoi' AND table_name = 'usuarios' ORDER BY ORDINAL_POSITION[0m

2025/10/06 12:48:49 [32m [33mSLOW SQL >= 200ms
[0m[31;1m[219.019ms] [33m[rows:-][35m SELECT DATABASE()[0m

2025/10/06 12:48:50 [32m [33mSLOW SQL >= 200ms
[0m[31;1m[709.139ms] [33m[rows:1][35m SELECT SCHEMA_NAME from Information_schema.SCHEMATA where SCHEMA_NAME LIKE 'b2hbqaai8d5tyfpljuoi%' ORDER BY SCHEMA_NAME='b2hbqaai8d5tyfpljuoi' DESC,SCHEMA_NAME limit 1[0m

2025/10/06 12:48:50 [32m/Users/jhafetcanepa/Documents/tesis_titulacion/back_usuarios/main.go:161 [33mSLOW SQL >= 200ms
[0m[31;1m[475.383ms] [33m[rows:13][35m 
SELECT
	TABLE_NAME,
	COLUMN_NAME,
	INDEX_NAME,
	NON_UNIQUE 
FROM
	information_schema.STATISTICS 
WHERE
	TABLE_SCHEMA = 'b2hbqaai8d5tyfpljuoi' 
	AND TABLE_NAME = 'usuarios' 
ORDER BY
	INDEX_NAME,
	SEQ_IN_INDEX[0m

2025/10/06 12:48:50 [32m [33mSLOW SQL >= 200ms
[0m[31;1m[222.877ms] [33m[rows:-][35m SELECT DATABASE()[0m

2025/10/06 12:48:51 [32m [33mSLOW SQL >= 200ms
[0m[31;1m[631.514ms] [33m[rows:1][35m SELECT SCHEMA_NAME from Information_schema.SCHEMATA where SCHEMA_NAME LIKE 'b2hbqaai8d5tyfpljuoi%' ORDER BY SCHEMA_NAME='b2hbqaai8d5tyfpljuoi' DESC,SCHEMA_NAME limit 1[0m

2025/10/06 12:48:52 [32m [33mSLOW SQL >= 200ms
[0m[31;1m[458.410ms] [33m[rows:-][35m SELECT count(*) FROM INFORMATION_SCHEMA.table_constraints WHERE constraint_schema = 'b2hbqaai8d5tyfpljuoi' AND table_name = 'usuarios' AND constraint_name = 'uni_usuarios_num_documento'[0m

2025/10/06 12:48:52 [32m [33mSLOW SQL >= 200ms
[0m[31;1m[212.991ms] [33m[rows:-][35m SELECT DATABASE()[0m

2025/10/06 12:48:52 [32m [33mSLOW SQL >= 200ms
[0m[31;1m[551.235ms] [33m[rows:1][35m SELECT SCHEMA_NAME from Information_schema.SCHEMATA where SCHEMA_NAME LIKE 'b2hbqaai8d5tyfpljuoi%' ORDER BY SCHEMA_NAME='b2hbqaai8d5tyfpljuoi' DESC,SCHEMA_NAME limit 1[0m

2025/10/06 12:48:53 [32m [33mSLOW SQL >= 200ms
[0m[31;1m[469.043ms] [33m[rows:-][35m SELECT count(*) FROM information_schema.statistics WHERE table_schema = 'b2hbqaai8d5tyfpljuoi' AND table_name = 'usuarios' AND index_name = 'idx_usuarios_num_documento'[0m

2025/10/06 12:48:53 [32m [33mSLOW SQL >= 200ms
[0m[31;1m[215.794ms] [33m[rows:-][35m SELECT DATABASE()[0m

2025/10/06 12:48:54 [32m [33mSLOW SQL >= 200ms
[0m[31;1m[569.534ms] [33m[rows:1][35m SELECT SCHEMA_NAME from Information_schema.SCHEMATA where SCHEMA_NAME LIKE 'b2hbqaai8d5tyfpljuoi%' ORDER BY SCHEMA_NAME='b2hbqaai8d5tyfpljuoi' DESC,SCHEMA_NAME limit 1[0m

2025/10/06 12:48:54 [32m/Users/jhafetcanepa/Documents/tesis_titulacion/back_usuarios/main.go:161 [33mSLOW SQL >= 200ms
[0m[31;1m[422.603ms] [33m[rows:13][35m 
SELECT
	TABLE_NAME,
	COLUMN_NAME,
	INDEX_NAME,
	NON_UNIQUE 
FROM
	information_schema.STATISTICS 
WHERE
	TABLE_SCHEMA = 'b2hbqaai8d5tyfpljuoi' 
	AND TABLE_NAME = 'usuarios' 
ORDER BY
	INDEX_NAME,
	SEQ_IN_INDEX[0m

2025/10/06 12:48:55 [32m [33mSLOW SQL >= 200ms
[0m[31;1m[560.273ms] [33m[rows:1][35m SELECT SCHEMA_NAME from Information_schema.SCHEMATA where SCHEMA_NAME LIKE 'b2hbqaai8d5tyfpljuoi%' ORDER BY SCHEMA_NAME='b2hbqaai8d5tyfpljuoi' DESC,SCHEMA_NAME limit 1[0m

2025/10/06 12:48:55 [32m [33mSLOW SQL >= 200ms
[0m[31;1m[444.475ms] [33m[rows:-][35m SELECT count(*) FROM INFORMATION_SCHEMA.table_constraints WHERE constraint_schema = 'b2hbqaai8d5tyfpljuoi' AND table_name = 'usuarios' AND constraint_name = 'uni_usuarios_correo'[0m

2025/10/06 12:48:55 [32m [33mSLOW SQL >= 200ms
[0m[31;1m[210.238ms] [33m[rows:-][35m SELECT DATABASE()[0m

2025/10/06 12:48:56 [32m [33mSLOW SQL >= 200ms
[0m[31;1m[557.339ms] [33m[rows:1][35m SELECT SCHEMA_NAME from Information_schema.SCHEMATA where SCHEMA_NAME LIKE 'b2hbqaai8d5tyfpljuoi%' ORDER BY SCHEMA_NAME='b2hbqaai8d5tyfpljuoi' DESC,SCHEMA_NAME limit 1[0m

2025/10/06 12:48:56 [32m [33mSLOW SQL >= 200ms
[0m[31;1m[431.995ms] [33m[rows:-][35m SELECT count(*) FROM information_schema.statistics WHERE table_schema = 'b2hbqaai8d5tyfpljuoi' AND table_name = 'usuarios' AND index_name = 'idx_usuarios_correo'[0m

2025/10/06 12:48:57 [32m [33mSLOW SQL >= 200ms
[0m[31;1m[211.999ms] [33m[rows:-][35m SELECT DATABASE()[0m

2025/10/06 12:48:57 [32m [33mSLOW SQL >= 200ms
[0m[31;1m[582.054ms] [33m[rows:1][35m SELECT SCHEMA_NAME from Information_schema.SCHEMATA where SCHEMA_NAME LIKE 'b2hbqaai8d5tyfpljuoi%' ORDER BY SCHEMA_NAME='b2hbqaai8d5tyfpljuoi' DESC,SCHEMA_NAME limit 1[0m

2025/10/06 12:48:58 [32m/Users/jhafetcanepa/Documents/tesis_titulacion/back_usuarios/main.go:161 [33mSLOW SQL >= 200ms
[0m[31;1m[460.697ms] [33m[rows:13][35m 
SELECT
	TABLE_NAME,
	COLUMN_NAME,
	INDEX_NAME,
	NON_UNIQUE 
FROM
	information_schema.STATISTICS 
WHERE
	TABLE_SCHEMA = 'b2hbqaai8d5tyfpljuoi' 
	AND TABLE_NAME = 'usuarios' 
ORDER BY
	INDEX_NAME,
	SEQ_IN_INDEX[0m

2025/10/06 12:48:58 [32m [33mSLOW SQL >= 200ms
[0m[31;1m[219.587ms] [33m[rows:-][35m SELECT DATABASE()[0m

2025/10/06 12:48:58 [32m [33mSLOW SQL >= 200ms
[0m[31;1m[588.090ms] [33m[rows:1][35m SELECT SCHEMA_NAME from Information_schema.SCHEMATA where SCHEMA_NAME LIKE 'b2hbqaai8d5tyfpljuoi%' ORDER BY SCHEMA_NAME='b2hbqaai8d5tyfpljuoi' DESC,SCHEMA_NAME limit 1[0m

2025/10/06 12:48:59 [32m [33mSLOW SQL >= 200ms
[0m[31;1m[416.170ms] [33m[rows:-][35m SELECT count(*) FROM INFORMATION_SCHEMA.table_constraints WHERE constraint_schema = 'b2hbqaai8d5tyfpljuoi' AND table_name = 'usuarios' AND constraint_name = 'uni_usuarios_usuario'[0m

2025/10/06 12:48:59 [32m [33mSLOW SQL >= 200ms
[0m[31;1m[215.209ms] [33m[rows:-][35m SELECT DATABASE()[0m

2025/10/06 12:49:00 [32m [33mSLOW SQL >= 200ms
[0m[31;1m[555.255ms] [33m[rows:1][35m SELECT SCHEMA_NAME from Information_schema.SCHEMATA where SCHEMA_NAME LIKE 'b2hbqaai8d5tyfpljuoi%' ORDER BY SCHEMA_NAME='b2hbqaai8d5tyfpljuoi' DESC,SCHEMA_NAME limit 1[0m

2025/10/06 12:49:00 [32m [33mSLOW SQL >= 200ms
[0m[31;1m[581.674ms] [33m[rows:-][35m SELECT count(*) FROM information_schema.statistics WHERE table_schema = 'b2hbqaai8d5tyfpljuoi' AND table_name = 'usuarios' AND index_name = 'idx_usuarios_usuario'[0m

2025/10/06 12:49:00 [32m/Users/jhafetcanepa/Documents/tesis_titulacion/back_usuarios/main.go:161 [33mSLOW SQL >= 200ms
[0m[31;1m[214.048ms] [33m[rows:-][35m SELECT DATABASE()[0m

2025/10/06 12:49:01 [32m/Users/jhafetcanepa/Documents/tesis_titulacion/back_usuarios/main.go:161 [33mSLOW SQL >= 200ms
[0m[31;1m[545.650ms] [33m[rows:1][35m SELECT SCHEMA_NAME from Information_schema.SCHEMATA where SCHEMA_NAME LIKE 'b2hbqaai8d5tyfpljuoi%' ORDER BY SCHEMA_NAME='b2hbqaai8d5tyfpljuoi' DESC,SCHEMA_NAME limit 1[0m

2025/10/06 12:49:01 [32m/Users/jhafetcanepa/Documents/tesis_titulacion/back_usuarios/main.go:161 [33mSLOW SQL >= 200ms
[0m[31;1m[515.939ms] [33m[rows:-][35m SELECT count(*) FROM information_schema.statistics WHERE table_schema = 'b2hbqaai8d5tyfpljuoi' AND table_name = 'usuarios' AND index_name = 'idx_usuarios_tipo_documento'[0m

2025/10/06 12:49:02 [32m/Users/jhafetcanepa/Documents/tesis_titulacion/back_usuarios/main.go:161 [33mSLOW SQL >= 200ms
[0m[31;1m[224.521ms] [33m[rows:-][35m SELECT DATABASE()[0m

2025/10/06 12:49:02 [32m/Users/jhafetcanepa/Documents/tesis_titulacion/back_usuarios/main.go:161 [33mSLOW SQL >= 200ms
[0m[31;1m[698.036ms] [33m[rows:1][35m SELECT SCHEMA_NAME from Information_schema.SCHEMATA where SCHEMA_NAME LIKE 'b2hbqaai8d5tyfpljuoi%' ORDER BY SCHEMA_NAME='b2hbqaai8d5tyfpljuoi' DESC,SCHEMA_NAME limit 1[0m

2025/10/06 12:49:03 [32m/Users/jhafetcanepa/Documents/tesis_titulacion/back_usuarios/main.go:161 [33mSLOW SQL >= 200ms
[0m[31;1m[471.695ms] [33m[rows:-][35m SELECT count(*) FROM information_schema.statistics WHERE table_schema = 'b2hbqaai8d5tyfpljuoi' AND table_name = 'usuarios' AND index_name = 'idx_usuarios_telefono'[0m

2025/10/06 12:49:03 [32m/Users/jhafetcanepa/Documents/tesis_titulacion/back_usuarios/main.go:161 [33mSLOW SQL >= 200ms
[0m[31;1m[226.525ms] [33m[rows:-][35m SELECT DATABASE()[0m

2025/10/06 12:49:04 [32m/Users/jhafetcanepa/Documents/tesis_titulacion/back_usuarios/main.go:161 [33mSLOW SQL >= 200ms
[0m[31;1m[818.506ms] [33m[rows:1][35m SELECT SCHEMA_NAME from Information_schema.SCHEMATA where SCHEMA_NAME LIKE 'b2hbqaai8d5tyfpljuoi%' ORDER BY SCHEMA_NAME='b2hbqaai8d5tyfpljuoi' DESC,SCHEMA_NAME limit 1[0m

2025/10/06 12:49:05 [32m/Users/jhafetcanepa/Documents/tesis_titulacion/back_usuarios/main.go:161 [33mSLOW SQL >= 200ms
[0m[31;1m[914.525ms] [33m[rows:-][35m SELECT count(*) FROM information_schema.statistics WHERE table_schema = 'b2hbqaai8d5tyfpljuoi' AND table_name = 'usuarios' AND index_name = 'idx_usuarios_activo'[0m

2025/10/06 12:49:05 [32m/Users/jhafetcanepa/Documents/tesis_titulacion/back_usuarios/main.go:161 [33mSLOW SQL >= 200ms
[0m[31;1m[354.321ms] [33m[rows:-][35m SELECT DATABASE()[0m

2025/10/06 12:49:06 [32m/Users/jhafetcanepa/Documents/tesis_titulacion/back_usuarios/main.go:161 [33mSLOW SQL >= 200ms
[0m[31;1m[631.926ms] [33m[rows:1][35m SELECT SCHEMA_NAME from Information_schema.SCHEMATA where SCHEMA_NAME LIKE 'b2hbqaai8d5tyfpljuoi%' ORDER BY SCHEMA_NAME='b2hbqaai8d5tyfpljuoi' DESC,SCHEMA_NAME limit 1[0m

2025/10/06 12:49:06 [32m/Users/jhafetcanepa/Documents/tesis_titulacion/back_usuarios/main.go:161 [33mSLOW SQL >= 200ms
[0m[31;1m[466.703ms] [33m[rows:-][35m SELECT count(*) FROM information_schema.statistics WHERE table_schema = 'b2hbqaai8d5tyfpljuoi' AND table_name = 'usuarios' AND index_name = 'idx_usuarios_usuario'[0m

2025/10/06 12:49:06 [32m/Users/jhafetcanepa/Documents/tesis_titulacion/back_usuarios/main.go:161 [33mSLOW SQL >= 200ms
[0m[31;1m[211.987ms] [33m[rows:-][35m SELECT DATABASE()[0m

2025/10/06 12:49:07 [32m/Users/jhafetcanepa/Documents/tesis_titulacion/back_usuarios/main.go:161 [33mSLOW SQL >= 200ms
[0m[31;1m[567.305ms] [33m[rows:1][35m SELECT SCHEMA_NAME from Information_schema.SCHEMATA where SCHEMA_NAME LIKE 'b2hbqaai8d5tyfpljuoi%' ORDER BY SCHEMA_NAME='b2hbqaai8d5tyfpljuoi' DESC,SCHEMA_NAME limit 1[0m

2025/10/06 12:49:08 [32m/Users/jhafetcanepa/Documents/tesis_titulacion/back_usuarios/main.go:161 [33mSLOW SQL >= 200ms
[0m[31;1m[464.060ms] [33m[rows:-][35m SELECT count(*) FROM information_schema.statistics WHERE table_schema = 'b2hbqaai8d5tyfpljuoi' AND table_name = 'usuarios' AND index_name = 'idx_usuarios_password_expires_at'[0m

2025/10/06 12:49:08 [32m/Users/jhafetcanepa/Documents/tesis_titulacion/back_usuarios/main.go:161 [33mSLOW SQL >= 200ms
[0m[31;1m[208.341ms] [33m[rows:-][35m SELECT DATABASE()[0m

2025/10/06 12:49:08 [32m/Users/jhafetcanepa/Documents/tesis_titulacion/back_usuarios/main.go:161 [33mSLOW SQL >= 200ms
[0m[31;1m[585.451ms] [33m[rows:1][35m SELECT SCHEMA_NAME from Information_schema.SCHEMATA where SCHEMA_NAME LIKE 'b2hbqaai8d5tyfpljuoi%' ORDER BY SCHEMA_NAME='b2hbqaai8d5tyfpljuoi' DESC,SCHEMA_NAME limit 1[0m

2025/10/06 12:49:09 [32m/Users/jhafetcanepa/Documents/tesis_titulacion/back_usuarios/main.go:161 [33mSLOW SQL >= 200ms
[0m[31;1m[461.527ms] [33m[rows:-][35m SELECT count(*) FROM information_schema.statistics WHERE table_schema = 'b2hbqaai8d5tyfpljuoi' AND table_name = 'usuarios' AND index_name = 'idx_usuarios_activation_token'[0m

2025/10/06 12:49:09 [32m/Users/jhafetcanepa/Documents/tesis_titulacion/back_usuarios/main.go:161 [33mSLOW SQL >= 200ms
[0m[31;1m[269.671ms] [33m[rows:-][35m SELECT DATABASE()[0m

2025/10/06 12:49:10 [32m/Users/jhafetcanepa/Documents/tesis_titulacion/back_usuarios/main.go:161 [33mSLOW SQL >= 200ms
[0m[31;1m[610.865ms] [33m[rows:1][35m SELECT SCHEMA_NAME from Information_schema.SCHEMATA where SCHEMA_NAME LIKE 'b2hbqaai8d5tyfpljuoi%' ORDER BY SCHEMA_NAME='b2hbqaai8d5tyfpljuoi' DESC,SCHEMA_NAME limit 1[0m

2025/10/06 12:49:10 [32m/Users/jhafetcanepa/Documents/tesis_titulacion/back_usuarios/main.go:161 [33mSLOW SQL >= 200ms
[0m[31;1m[464.340ms] [33m[rows:-][35m SELECT count(*) FROM information_schema.statistics WHERE table_schema = 'b2hbqaai8d5tyfpljuoi' AND table_name = 'usuarios' AND index_name = 'idx_usuarios_nombres_apellidos'[0m

2025/10/06 12:49:10 [32m/Users/jhafetcanepa/Documents/tesis_titulacion/back_usuarios/main.go:161 [33mSLOW SQL >= 200ms
[0m[31;1m[215.984ms] [33m[rows:-][35m SELECT DATABASE()[0m

2025/10/06 12:49:11 [32m/Users/jhafetcanepa/Documents/tesis_titulacion/back_usuarios/main.go:161 [33mSLOW SQL >= 200ms
[0m[31;1m[546.265ms] [33m[rows:1][35m SELECT SCHEMA_NAME from Information_schema.SCHEMATA where SCHEMA_NAME LIKE 'b2hbqaai8d5tyfpljuoi%' ORDER BY SCHEMA_NAME='b2hbqaai8d5tyfpljuoi' DESC,SCHEMA_NAME limit 1[0m

2025/10/06 12:49:11 [32m/Users/jhafetcanepa/Documents/tesis_titulacion/back_usuarios/main.go:161 [33mSLOW SQL >= 200ms
[0m[31;1m[578.471ms] [33m[rows:-][35m SELECT count(*) FROM information_schema.statistics WHERE table_schema = 'b2hbqaai8d5tyfpljuoi' AND table_name = 'usuarios' AND index_name = 'idx_usuarios_num_documento'[0m

2025/10/06 12:49:12 [32m/Users/jhafetcanepa/Documents/tesis_titulacion/back_usuarios/main.go:161 [33mSLOW SQL >= 200ms
[0m[31;1m[218.402ms] [33m[rows:-][35m SELECT DATABASE()[0m

2025/10/06 12:49:12 [32m/Users/jhafetcanepa/Documents/tesis_titulacion/back_usuarios/main.go:161 [33mSLOW SQL >= 200ms
[0m[31;1m[555.839ms] [33m[rows:1][35m SELECT SCHEMA_NAME from Information_schema.SCHEMATA where SCHEMA_NAME LIKE 'b2hbqaai8d5tyfpljuoi%' ORDER BY SCHEMA_NAME='b2hbqaai8d5tyfpljuoi' DESC,SCHEMA_NAME limit 1[0m

2025/10/06 12:49:13 [32m/Users/jhafetcanepa/Documents/tesis_titulacion/back_usuarios/main.go:161 [33mSLOW SQL >= 200ms
[0m[31;1m[445.443ms] [33m[rows:-][35m SELECT count(*) FROM information_schema.statistics WHERE table_schema = 'b2hbqaai8d5tyfpljuoi' AND table_name = 'usuarios' AND index_name = 'idx_usuarios_correo'[0m

2025/10/06 12:49:13 [32m/Users/jhafetcanepa/Documents/tesis_titulacion/back_usuarios/main.go:161 [33mSLOW SQL >= 200ms
[0m[31;1m[230.025ms] [33m[rows:-][35m SELECT DATABASE()[0m

2025/10/06 12:49:13 [32m/Users/jhafetcanepa/Documents/tesis_titulacion/back_usuarios/main.go:161 [33mSLOW SQL >= 200ms
[0m[31;1m[567.716ms] [33m[rows:1][35m SELECT SCHEMA_NAME from Information_schema.SCHEMATA where SCHEMA_NAME LIKE 'b2hbqaai8d5tyfpljuoi%' ORDER BY SCHEMA_NAME='b2hbqaai8d5tyfpljuoi' DESC,SCHEMA_NAME limit 1[0m

2025/10/06 12:49:14 [32m/Users/jhafetcanepa/Documents/tesis_titulacion/back_usuarios/main.go:161 [33mSLOW SQL >= 200ms
[0m[31;1m[578.879ms] [33m[rows:-][35m SELECT count(*) FROM information_schema.statistics WHERE table_schema = 'b2hbqaai8d5tyfpljuoi' AND table_name = 'usuarios' AND index_name = 'idx_usuarios_created_at'[0m

2025/10/06 12:49:14 [32m/Users/jhafetcanepa/Documents/tesis_titulacion/back_usuarios/main.go:161 [33mSLOW SQL >= 200ms
[0m[31;1m[207.699ms] [33m[rows:-][35m SELECT DATABASE()[0m

2025/10/06 12:49:15 [32m/Users/jhafetcanepa/Documents/tesis_titulacion/back_usuarios/main.go:161 [33mSLOW SQL >= 200ms
[0m[31;1m[617.544ms] [33m[rows:1][35m SELECT SCHEMA_NAME from Information_schema.SCHEMATA where SCHEMA_NAME LIKE 'b2hbqaai8d5tyfpljuoi%' ORDER BY SCHEMA_NAME='b2hbqaai8d5tyfpljuoi' DESC,SCHEMA_NAME limit 1[0m

2025/10/06 12:49:15 [32m/Users/jhafetcanepa/Documents/tesis_titulacion/back_usuarios/main.go:161 [33mSLOW SQL >= 200ms
[0m[31;1m[424.424ms] [33m[rows:-][35m SELECT count(*) FROM information_schema.statistics WHERE table_schema = 'b2hbqaai8d5tyfpljuoi' AND table_name = 'usuarios' AND index_name = 'idx_usuarios_activation_expiry'[0m

2025/10/06 12:49:16 [32m/Users/jhafetcanepa/Documents/tesis_titulacion/back_usuarios/main.go:161 [33mSLOW SQL >= 200ms
[0m[31;1m[217.204ms] [33m[rows:-][35m SELECT DATABASE()[0m

2025/10/06 12:49:16 [32m/Users/jhafetcanepa/Documents/tesis_titulacion/back_usuarios/main.go:161 [33mSLOW SQL >= 200ms
[0m[31;1m[570.098ms] [33m[rows:1][35m SELECT SCHEMA_NAME from Information_schema.SCHEMATA where SCHEMA_NAME LIKE 'b2hbqaai8d5tyfpljuoi%' ORDER BY SCHEMA_NAME='b2hbqaai8d5tyfpljuoi' DESC,SCHEMA_NAME limit 1[0m

2025/10/06 12:49:17 [32m/Users/jhafetcanepa/Documents/tesis_titulacion/back_usuarios/main.go:161 [33mSLOW SQL >= 200ms
[0m[31;1m[444.039ms] [33m[rows:-][35m SELECT count(*) FROM information_schema.statistics WHERE table_schema = 'b2hbqaai8d5tyfpljuoi' AND table_name = 'usuarios' AND index_name = 'idx_usuarios_last_login_at'[0m

2025/10/06 12:49:17 [32m/Users/jhafetcanepa/Documents/tesis_titulacion/back_usuarios/main.go:161 [33mSLOW SQL >= 200ms
[0m[31;1m[212.949ms] [33m[rows:-][35m SELECT DATABASE()[0m

2025/10/06 12:49:17 [32m/Users/jhafetcanepa/Documents/tesis_titulacion/back_usuarios/main.go:161 [33mSLOW SQL >= 200ms
[0m[31;1m[564.897ms] [33m[rows:1][35m SELECT SCHEMA_NAME from Information_schema.SCHEMATA where SCHEMA_NAME LIKE 'b2hbqaai8d5tyfpljuoi%' ORDER BY SCHEMA_NAME='b2hbqaai8d5tyfpljuoi' DESC,SCHEMA_NAME limit 1[0m

2025/10/06 12:49:18 [32m/Users/jhafetcanepa/Documents/tesis_titulacion/back_usuarios/main.go:161 [33mSLOW SQL >= 200ms
[0m[31;1m[433.863ms] [33m[rows:-][35m SELECT count(*) FROM information_schema.tables WHERE table_schema = 'b2hbqaai8d5tyfpljuoi' AND table_name = 'roles' AND table_type = 'BASE TABLE'[0m

2025/10/06 12:49:18 [32m/Users/jhafetcanepa/Documents/tesis_titulacion/back_usuarios/main.go:161 [33mSLOW SQL >= 200ms
[0m[31;1m[242.836ms] [33m[rows:-][35m SELECT DATABASE()[0m

2025/10/06 12:49:19 [32m/Users/jhafetcanepa/Documents/tesis_titulacion/back_usuarios/main.go:161 [33mSLOW SQL >= 200ms
[0m[31;1m[674.203ms] [33m[rows:1][35m SELECT SCHEMA_NAME from Information_schema.SCHEMATA where SCHEMA_NAME LIKE 'b2hbqaai8d5tyfpljuoi%' ORDER BY SCHEMA_NAME='b2hbqaai8d5tyfpljuoi' DESC,SCHEMA_NAME limit 1[0m

2025/10/06 12:49:19 [32m/Users/jhafetcanepa/Documents/tesis_titulacion/back_usuarios/main.go:161 [33mSLOW SQL >= 200ms
[0m[31;1m[405.996ms] [33m[rows:-][35m SELECT * FROM `roles` LIMIT 1[0m

2025/10/06 12:49:20 [32m/Users/jhafetcanepa/Documents/tesis_titulacion/back_usuarios/main.go:161 [33mSLOW SQL >= 200ms
[0m[31;1m[449.371ms] [33m[rows:-][35m SELECT column_name, column_default, is_nullable = 'YES', data_type, character_maximum_length, column_type, column_key, extra, column_comment, numeric_precision, numeric_scale , datetime_precision FROM information_schema.columns WHERE table_schema = 'b2hbqaai8d5tyfpljuoi' AND table_name = 'roles' ORDER BY ORDINAL_POSITION[0m

2025/10/06 12:49:20 [32m [33mSLOW SQL >= 200ms
[0m[31;1m[207.403ms] [33m[rows:-][35m SELECT DATABASE()[0m

2025/10/06 12:49:20 [32m [33mSLOW SQL >= 200ms
[0m[31;1m[565.710ms] [33m[rows:1][35m SELECT SCHEMA_NAME from Information_schema.SCHEMATA where SCHEMA_NAME LIKE 'b2hbqaai8d5tyfpljuoi%' ORDER BY SCHEMA_NAME='b2hbqaai8d5tyfpljuoi' DESC,SCHEMA_NAME limit 1[0m

2025/10/06 12:49:21 [32m/Users/jhafetcanepa/Documents/tesis_titulacion/back_usuarios/main.go:161 [33mSLOW SQL >= 200ms
[0m[31;1m[470.664ms] [33m[rows:2][35m 
SELECT
	TABLE_NAME,
	COLUMN_NAME,
	INDEX_NAME,
	NON_UNIQUE 
FROM
	information_schema.STATISTICS 
WHERE
	TABLE_SCHEMA = 'b2hbqaai8d5tyfpljuoi' 
	AND TABLE_NAME = 'roles' 
ORDER BY
	INDEX_NAME,
	SEQ_IN_INDEX[0m

2025/10/06 12:49:21 [32m [33mSLOW SQL >= 200ms
[0m[31;1m[205.902ms] [33m[rows:-][35m SELECT DATABASE()[0m

2025/10/06 12:49:22 [32m [33mSLOW SQL >= 200ms
[0m[31;1m[537.137ms] [33m[rows:1][35m SELECT SCHEMA_NAME from Information_schema.SCHEMATA where SCHEMA_NAME LIKE 'b2hbqaai8d5tyfpljuoi%' ORDER BY SCHEMA_NAME='b2hbqaai8d5tyfpljuoi' DESC,SCHEMA_NAME limit 1[0m

2025/10/06 12:49:22 [32m [33mSLOW SQL >= 200ms
[0m[31;1m[456.203ms] [33m[rows:-][35m SELECT count(*) FROM INFORMATION_SCHEMA.table_constraints WHERE constraint_schema = 'b2hbqaai8d5tyfpljuoi' AND table_name = 'roles' AND constraint_name = 'uni_roles_name'[0m

2025/10/06 12:49:22 [32m [33mSLOW SQL >= 200ms
[0m[31;1m[205.428ms] [33m[rows:-][35m SELECT DATABASE()[0m

2025/10/06 12:49:23 [32m [33mSLOW SQL >= 200ms
[0m[31;1m[545.260ms] [33m[rows:1][35m SELECT SCHEMA_NAME from Information_schema.SCHEMATA where SCHEMA_NAME LIKE 'b2hbqaai8d5tyfpljuoi%' ORDER BY SCHEMA_NAME='b2hbqaai8d5tyfpljuoi' DESC,SCHEMA_NAME limit 1[0m

2025/10/06 12:49:23 [32m [33mSLOW SQL >= 200ms
[0m[31;1m[430.487ms] [33m[rows:-][35m SELECT count(*) FROM information_schema.statistics WHERE table_schema = 'b2hbqaai8d5tyfpljuoi' AND table_name = 'roles' AND index_name = 'idx_roles_name'[0m

2025/10/06 12:49:23 [32m/Users/jhafetcanepa/Documents/tesis_titulacion/back_usuarios/main.go:161 [33mSLOW SQL >= 200ms
[0m[31;1m[214.865ms] [33m[rows:-][35m SELECT DATABASE()[0m

2025/10/06 12:49:24 [32m/Users/jhafetcanepa/Documents/tesis_titulacion/back_usuarios/main.go:161 [33mSLOW SQL >= 200ms
[0m[31;1m[546.744ms] [33m[rows:1][35m SELECT SCHEMA_NAME from Information_schema.SCHEMATA where SCHEMA_NAME LIKE 'b2hbqaai8d5tyfpljuoi%' ORDER BY SCHEMA_NAME='b2hbqaai8d5tyfpljuoi' DESC,SCHEMA_NAME limit 1[0m

2025/10/06 12:49:24 [32m/Users/jhafetcanepa/Documents/tesis_titulacion/back_usuarios/main.go:161 [33mSLOW SQL >= 200ms
[0m[31;1m[459.987ms] [33m[rows:-][35m SELECT count(*) FROM information_schema.statistics WHERE table_schema = 'b2hbqaai8d5tyfpljuoi' AND table_name = 'roles' AND index_name = 'idx_roles_name'[0m

2025/10/06 12:49:25 [32m/Users/jhafetcanepa/Documents/tesis_titulacion/back_usuarios/main.go:161 [33mSLOW SQL >= 200ms
[0m[31;1m[230.555ms] [33m[rows:-][35m SELECT DATABASE()[0m

2025/10/06 12:49:25 [32m/Users/jhafetcanepa/Documents/tesis_titulacion/back_usuarios/main.go:161 [33mSLOW SQL >= 200ms
[0m[31;1m[575.826ms] [33m[rows:1][35m SELECT SCHEMA_NAME from Information_schema.SCHEMATA where SCHEMA_NAME LIKE 'b2hbqaai8d5tyfpljuoi%' ORDER BY SCHEMA_NAME='b2hbqaai8d5tyfpljuoi' DESC,SCHEMA_NAME limit 1[0m

2025/10/06 12:49:26 [32m/Users/jhafetcanepa/Documents/tesis_titulacion/back_usuarios/main.go:161 [33mSLOW SQL >= 200ms
[0m[31;1m[467.269ms] [33m[rows:-][35m SELECT count(*) FROM information_schema.tables WHERE table_schema = 'b2hbqaai8d5tyfpljuoi' AND table_name = 'user_roles' AND table_type = 'BASE TABLE'[0m

2025/10/06 12:49:26 [32m/Users/jhafetcanepa/Documents/tesis_titulacion/back_usuarios/main.go:161 [33mSLOW SQL >= 200ms
[0m[31;1m[219.107ms] [33m[rows:-][35m SELECT DATABASE()[0m

2025/10/06 12:49:26 [32m/Users/jhafetcanepa/Documents/tesis_titulacion/back_usuarios/main.go:161 [33mSLOW SQL >= 200ms
[0m[31;1m[573.467ms] [33m[rows:1][35m SELECT SCHEMA_NAME from Information_schema.SCHEMATA where SCHEMA_NAME LIKE 'b2hbqaai8d5tyfpljuoi%' ORDER BY SCHEMA_NAME='b2hbqaai8d5tyfpljuoi' DESC,SCHEMA_NAME limit 1[0m

2025/10/06 12:49:27 [32m/Users/jhafetcanepa/Documents/tesis_titulacion/back_usuarios/main.go:161 [33mSLOW SQL >= 200ms
[0m[31;1m[430.566ms] [33m[rows:-][35m SELECT * FROM `user_roles` LIMIT 1[0m

2025/10/06 12:49:27 [32m/Users/jhafetcanepa/Documents/tesis_titulacion/back_usuarios/main.go:161 [33mSLOW SQL >= 200ms
[0m[31;1m[444.599ms] [33m[rows:-][35m SELECT column_name, column_default, is_nullable = 'YES', data_type, character_maximum_length, column_type, column_key, extra, column_comment, numeric_precision, numeric_scale , datetime_precision FROM information_schema.columns WHERE table_schema = 'b2hbqaai8d5tyfpljuoi' AND table_name = 'user_roles' ORDER BY ORDINAL_POSITION[0m

2025/10/06 12:49:28 [32m/Users/jhafetcanepa/Documents/tesis_titulacion/back_usuarios/main.go:161 [33mSLOW SQL >= 200ms
[0m[31;1m[232.018ms] [33m[rows:-][35m SELECT DATABASE()[0m

2025/10/06 12:49:28 [32m/Users/jhafetcanepa/Documents/tesis_titulacion/back_usuarios/main.go:161 [33mSLOW SQL >= 200ms
[0m[31;1m[580.683ms] [33m[rows:1][35m SELECT SCHEMA_NAME from Information_schema.SCHEMATA where SCHEMA_NAME LIKE 'b2hbqaai8d5tyfpljuoi%' ORDER BY SCHEMA_NAME='b2hbqaai8d5tyfpljuoi' DESC,SCHEMA_NAME limit 1[0m

2025/10/06 12:49:29 [32m/Users/jhafetcanepa/Documents/tesis_titulacion/back_usuarios/main.go:161 [33mSLOW SQL >= 200ms
[0m[31;1m[439.983ms] [33m[rows:-][35m SELECT count(*) FROM information_schema.statistics WHERE table_schema = 'b2hbqaai8d5tyfpljuoi' AND table_name = 'user_roles' AND index_name = 'idx_user_roles_created_at'[0m

2025/10/06 12:49:29 [32m/Users/jhafetcanepa/Documents/tesis_titulacion/back_usuarios/main.go:161 [33mSLOW SQL >= 200ms
[0m[31;1m[220.144ms] [33m[rows:-][35m SELECT DATABASE()[0m

2025/10/06 12:49:29 [32m/Users/jhafetcanepa/Documents/tesis_titulacion/back_usuarios/main.go:161 [33mSLOW SQL >= 200ms
[0m[31;1m[540.356ms] [33m[rows:1][35m SELECT SCHEMA_NAME from Information_schema.SCHEMATA where SCHEMA_NAME LIKE 'b2hbqaai8d5tyfpljuoi%' ORDER BY SCHEMA_NAME='b2hbqaai8d5tyfpljuoi' DESC,SCHEMA_NAME limit 1[0m

2025/10/06 12:49:30 [32m/Users/jhafetcanepa/Documents/tesis_titulacion/back_usuarios/main.go:161 [33mSLOW SQL >= 200ms
[0m[31;1m[438.631ms] [33m[rows:-][35m SELECT count(*) FROM information_schema.tables WHERE table_schema = 'b2hbqaai8d5tyfpljuoi' AND table_name = 'user_unblock_cooldowns' AND table_type = 'BASE TABLE'[0m

2025/10/06 12:49:30 [32m/Users/jhafetcanepa/Documents/tesis_titulacion/back_usuarios/main.go:161 [33mSLOW SQL >= 200ms
[0m[31;1m[207.997ms] [33m[rows:-][35m SELECT DATABASE()[0m

2025/10/06 12:49:31 [32m/Users/jhafetcanepa/Documents/tesis_titulacion/back_usuarios/main.go:161 [33mSLOW SQL >= 200ms
[0m[31;1m[529.588ms] [33m[rows:1][35m SELECT SCHEMA_NAME from Information_schema.SCHEMATA where SCHEMA_NAME LIKE 'b2hbqaai8d5tyfpljuoi%' ORDER BY SCHEMA_NAME='b2hbqaai8d5tyfpljuoi' DESC,SCHEMA_NAME limit 1[0m

2025/10/06 12:49:31 [32m/Users/jhafetcanepa/Documents/tesis_titulacion/back_usuarios/main.go:161 [33mSLOW SQL >= 200ms
[0m[31;1m[471.618ms] [33m[rows:-][35m SELECT * FROM `user_unblock_cooldowns` LIMIT 1[0m

2025/10/06 12:49:31 [32m/Users/jhafetcanepa/Documents/tesis_titulacion/back_usuarios/main.go:161 [33mSLOW SQL >= 200ms
[0m[31;1m[425.934ms] [33m[rows:-][35m SELECT column_name, column_default, is_nullable = 'YES', data_type, character_maximum_length, column_type, column_key, extra, column_comment, numeric_precision, numeric_scale , datetime_precision FROM information_schema.columns WHERE table_schema = 'b2hbqaai8d5tyfpljuoi' AND table_name = 'user_unblock_cooldowns' ORDER BY ORDINAL_POSITION[0m

2025/10/06 12:49:32 [32m/Users/jhafetcanepa/Documents/tesis_titulacion/back_usuarios/main.go:161 [33mSLOW SQL >= 200ms
[0m[31;1m[239.689ms] [33m[rows:-][35m SELECT DATABASE()[0m

2025/10/06 12:49:32 [32m/Users/jhafetcanepa/Documents/tesis_titulacion/back_usuarios/main.go:161 [33mSLOW SQL >= 200ms
[0m[31;1m[587.340ms] [33m[rows:1][35m SELECT SCHEMA_NAME from Information_schema.SCHEMATA where SCHEMA_NAME LIKE 'b2hbqaai8d5tyfpljuoi%' ORDER BY SCHEMA_NAME='b2hbqaai8d5tyfpljuoi' DESC,SCHEMA_NAME limit 1[0m

2025/10/06 12:49:33 [32m/Users/jhafetcanepa/Documents/tesis_titulacion/back_usuarios/main.go:161 [33mSLOW SQL >= 200ms
[0m[31;1m[430.865ms] [33m[rows:-][35m SELECT count(*) FROM information_schema.tables WHERE table_schema = 'b2hbqaai8d5tyfpljuoi' AND table_name = 'biometric_credentials' AND table_type = 'BASE TABLE'[0m

2025/10/06 12:49:33 [32m/Users/jhafetcanepa/Documents/tesis_titulacion/back_usuarios/main.go:161 [33mSLOW SQL >= 200ms
[0m[31;1m[223.159ms] [33m[rows:-][35m SELECT DATABASE()[0m

2025/10/06 12:49:33 [32m/Users/jhafetcanepa/Documents/tesis_titulacion/back_usuarios/main.go:161 [33mSLOW SQL >= 200ms
[0m[31;1m[557.281ms] [33m[rows:1][35m SELECT SCHEMA_NAME from Information_schema.SCHEMATA where SCHEMA_NAME LIKE 'b2hbqaai8d5tyfpljuoi%' ORDER BY SCHEMA_NAME='b2hbqaai8d5tyfpljuoi' DESC,SCHEMA_NAME limit 1[0m

2025/10/06 12:49:34 [32m/Users/jhafetcanepa/Documents/tesis_titulacion/back_usuarios/main.go:161 [33mSLOW SQL >= 200ms
[0m[31;1m[416.836ms] [33m[rows:-][35m SELECT * FROM `biometric_credentials` LIMIT 1[0m

2025/10/06 12:49:34 [32m/Users/jhafetcanepa/Documents/tesis_titulacion/back_usuarios/main.go:161 [33mSLOW SQL >= 200ms
[0m[31;1m[460.294ms] [33m[rows:-][35m SELECT column_name, column_default, is_nullable = 'YES', data_type, character_maximum_length, column_type, column_key, extra, column_comment, numeric_precision, numeric_scale , datetime_precision FROM information_schema.columns WHERE table_schema = 'b2hbqaai8d5tyfpljuoi' AND table_name = 'biometric_credentials' ORDER BY ORDINAL_POSITION[0m

2025/10/06 12:49:35 [32m [33mSLOW SQL >= 200ms
[0m[31;1m[220.093ms] [33m[rows:-][35m SELECT DATABASE()[0m

2025/10/06 12:49:35 [32m [33mSLOW SQL >= 200ms
[0m[31;1m[610.223ms] [33m[rows:1][35m SELECT SCHEMA_NAME from Information_schema.SCHEMATA where SCHEMA_NAME LIKE 'b2hbqaai8d5tyfpljuoi%' ORDER BY SCHEMA_NAME='b2hbqaai8d5tyfpljuoi' DESC,SCHEMA_NAME limit 1[0m

2025/10/06 12:49:36 [32m/Users/jhafetcanepa/Documents/tesis_titulacion/back_usuarios/main.go:161 [33mSLOW SQL >= 200ms
[0m[31;1m[416.056ms] [33m[rows:3][35m 
SELECT
	TABLE_NAME,
	COLUMN_NAME,
	INDEX_NAME,
	NON_UNIQUE 
FROM
	information_schema.STATISTICS 
WHERE
	TABLE_SCHEMA = 'b2hbqaai8d5tyfpljuoi' 
	AND TABLE_NAME = 'biometric_credentials' 
ORDER BY
	INDEX_NAME,
	SEQ_IN_INDEX[0m

2025/10/06 12:49:36 [32m [33mSLOW SQL >= 200ms
[0m[31;1m[226.191ms] [33m[rows:-][35m SELECT DATABASE()[0m

2025/10/06 12:49:36 [32m [33mSLOW SQL >= 200ms
[0m[31;1m[612.173ms] [33m[rows:1][35m SELECT SCHEMA_NAME from Information_schema.SCHEMATA where SCHEMA_NAME LIKE 'b2hbqaai8d5tyfpljuoi%' ORDER BY SCHEMA_NAME='b2hbqaai8d5tyfpljuoi' DESC,SCHEMA_NAME limit 1[0m

2025/10/06 12:49:37 [32m [33mSLOW SQL >= 200ms
[0m[31;1m[446.135ms] [33m[rows:-][35m SELECT count(*) FROM INFORMATION_SCHEMA.table_constraints WHERE constraint_schema = 'b2hbqaai8d5tyfpljuoi' AND table_name = 'biometric_credentials' AND constraint_name = 'uni_biometric_credentials_credential_id'[0m

2025/10/06 12:49:37 [32m [33mSLOW SQL >= 200ms
[0m[31;1m[213.332ms] [33m[rows:-][35m SELECT DATABASE()[0m

2025/10/06 12:49:38 [32m [33mSLOW SQL >= 200ms
[0m[31;1m[644.292ms] [33m[rows:1][35m SELECT SCHEMA_NAME from Information_schema.SCHEMATA where SCHEMA_NAME LIKE 'b2hbqaai8d5tyfpljuoi%' ORDER BY SCHEMA_NAME='b2hbqaai8d5tyfpljuoi' DESC,SCHEMA_NAME limit 1[0m

2025/10/06 12:49:38 [32m [33mSLOW SQL >= 200ms
[0m[31;1m[443.787ms] [33m[rows:-][35m SELECT count(*) FROM information_schema.statistics WHERE table_schema = 'b2hbqaai8d5tyfpljuoi' AND table_name = 'biometric_credentials' AND index_name = 'idx_biometric_credentials_credential_id'[0m

2025/10/06 12:49:38 [32m/Users/jhafetcanepa/Documents/tesis_titulacion/back_usuarios/main.go:161 [33mSLOW SQL >= 200ms
[0m[31;1m[218.602ms] [33m[rows:-][35m SELECT DATABASE()[0m

2025/10/06 12:49:39 [32m/Users/jhafetcanepa/Documents/tesis_titulacion/back_usuarios/main.go:161 [33mSLOW SQL >= 200ms
[0m[31;1m[566.747ms] [33m[rows:1][35m SELECT SCHEMA_NAME from Information_schema.SCHEMATA where SCHEMA_NAME LIKE 'b2hbqaai8d5tyfpljuoi%' ORDER BY SCHEMA_NAME='b2hbqaai8d5tyfpljuoi' DESC,SCHEMA_NAME limit 1[0m

2025/10/06 12:49:39 [32m/Users/jhafetcanepa/Documents/tesis_titulacion/back_usuarios/main.go:161 [33mSLOW SQL >= 200ms
[0m[31;1m[439.940ms] [33m[rows:-][35m SELECT count(*) FROM information_schema.statistics WHERE table_schema = 'b2hbqaai8d5tyfpljuoi' AND table_name = 'biometric_credentials' AND index_name = 'idx_biometric_credentials_user_id'[0m

2025/10/06 12:49:40 [32m/Users/jhafetcanepa/Documents/tesis_titulacion/back_usuarios/main.go:161 [33mSLOW SQL >= 200ms
[0m[31;1m[228.926ms] [33m[rows:-][35m SELECT DATABASE()[0m

2025/10/06 12:49:40 [32m/Users/jhafetcanepa/Documents/tesis_titulacion/back_usuarios/main.go:161 [33mSLOW SQL >= 200ms
[0m[31;1m[564.006ms] [33m[rows:1][35m SELECT SCHEMA_NAME from Information_schema.SCHEMATA where SCHEMA_NAME LIKE 'b2hbqaai8d5tyfpljuoi%' ORDER BY SCHEMA_NAME='b2hbqaai8d5tyfpljuoi' DESC,SCHEMA_NAME limit 1[0m

2025/10/06 12:49:41 [32m/Users/jhafetcanepa/Documents/tesis_titulacion/back_usuarios/main.go:161 [33mSLOW SQL >= 200ms
[0m[31;1m[469.669ms] [33m[rows:-][35m SELECT count(*) FROM information_schema.statistics WHERE table_schema = 'b2hbqaai8d5tyfpljuoi' AND table_name = 'biometric_credentials' AND index_name = 'idx_biometric_credentials_credential_id'[0m

2025/10/06 12:49:41 [32m/Users/jhafetcanepa/Documents/tesis_titulacion/back_usuarios/main.go:161 [33mSLOW SQL >= 200ms
[0m[31;1m[246.251ms] [33m[rows:-][35m SELECT DATABASE()[0m

2025/10/06 12:49:41 [32m/Users/jhafetcanepa/Documents/tesis_titulacion/back_usuarios/main.go:161 [33mSLOW SQL >= 200ms
[0m[31;1m[549.694ms] [33m[rows:1][35m SELECT SCHEMA_NAME from Information_schema.SCHEMATA where SCHEMA_NAME LIKE 'b2hbqaai8d5tyfpljuoi%' ORDER BY SCHEMA_NAME='b2hbqaai8d5tyfpljuoi' DESC,SCHEMA_NAME limit 1[0m

2025/10/06 12:49:42 [32m/Users/jhafetcanepa/Documents/tesis_titulacion/back_usuarios/main.go:161 [33mSLOW SQL >= 200ms
[0m[31;1m[414.292ms] [33m[rows:-][35m SELECT count(*) FROM information_schema.tables WHERE table_schema = 'b2hbqaai8d5tyfpljuoi' AND table_name = 'user_device_ips' AND table_type = 'BASE TABLE'[0m

2025/10/06 12:49:42 [32m/Users/jhafetcanepa/Documents/tesis_titulacion/back_usuarios/main.go:161 [33mSLOW SQL >= 200ms
[0m[31;1m[216.105ms] [33m[rows:-][35m SELECT DATABASE()[0m

2025/10/06 12:49:43 [32m/Users/jhafetcanepa/Documents/tesis_titulacion/back_usuarios/main.go:161 [33mSLOW SQL >= 200ms
[0m[31;1m[591.074ms] [33m[rows:1][35m SELECT SCHEMA_NAME from Information_schema.SCHEMATA where SCHEMA_NAME LIKE 'b2hbqaai8d5tyfpljuoi%' ORDER BY SCHEMA_NAME='b2hbqaai8d5tyfpljuoi' DESC,SCHEMA_NAME limit 1[0m

2025/10/06 12:49:43 [32m/Users/jhafetcanepa/Documents/tesis_titulacion/back_usuarios/main.go:161 [33mSLOW SQL >= 200ms
[0m[31;1m[431.783ms] [33m[rows:-][35m SELECT * FROM `user_device_ips` LIMIT 1[0m

2025/10/06 12:49:44 [32m/Users/jhafetcanepa/Documents/tesis_titulacion/back_usuarios/main.go:161 [33mSLOW SQL >= 200ms
[0m[31;1m[470.990ms] [33m[rows:-][35m SELECT column_name, column_default, is_nullable = 'YES', data_type, character_maximum_length, column_type, column_key, extra, column_comment, numeric_precision, numeric_scale , datetime_precision FROM information_schema.columns WHERE table_schema = 'b2hbqaai8d5tyfpljuoi' AND table_name = 'user_device_ips' ORDER BY ORDINAL_POSITION[0m

2025/10/06 12:49:44 [32m/Users/jhafetcanepa/Documents/tesis_titulacion/back_usuarios/main.go:161 [33mSLOW SQL >= 200ms
[0m[31;1m[209.381ms] [33m[rows:-][35m SELECT DATABASE()[0m

2025/10/06 12:49:44 [32m/Users/jhafetcanepa/Documents/tesis_titulacion/back_usuarios/main.go:161 [33mSLOW SQL >= 200ms
[0m[31;1m[690.923ms] [33m[rows:1][35m SELECT SCHEMA_NAME from Information_schema.SCHEMATA where SCHEMA_NAME LIKE 'b2hbqaai8d5tyfpljuoi%' ORDER BY SCHEMA_NAME='b2hbqaai8d5tyfpljuoi' DESC,SCHEMA_NAME limit 1[0m

2025/10/06 12:49:45 [32m/Users/jhafetcanepa/Documents/tesis_titulacion/back_usuarios/main.go:161 [33mSLOW SQL >= 200ms
[0m[31;1m[578.313ms] [33m[rows:-][35m SELECT count(*) FROM information_schema.statistics WHERE table_schema = 'b2hbqaai8d5tyfpljuoi' AND table_name = 'user_device_ips' AND index_name = 'idx_user_device_ips_user_id'[0m

2025/10/06 12:49:45 [32m/Users/jhafetcanepa/Documents/tesis_titulacion/back_usuarios/main.go:161 [33mSLOW SQL >= 200ms
[0m[31;1m[340.909ms] [33m[rows:-][35m SELECT DATABASE()[0m

2025/10/06 12:49:46 [32m/Users/jhafetcanepa/Documents/tesis_titulacion/back_usuarios/main.go:161 [33mSLOW SQL >= 200ms
[0m[31;1m[628.543ms] [33m[rows:1][35m SELECT SCHEMA_NAME from Information_schema.SCHEMATA where SCHEMA_NAME LIKE 'b2hbqaai8d5tyfpljuoi%' ORDER BY SCHEMA_NAME='b2hbqaai8d5tyfpljuoi' DESC,SCHEMA_NAME limit 1[0m

2025/10/06 12:49:46 [32m/Users/jhafetcanepa/Documents/tesis_titulacion/back_usuarios/main.go:161 [33mSLOW SQL >= 200ms
[0m[31;1m[452.325ms] [33m[rows:-][35m SELECT count(*) FROM information_schema.tables WHERE table_schema = 'b2hbqaai8d5tyfpljuoi' AND table_name = 'login_histories' AND table_type = 'BASE TABLE'[0m

2025/10/06 12:49:47 [32m/Users/jhafetcanepa/Documents/tesis_titulacion/back_usuarios/main.go:161 [33mSLOW SQL >= 200ms
[0m[31;1m[220.386ms] [33m[rows:-][35m SELECT DATABASE()[0m

2025/10/06 12:49:47 [32m/Users/jhafetcanepa/Documents/tesis_titulacion/back_usuarios/main.go:161 [33mSLOW SQL >= 200ms
[0m[31;1m[606.923ms] [33m[rows:1][35m SELECT SCHEMA_NAME from Information_schema.SCHEMATA where SCHEMA_NAME LIKE 'b2hbqaai8d5tyfpljuoi%' ORDER BY SCHEMA_NAME='b2hbqaai8d5tyfpljuoi' DESC,SCHEMA_NAME limit 1[0m

2025/10/06 12:49:48 [32m/Users/jhafetcanepa/Documents/tesis_titulacion/back_usuarios/main.go:161 [33mSLOW SQL >= 200ms
[0m[31;1m[448.566ms] [33m[rows:-][35m SELECT * FROM `login_histories` LIMIT 1[0m

2025/10/06 12:49:48 [32m/Users/jhafetcanepa/Documents/tesis_titulacion/back_usuarios/main.go:161 [33mSLOW SQL >= 200ms
[0m[31;1m[416.840ms] [33m[rows:-][35m SELECT column_name, column_default, is_nullable = 'YES', data_type, character_maximum_length, column_type, column_key, extra, column_comment, numeric_precision, numeric_scale , datetime_precision FROM information_schema.columns WHERE table_schema = 'b2hbqaai8d5tyfpljuoi' AND table_name = 'login_histories' ORDER BY ORDINAL_POSITION[0m

2025/10/06 12:49:48 [32m/Users/jhafetcanepa/Documents/tesis_titulacion/back_usuarios/main.go:161 [33mSLOW SQL >= 200ms
[0m[31;1m[226.925ms] [33m[rows:-][35m SELECT DATABASE()[0m

2025/10/06 12:49:49 [32m/Users/jhafetcanepa/Documents/tesis_titulacion/back_usuarios/main.go:161 [33mSLOW SQL >= 200ms
[0m[31;1m[598.930ms] [33m[rows:1][35m SELECT SCHEMA_NAME from Information_schema.SCHEMATA where SCHEMA_NAME LIKE 'b2hbqaai8d5tyfpljuoi%' ORDER BY SCHEMA_NAME='b2hbqaai8d5tyfpljuoi' DESC,SCHEMA_NAME limit 1[0m

2025/10/06 12:49:49 [32m/Users/jhafetcanepa/Documents/tesis_titulacion/back_usuarios/main.go:161 [33mSLOW SQL >= 200ms
[0m[31;1m[416.645ms] [33m[rows:-][35m SELECT count(*) FROM information_schema.statistics WHERE table_schema = 'b2hbqaai8d5tyfpljuoi' AND table_name = 'login_histories' AND index_name = 'idx_login_histories_user_id'[0m

2025/10/06 12:49:50 [32m/Users/jhafetcanepa/Documents/tesis_titulacion/back_usuarios/main.go:161 [33mSLOW SQL >= 200ms
[0m[31;1m[231.504ms] [33m[rows:-][35m SELECT DATABASE()[0m

2025/10/06 12:49:50 [32m/Users/jhafetcanepa/Documents/tesis_titulacion/back_usuarios/main.go:161 [33mSLOW SQL >= 200ms
[0m[31;1m[594.706ms] [33m[rows:1][35m SELECT SCHEMA_NAME from Information_schema.SCHEMATA where SCHEMA_NAME LIKE 'b2hbqaai8d5tyfpljuoi%' ORDER BY SCHEMA_NAME='b2hbqaai8d5tyfpljuoi' DESC,SCHEMA_NAME limit 1[0m

2025/10/06 12:49:51 [32m/Users/jhafetcanepa/Documents/tesis_titulacion/back_usuarios/main.go:161 [33mSLOW SQL >= 200ms
[0m[31;1m[433.164ms] [33m[rows:-][35m SELECT count(*) FROM information_schema.statistics WHERE table_schema = 'b2hbqaai8d5tyfpljuoi' AND table_name = 'login_histories' AND index_name = 'idx_login_histories_created_at'[0m

2025/10/06 12:49:51 [32m/Users/jhafetcanepa/Documents/tesis_titulacion/back_usuarios/main.go:161 [33mSLOW SQL >= 200ms
[0m[31;1m[204.193ms] [33m[rows:-][35m SELECT DATABASE()[0m

2025/10/06 12:49:52 [32m/Users/jhafetcanepa/Documents/tesis_titulacion/back_usuarios/main.go:161 [33mSLOW SQL >= 200ms
[0m[31;1m[667.425ms] [33m[rows:1][35m SELECT SCHEMA_NAME from Information_schema.SCHEMATA where SCHEMA_NAME LIKE 'b2hbqaai8d5tyfpljuoi%' ORDER BY SCHEMA_NAME='b2hbqaai8d5tyfpljuoi' DESC,SCHEMA_NAME limit 1[0m

2025/10/06 12:49:52 [32m/Users/jhafetcanepa/Documents/tesis_titulacion/back_usuarios/main.go:161 [33mSLOW SQL >= 200ms
[0m[31;1m[437.541ms] [33m[rows:-][35m SELECT count(*) FROM information_schema.tables WHERE table_schema = 'b2hbqaai8d5tyfpljuoi' AND table_name = 'security_logs' AND table_type = 'BASE TABLE'[0m

2025/10/06 12:49:52 [32m/Users/jhafetcanepa/Documents/tesis_titulacion/back_usuarios/main.go:161 [33mSLOW SQL >= 200ms
[0m[31;1m[222.438ms] [33m[rows:-][35m SELECT DATABASE()[0m

2025/10/06 12:49:53 [32m/Users/jhafetcanepa/Documents/tesis_titulacion/back_usuarios/main.go:161 [33mSLOW SQL >= 200ms
[0m[31;1m[652.120ms] [33m[rows:1][35m SELECT SCHEMA_NAME from Information_schema.SCHEMATA where SCHEMA_NAME LIKE 'b2hbqaai8d5tyfpljuoi%' ORDER BY SCHEMA_NAME='b2hbqaai8d5tyfpljuoi' DESC,SCHEMA_NAME limit 1[0m

2025/10/06 12:49:53 [32m/Users/jhafetcanepa/Documents/tesis_titulacion/back_usuarios/main.go:161 [33mSLOW SQL >= 200ms
[0m[31;1m[465.269ms] [33m[rows:-][35m SELECT * FROM `security_logs` LIMIT 1[0m

2025/10/06 12:49:54 [32m/Users/jhafetcanepa/Documents/tesis_titulacion/back_usuarios/main.go:161 [33mSLOW SQL >= 200ms
[0m[31;1m[430.494ms] [33m[rows:-][35m SELECT column_name, column_default, is_nullable = 'YES', data_type, character_maximum_length, column_type, column_key, extra, column_comment, numeric_precision, numeric_scale , datetime_precision FROM information_schema.columns WHERE table_schema = 'b2hbqaai8d5tyfpljuoi' AND table_name = 'security_logs' ORDER BY ORDINAL_POSITION[0m

2025/10/06 12:49:54 [32m/Users/jhafetcanepa/Documents/tesis_titulacion/back_usuarios/main.go:161 [33mSLOW SQL >= 200ms
[0m[31;1m[217.057ms] [33m[rows:-][35m SELECT DATABASE()[0m

2025/10/06 12:49:55 [32m/Users/jhafetcanepa/Documents/tesis_titulacion/back_usuarios/main.go:161 [33mSLOW SQL >= 200ms
[0m[31;1m[553.058ms] [33m[rows:1][35m SELECT SCHEMA_NAME from Information_schema.SCHEMATA where SCHEMA_NAME LIKE 'b2hbqaai8d5tyfpljuoi%' ORDER BY SCHEMA_NAME='b2hbqaai8d5tyfpljuoi' DESC,SCHEMA_NAME limit 1[0m

2025/10/06 12:49:55 [32m/Users/jhafetcanepa/Documents/tesis_titulacion/back_usuarios/main.go:161 [33mSLOW SQL >= 200ms
[0m[31;1m[451.554ms] [33m[rows:-][35m SELECT count(*) FROM information_schema.statistics WHERE table_schema = 'b2hbqaai8d5tyfpljuoi' AND table_name = 'security_logs' AND index_name = 'idx_security_logs_username'[0m

2025/10/06 12:49:55 [32m/Users/jhafetcanepa/Documents/tesis_titulacion/back_usuarios/main.go:161 [33mSLOW SQL >= 200ms
[0m[31;1m[210.708ms] [33m[rows:-][35m SELECT DATABASE()[0m

2025/10/06 12:49:56 [32m/Users/jhafetcanepa/Documents/tesis_titulacion/back_usuarios/main.go:161 [33mSLOW SQL >= 200ms
[0m[31;1m[541.387ms] [33m[rows:1][35m SELECT SCHEMA_NAME from Information_schema.SCHEMATA where SCHEMA_NAME LIKE 'b2hbqaai8d5tyfpljuoi%' ORDER BY SCHEMA_NAME='b2hbqaai8d5tyfpljuoi' DESC,SCHEMA_NAME limit 1[0m

2025/10/06 12:49:56 [32m/Users/jhafetcanepa/Documents/tesis_titulacion/back_usuarios/main.go:161 [33mSLOW SQL >= 200ms
[0m[31;1m[429.052ms] [33m[rows:-][35m SELECT count(*) FROM information_schema.statistics WHERE table_schema = 'b2hbqaai8d5tyfpljuoi' AND table_name = 'security_logs' AND index_name = 'idx_security_logs_ip_address'[0m

2025/10/06 12:49:56 [32m/Users/jhafetcanepa/Documents/tesis_titulacion/back_usuarios/main.go:161 [33mSLOW SQL >= 200ms
[0m[31;1m[303.289ms] [33m[rows:-][35m SELECT DATABASE()[0m

2025/10/06 12:49:57 [32m/Users/jhafetcanepa/Documents/tesis_titulacion/back_usuarios/main.go:161 [33mSLOW SQL >= 200ms
[0m[31;1m[673.102ms] [33m[rows:1][35m SELECT SCHEMA_NAME from Information_schema.SCHEMATA where SCHEMA_NAME LIKE 'b2hbqaai8d5tyfpljuoi%' ORDER BY SCHEMA_NAME='b2hbqaai8d5tyfpljuoi' DESC,SCHEMA_NAME limit 1[0m

2025/10/06 12:49:58 [32m/Users/jhafetcanepa/Documents/tesis_titulacion/back_usuarios/main.go:161 [33mSLOW SQL >= 200ms
[0m[31;1m[438.209ms] [33m[rows:-][35m SELECT count(*) FROM information_schema.statistics WHERE table_schema = 'b2hbqaai8d5tyfpljuoi' AND table_name = 'security_logs' AND index_name = 'idx_security_logs_created_at'[0m

2025/10/06 12:49:58 [32m/Users/jhafetcanepa/Documents/tesis_titulacion/back_usuarios/main.go:161 [33mSLOW SQL >= 200ms
[0m[31;1m[219.433ms] [33m[rows:-][35m SELECT DATABASE()[0m

2025/10/06 12:49:58 [32m/Users/jhafetcanepa/Documents/tesis_titulacion/back_usuarios/main.go:161 [33mSLOW SQL >= 200ms
[0m[31;1m[582.531ms] [33m[rows:1][35m SELECT SCHEMA_NAME from Information_schema.SCHEMATA where SCHEMA_NAME LIKE 'b2hbqaai8d5tyfpljuoi%' ORDER BY SCHEMA_NAME='b2hbqaai8d5tyfpljuoi' DESC,SCHEMA_NAME limit 1[0m

2025/10/06 12:49:59 [32m/Users/jhafetcanepa/Documents/tesis_titulacion/back_usuarios/main.go:161 [33mSLOW SQL >= 200ms
[0m[31;1m[482.983ms] [33m[rows:-][35m SELECT count(*) FROM information_schema.statistics WHERE table_schema = 'b2hbqaai8d5tyfpljuoi' AND table_name = 'security_logs' AND index_name = 'idx_security_logs_event_type'[0m

2025/10/06 12:49:59 [32m/Users/jhafetcanepa/Documents/tesis_titulacion/back_usuarios/main.go:161 [33mSLOW SQL >= 200ms
[0m[31;1m[206.663ms] [33m[rows:-][35m SELECT DATABASE()[0m

2025/10/06 12:50:00 [32m/Users/jhafetcanepa/Documents/tesis_titulacion/back_usuarios/main.go:161 [33mSLOW SQL >= 200ms
[0m[31;1m[558.430ms] [33m[rows:1][35m SELECT SCHEMA_NAME from Information_schema.SCHEMATA where SCHEMA_NAME LIKE 'b2hbqaai8d5tyfpljuoi%' ORDER BY SCHEMA_NAME='b2hbqaai8d5tyfpljuoi' DESC,SCHEMA_NAME limit 1[0m

2025/10/06 12:50:00 [32m/Users/jhafetcanepa/Documents/tesis_titulacion/back_usuarios/main.go:161 [33mSLOW SQL >= 200ms
[0m[31;1m[432.247ms] [33m[rows:-][35m SELECT count(*) FROM information_schema.tables WHERE table_schema = 'b2hbqaai8d5tyfpljuoi' AND table_name = 'password_histories' AND table_type = 'BASE TABLE'[0m

2025/10/06 12:50:00 [32m/Users/jhafetcanepa/Documents/tesis_titulacion/back_usuarios/main.go:161 [33mSLOW SQL >= 200ms
[0m[31;1m[217.863ms] [33m[rows:-][35m SELECT DATABASE()[0m

2025/10/06 12:50:01 [32m/Users/jhafetcanepa/Documents/tesis_titulacion/back_usuarios/main.go:161 [33mSLOW SQL >= 200ms
[0m[31;1m[576.044ms] [33m[rows:1][35m SELECT SCHEMA_NAME from Information_schema.SCHEMATA where SCHEMA_NAME LIKE 'b2hbqaai8d5tyfpljuoi%' ORDER BY SCHEMA_NAME='b2hbqaai8d5tyfpljuoi' DESC,SCHEMA_NAME limit 1[0m

2025/10/06 12:50:01 [32m/Users/jhafetcanepa/Documents/tesis_titulacion/back_usuarios/main.go:161 [33mSLOW SQL >= 200ms
[0m[31;1m[463.834ms] [33m[rows:-][35m SELECT * FROM `password_histories` LIMIT 1[0m

2025/10/06 12:50:02 [32m/Users/jhafetcanepa/Documents/tesis_titulacion/back_usuarios/main.go:161 [33mSLOW SQL >= 200ms
[0m[31;1m[481.771ms] [33m[rows:-][35m SELECT column_name, column_default, is_nullable = 'YES', data_type, character_maximum_length, column_type, column_key, extra, column_comment, numeric_precision, numeric_scale , datetime_precision FROM information_schema.columns WHERE table_schema = 'b2hbqaai8d5tyfpljuoi' AND table_name = 'password_histories' ORDER BY ORDINAL_POSITION[0m

2025/10/06 12:50:02 [32m/Users/jhafetcanepa/Documents/tesis_titulacion/back_usuarios/main.go:161 [33mSLOW SQL >= 200ms
[0m[31;1m[218.057ms] [33m[rows:-][35m SELECT DATABASE()[0m

2025/10/06 12:50:03 [32m/Users/jhafetcanepa/Documents/tesis_titulacion/back_usuarios/main.go:161 [33mSLOW SQL >= 200ms
[0m[31;1m[600.482ms] [33m[rows:1][35m SELECT SCHEMA_NAME from Information_schema.SCHEMATA where SCHEMA_NAME LIKE 'b2hbqaai8d5tyfpljuoi%' ORDER BY SCHEMA_NAME='b2hbqaai8d5tyfpljuoi' DESC,SCHEMA_NAME limit 1[0m

2025/10/06 12:50:03 [32m/Users/jhafetcanepa/Documents/tesis_titulacion/back_usuarios/main.go:161 [33mSLOW SQL >= 200ms
[0m[31;1m[598.669ms] [33m[rows:-][35m SELECT count(*) FROM information_schema.statistics WHERE table_schema = 'b2hbqaai8d5tyfpljuoi' AND table_name = 'password_histories' AND index_name = 'idx_password_histories_user_id'[0m

2025/10/06 12:50:03 [32m/Users/jhafetcanepa/Documents/tesis_titulacion/back_usuarios/main.go:161 [33mSLOW SQL >= 200ms
[0m[31;1m[213.839ms] [33m[rows:-][35m SELECT DATABASE()[0m

2025/10/06 12:50:04 [32m/Users/jhafetcanepa/Documents/tesis_titulacion/back_usuarios/main.go:161 [33mSLOW SQL >= 200ms
[0m[31;1m[705.751ms] [33m[rows:1][35m SELECT SCHEMA_NAME from Information_schema.SCHEMATA where SCHEMA_NAME LIKE 'b2hbqaai8d5tyfpljuoi%' ORDER BY SCHEMA_NAME='b2hbqaai8d5tyfpljuoi' DESC,SCHEMA_NAME limit 1[0m

2025/10/06 12:50:05 [32m/Users/jhafetcanepa/Documents/tesis_titulacion/back_usuarios/main.go:161 [33mSLOW SQL >= 200ms
[0m[31;1m[519.509ms] [33m[rows:-][35m SELECT count(*) FROM information_schema.statistics WHERE table_schema = 'b2hbqaai8d5tyfpljuoi' AND table_name = 'password_histories' AND index_name = 'idx_password_histories_changed_by'[0m

2025/10/06 12:50:05 [32m/Users/jhafetcanepa/Documents/tesis_titulacion/back_usuarios/main.go:161 [33mSLOW SQL >= 200ms
[0m[31;1m[219.065ms] [33m[rows:-][35m SELECT DATABASE()[0m

2025/10/06 12:50:05 [32m/Users/jhafetcanepa/Documents/tesis_titulacion/back_usuarios/main.go:161 [33mSLOW SQL >= 200ms
[0m[31;1m[562.566ms] [33m[rows:1][35m SELECT SCHEMA_NAME from Information_schema.SCHEMATA where SCHEMA_NAME LIKE 'b2hbqaai8d5tyfpljuoi%' ORDER BY SCHEMA_NAME='b2hbqaai8d5tyfpljuoi' DESC,SCHEMA_NAME limit 1[0m

2025/10/06 12:50:06 [32m/Users/jhafetcanepa/Documents/tesis_titulacion/back_usuarios/main.go:161 [33mSLOW SQL >= 200ms
[0m[31;1m[498.429ms] [33m[rows:-][35m SELECT count(*) FROM information_schema.statistics WHERE table_schema = 'b2hbqaai8d5tyfpljuoi' AND table_name = 'password_histories' AND index_name = 'idx_password_histories_created_at'[0m

2025/10/06 12:50:06 [32m/Users/jhafetcanepa/Documents/tesis_titulacion/back_usuarios/main.go:161 [33mSLOW SQL >= 200ms
[0m[31;1m[225.134ms] [33m[rows:-][35m SELECT DATABASE()[0m

2025/10/06 12:50:07 [32m/Users/jhafetcanepa/Documents/tesis_titulacion/back_usuarios/main.go:161 [33mSLOW SQL >= 200ms
[0m[31;1m[564.282ms] [33m[rows:1][35m SELECT SCHEMA_NAME from Information_schema.SCHEMATA where SCHEMA_NAME LIKE 'b2hbqaai8d5tyfpljuoi%' ORDER BY SCHEMA_NAME='b2hbqaai8d5tyfpljuoi' DESC,SCHEMA_NAME limit 1[0m

2025/10/06 12:50:07 [32m/Users/jhafetcanepa/Documents/tesis_titulacion/back_usuarios/main.go:161 [33mSLOW SQL >= 200ms
[0m[31;1m[452.113ms] [33m[rows:-][35m SELECT count(*) FROM information_schema.tables WHERE table_schema = 'b2hbqaai8d5tyfpljuoi' AND table_name = 'user_relationships' AND table_type = 'BASE TABLE'[0m

2025/10/06 12:50:07 [32m/Users/jhafetcanepa/Documents/tesis_titulacion/back_usuarios/main.go:161 [33mSLOW SQL >= 200ms
[0m[31;1m[222.635ms] [33m[rows:-][35m SELECT DATABASE()[0m

2025/10/06 12:50:08 [32m/Users/jhafetcanepa/Documents/tesis_titulacion/back_usuarios/main.go:161 [33mSLOW SQL >= 200ms
[0m[31;1m[887.690ms] [33m[rows:1][35m SELECT SCHEMA_NAME from Information_schema.SCHEMATA where SCHEMA_NAME LIKE 'b2hbqaai8d5tyfpljuoi%' ORDER BY SCHEMA_NAME='b2hbqaai8d5tyfpljuoi' DESC,SCHEMA_NAME limit 1[0m

2025/10/06 12:50:09 [32m/Users/jhafetcanepa/Documents/tesis_titulacion/back_usuarios/main.go:161 [33mSLOW SQL >= 200ms
[0m[31;1m[439.586ms] [33m[rows:-][35m SELECT * FROM `user_relationships` LIMIT 1[0m

2025/10/06 12:50:09 [32m/Users/jhafetcanepa/Documents/tesis_titulacion/back_usuarios/main.go:161 [33mSLOW SQL >= 200ms
[0m[31;1m[441.234ms] [33m[rows:-][35m SELECT column_name, column_default, is_nullable = 'YES', data_type, character_maximum_length, column_type, column_key, extra, column_comment, numeric_precision, numeric_scale , datetime_precision FROM information_schema.columns WHERE table_schema = 'b2hbqaai8d5tyfpljuoi' AND table_name = 'user_relationships' ORDER BY ORDINAL_POSITION[0m

2025/10/06 12:50:09 [32m/Users/jhafetcanepa/Documents/tesis_titulacion/back_usuarios/main.go:161 [33mSLOW SQL >= 200ms
[0m[31;1m[216.044ms] [33m[rows:-][35m SELECT DATABASE()[0m

2025/10/06 12:50:10 [32m/Users/jhafetcanepa/Documents/tesis_titulacion/back_usuarios/main.go:161 [33mSLOW SQL >= 200ms
[0m[31;1m[556.252ms] [33m[rows:1][35m SELECT SCHEMA_NAME from Information_schema.SCHEMATA where SCHEMA_NAME LIKE 'b2hbqaai8d5tyfpljuoi%' ORDER BY SCHEMA_NAME='b2hbqaai8d5tyfpljuoi' DESC,SCHEMA_NAME limit 1[0m

2025/10/06 12:50:10 [32m/Users/jhafetcanepa/Documents/tesis_titulacion/back_usuarios/main.go:161 [33mSLOW SQL >= 200ms
[0m[31;1m[444.903ms] [33m[rows:-][35m SELECT count(*) FROM information_schema.statistics WHERE table_schema = 'b2hbqaai8d5tyfpljuoi' AND table_name = 'user_relationships' AND index_name = 'idx_parent_child'[0m

2025/10/06 12:50:11 [32m/Users/jhafetcanepa/Documents/tesis_titulacion/back_usuarios/main.go:161 [33mSLOW SQL >= 200ms
[0m[31;1m[209.555ms] [33m[rows:-][35m SELECT DATABASE()[0m

2025/10/06 12:50:11 [32m/Users/jhafetcanepa/Documents/tesis_titulacion/back_usuarios/main.go:161 [33mSLOW SQL >= 200ms
[0m[31;1m[588.633ms] [33m[rows:1][35m SELECT SCHEMA_NAME from Information_schema.SCHEMATA where SCHEMA_NAME LIKE 'b2hbqaai8d5tyfpljuoi%' ORDER BY SCHEMA_NAME='b2hbqaai8d5tyfpljuoi' DESC,SCHEMA_NAME limit 1[0m

2025/10/06 12:50:12 [32m/Users/jhafetcanepa/Documents/tesis_titulacion/back_usuarios/main.go:161 [33mSLOW SQL >= 200ms
[0m[31;1m[483.233ms] [33m[rows:-][35m SELECT count(*) FROM information_schema.tables WHERE table_schema = 'b2hbqaai8d5tyfpljuoi' AND table_name = 'photo_changes' AND table_type = 'BASE TABLE'[0m

2025/10/06 12:50:12 [32m/Users/jhafetcanepa/Documents/tesis_titulacion/back_usuarios/main.go:161 [33mSLOW SQL >= 200ms
[0m[31;1m[204.921ms] [33m[rows:-][35m SELECT DATABASE()[0m

2025/10/06 12:50:12 [32m/Users/jhafetcanepa/Documents/tesis_titulacion/back_usuarios/main.go:161 [33mSLOW SQL >= 200ms
[0m[31;1m[569.047ms] [33m[rows:1][35m SELECT SCHEMA_NAME from Information_schema.SCHEMATA where SCHEMA_NAME LIKE 'b2hbqaai8d5tyfpljuoi%' ORDER BY SCHEMA_NAME='b2hbqaai8d5tyfpljuoi' DESC,SCHEMA_NAME limit 1[0m

2025/10/06 12:50:13 [32m/Users/jhafetcanepa/Documents/tesis_titulacion/back_usuarios/main.go:161 [33mSLOW SQL >= 200ms
[0m[31;1m[451.107ms] [33m[rows:-][35m SELECT * FROM `photo_changes` LIMIT 1[0m

2025/10/06 12:50:15 [32m/Users/jhafetcanepa/Documents/tesis_titulacion/back_usuarios/main.go:161 [33mSLOW SQL >= 200ms
[0m[31;1m[483.642ms] [33m[rows:-][35m SELECT column_name, column_default, is_nullable = 'YES', data_type, character_maximum_length, column_type, column_key, extra, column_comment, numeric_precision, numeric_scale , datetime_precision FROM information_schema.columns WHERE table_schema = 'b2hbqaai8d5tyfpljuoi' AND table_name = 'photo_changes' ORDER BY ORDINAL_POSITION[0m

2025/10/06 12:50:15 [32m/Users/jhafetcanepa/Documents/tesis_titulacion/back_usuarios/main.go:161 [33mSLOW SQL >= 200ms
[0m[31;1m[205.838ms] [33m[rows:-][35m SELECT DATABASE()[0m

2025/10/06 12:50:15 [32m/Users/jhafetcanepa/Documents/tesis_titulacion/back_usuarios/main.go:161 [33mSLOW SQL >= 200ms
[0m[31;1m[574.907ms] [33m[rows:1][35m SELECT SCHEMA_NAME from Information_schema.SCHEMATA where SCHEMA_NAME LIKE 'b2hbqaai8d5tyfpljuoi%' ORDER BY SCHEMA_NAME='b2hbqaai8d5tyfpljuoi' DESC,SCHEMA_NAME limit 1[0m

2025/10/06 12:50:16 [32m/Users/jhafetcanepa/Documents/tesis_titulacion/back_usuarios/main.go:161 [33mSLOW SQL >= 200ms
[0m[31;1m[585.278ms] [33m[rows:-][35m SELECT count(*) FROM information_schema.statistics WHERE table_schema = 'b2hbqaai8d5tyfpljuoi' AND table_name = 'photo_changes' AND index_name = 'idx_photo_changes_user_id'[0m

2025/10/06 12:50:16 [32m/Users/jhafetcanepa/Documents/tesis_titulacion/back_usuarios/main.go:161 [33mSLOW SQL >= 200ms
[0m[31;1m[459.387ms] [33m[rows:-][35m SELECT DATABASE()[0m

2025/10/06 12:50:17 [32m/Users/jhafetcanepa/Documents/tesis_titulacion/back_usuarios/main.go:161 [33mSLOW SQL >= 200ms
[0m[31;1m[640.875ms] [33m[rows:1][35m SELECT SCHEMA_NAME from Information_schema.SCHEMATA where SCHEMA_NAME LIKE 'b2hbqaai8d5tyfpljuoi%' ORDER BY SCHEMA_NAME='b2hbqaai8d5tyfpljuoi' DESC,SCHEMA_NAME limit 1[0m

2025/10/06 12:50:18 [32m/Users/jhafetcanepa/Documents/tesis_titulacion/back_usuarios/main.go:161 [33mSLOW SQL >= 200ms
[0m[31;1m[613.794ms] [33m[rows:-][35m SELECT count(*) FROM information_schema.statistics WHERE table_schema = 'b2hbqaai8d5tyfpljuoi' AND table_name = 'photo_changes' AND index_name = 'idx_photo_changes_changed_at'[0m

2025/10/06 12:50:18 [32m/Users/jhafetcanepa/Documents/tesis_titulacion/back_usuarios/main.go:161 [33mSLOW SQL >= 200ms
[0m[31;1m[309.372ms] [33m[rows:-][35m SELECT DATABASE()[0m

2025/10/06 12:50:19 [32m/Users/jhafetcanepa/Documents/tesis_titulacion/back_usuarios/main.go:161 [33mSLOW SQL >= 200ms
[0m[31;1m[611.271ms] [33m[rows:1][35m SELECT SCHEMA_NAME from Information_schema.SCHEMATA where SCHEMA_NAME LIKE 'b2hbqaai8d5tyfpljuoi%' ORDER BY SCHEMA_NAME='b2hbqaai8d5tyfpljuoi' DESC,SCHEMA_NAME limit 1[0m

2025/10/06 12:50:19 [32m/Users/jhafetcanepa/Documents/tesis_titulacion/back_usuarios/main.go:161 [33mSLOW SQL >= 200ms
[0m[31;1m[543.688ms] [33m[rows:-][35m SELECT count(*) FROM information_schema.tables WHERE table_schema = 'b2hbqaai8d5tyfpljuoi' AND table_name = 'banner_changes' AND table_type = 'BASE TABLE'[0m

2025/10/06 12:50:19 [32m/Users/jhafetcanepa/Documents/tesis_titulacion/back_usuarios/main.go:161 [33mSLOW SQL >= 200ms
[0m[31;1m[376.791ms] [33m[rows:-][35m SELECT DATABASE()[0m

2025/10/06 12:50:20 [32m/Users/jhafetcanepa/Documents/tesis_titulacion/back_usuarios/main.go:161 [33mSLOW SQL >= 200ms
[0m[31;1m[553.467ms] [33m[rows:1][35m SELECT SCHEMA_NAME from Information_schema.SCHEMATA where SCHEMA_NAME LIKE 'b2hbqaai8d5tyfpljuoi%' ORDER BY SCHEMA_NAME='b2hbqaai8d5tyfpljuoi' DESC,SCHEMA_NAME limit 1[0m

2025/10/06 12:50:20 [32m/Users/jhafetcanepa/Documents/tesis_titulacion/back_usuarios/main.go:161 [33mSLOW SQL >= 200ms
[0m[31;1m[446.386ms] [33m[rows:-][35m SELECT * FROM `banner_changes` LIMIT 1[0m

2025/10/06 12:50:21 [32m/Users/jhafetcanepa/Documents/tesis_titulacion/back_usuarios/main.go:161 [33mSLOW SQL >= 200ms
[0m[31;1m[469.445ms] [33m[rows:-][35m SELECT column_name, column_default, is_nullable = 'YES', data_type, character_maximum_length, column_type, column_key, extra, column_comment, numeric_precision, numeric_scale , datetime_precision FROM information_schema.columns WHERE table_schema = 'b2hbqaai8d5tyfpljuoi' AND table_name = 'banner_changes' ORDER BY ORDINAL_POSITION[0m

2025/10/06 12:50:21 [32m/Users/jhafetcanepa/Documents/tesis_titulacion/back_usuarios/main.go:161 [33mSLOW SQL >= 200ms
[0m[31;1m[222.532ms] [33m[rows:-][35m SELECT DATABASE()[0m

2025/10/06 12:50:22 [32m/Users/jhafetcanepa/Documents/tesis_titulacion/back_usuarios/main.go:161 [33mSLOW SQL >= 200ms
[0m[31;1m[617.004ms] [33m[rows:1][35m SELECT SCHEMA_NAME from Information_schema.SCHEMATA where SCHEMA_NAME LIKE 'b2hbqaai8d5tyfpljuoi%' ORDER BY SCHEMA_NAME='b2hbqaai8d5tyfpljuoi' DESC,SCHEMA_NAME limit 1[0m

2025/10/06 12:50:22 [32m/Users/jhafetcanepa/Documents/tesis_titulacion/back_usuarios/main.go:161 [33mSLOW SQL >= 200ms
[0m[31;1m[444.841ms] [33m[rows:-][35m SELECT count(*) FROM information_schema.statistics WHERE table_schema = 'b2hbqaai8d5tyfpljuoi' AND table_name = 'banner_changes' AND index_name = 'idx_banner_changes_user_id'[0m

2025/10/06 12:50:23 [32m/Users/jhafetcanepa/Documents/tesis_titulacion/back_usuarios/main.go:161 [33mSLOW SQL >= 200ms
[0m[31;1m[251.400ms] [33m[rows:-][35m SELECT DATABASE()[0m

2025/10/06 12:50:23 [32m/Users/jhafetcanepa/Documents/tesis_titulacion/back_usuarios/main.go:161 [33mSLOW SQL >= 200ms
[0m[31;1m[554.002ms] [33m[rows:1][35m SELECT SCHEMA_NAME from Information_schema.SCHEMATA where SCHEMA_NAME LIKE 'b2hbqaai8d5tyfpljuoi%' ORDER BY SCHEMA_NAME='b2hbqaai8d5tyfpljuoi' DESC,SCHEMA_NAME limit 1[0m

2025/10/06 12:50:24 [32m/Users/jhafetcanepa/Documents/tesis_titulacion/back_usuarios/main.go:161 [33mSLOW SQL >= 200ms
[0m[31;1m[457.813ms] [33m[rows:-][35m SELECT count(*) FROM information_schema.statistics WHERE table_schema = 'b2hbqaai8d5tyfpljuoi' AND table_name = 'banner_changes' AND index_name = 'idx_banner_changes_changed_at'[0m

2025/10/06 12:50:24 [32m/Users/jhafetcanepa/Documents/tesis_titulacion/back_usuarios/main.go:161 [33mSLOW SQL >= 200ms
[0m[31;1m[229.596ms] [33m[rows:-][35m SELECT DATABASE()[0m

2025/10/06 12:50:24 [32m/Users/jhafetcanepa/Documents/tesis_titulacion/back_usuarios/main.go:161 [33mSLOW SQL >= 200ms
[0m[31;1m[564.656ms] [33m[rows:1][35m SELECT SCHEMA_NAME from Information_schema.SCHEMATA where SCHEMA_NAME LIKE 'b2hbqaai8d5tyfpljuoi%' ORDER BY SCHEMA_NAME='b2hbqaai8d5tyfpljuoi' DESC,SCHEMA_NAME limit 1[0m

2025/10/06 12:50:25 [32m/Users/jhafetcanepa/Documents/tesis_titulacion/back_usuarios/main.go:161 [33mSLOW SQL >= 200ms
[0m[31;1m[452.100ms] [33m[rows:-][35m SELECT count(*) FROM information_schema.tables WHERE table_schema = 'b2hbqaai8d5tyfpljuoi' AND table_name = 'profile_changes' AND table_type = 'BASE TABLE'[0m

2025/10/06 12:50:25 [32m/Users/jhafetcanepa/Documents/tesis_titulacion/back_usuarios/main.go:161 [33mSLOW SQL >= 200ms
[0m[31;1m[219.370ms] [33m[rows:-][35m SELECT DATABASE()[0m

2025/10/06 12:50:26 [32m/Users/jhafetcanepa/Documents/tesis_titulacion/back_usuarios/main.go:161 [33mSLOW SQL >= 200ms
[0m[31;1m[593.968ms] [33m[rows:1][35m SELECT SCHEMA_NAME from Information_schema.SCHEMATA where SCHEMA_NAME LIKE 'b2hbqaai8d5tyfpljuoi%' ORDER BY SCHEMA_NAME='b2hbqaai8d5tyfpljuoi' DESC,SCHEMA_NAME limit 1[0m

2025/10/06 12:50:26 [32m/Users/jhafetcanepa/Documents/tesis_titulacion/back_usuarios/main.go:161 [33mSLOW SQL >= 200ms
[0m[31;1m[424.583ms] [33m[rows:-][35m SELECT * FROM `profile_changes` LIMIT 1[0m

2025/10/06 12:50:27 [32m/Users/jhafetcanepa/Documents/tesis_titulacion/back_usuarios/main.go:161 [33mSLOW SQL >= 200ms
[0m[31;1m[504.183ms] [33m[rows:-][35m SELECT column_name, column_default, is_nullable = 'YES', data_type, character_maximum_length, column_type, column_key, extra, column_comment, numeric_precision, numeric_scale , datetime_precision FROM information_schema.columns WHERE table_schema = 'b2hbqaai8d5tyfpljuoi' AND table_name = 'profile_changes' ORDER BY ORDINAL_POSITION[0m

2025/10/06 12:50:27 [32m/Users/jhafetcanepa/Documents/tesis_titulacion/back_usuarios/main.go:161 [33mSLOW SQL >= 200ms
[0m[31;1m[214.042ms] [33m[rows:-][35m SELECT DATABASE()[0m

2025/10/06 12:50:27 [32m/Users/jhafetcanepa/Documents/tesis_titulacion/back_usuarios/main.go:161 [33mSLOW SQL >= 200ms
[0m[31;1m[512.318ms] [33m[rows:1][35m SELECT SCHEMA_NAME from Information_schema.SCHEMATA where SCHEMA_NAME LIKE 'b2hbqaai8d5tyfpljuoi%' ORDER BY SCHEMA_NAME='b2hbqaai8d5tyfpljuoi' DESC,SCHEMA_NAME limit 1[0m

2025/10/06 12:50:28 [32m/Users/jhafetcanepa/Documents/tesis_titulacion/back_usuarios/main.go:161 [33mSLOW SQL >= 200ms
[0m[31;1m[438.939ms] [33m[rows:-][35m SELECT count(*) FROM information_schema.statistics WHERE table_schema = 'b2hbqaai8d5tyfpljuoi' AND table_name = 'profile_changes' AND index_name = 'idx_profile_changes_user_id'[0m

2025/10/06 12:50:28 [32m/Users/jhafetcanepa/Documents/tesis_titulacion/back_usuarios/main.go:161 [33mSLOW SQL >= 200ms
[0m[31;1m[218.885ms] [33m[rows:-][35m SELECT DATABASE()[0m

2025/10/06 12:50:28 [32m/Users/jhafetcanepa/Documents/tesis_titulacion/back_usuarios/main.go:161 [33mSLOW SQL >= 200ms
[0m[31;1m[558.208ms] [33m[rows:1][35m SELECT SCHEMA_NAME from Information_schema.SCHEMATA where SCHEMA_NAME LIKE 'b2hbqaai8d5tyfpljuoi%' ORDER BY SCHEMA_NAME='b2hbqaai8d5tyfpljuoi' DESC,SCHEMA_NAME limit 1[0m

2025/10/06 12:50:29 [32m/Users/jhafetcanepa/Documents/tesis_titulacion/back_usuarios/main.go:161 [33mSLOW SQL >= 200ms
[0m[31;1m[421.095ms] [33m[rows:-][35m SELECT count(*) FROM information_schema.statistics WHERE table_schema = 'b2hbqaai8d5tyfpljuoi' AND table_name = 'profile_changes' AND index_name = 'idx_profile_changes_changed_at'[0m

2025/10/06 12:50:29 [32m/Users/jhafetcanepa/Documents/tesis_titulacion/back_usuarios/main.go:161 [33mSLOW SQL >= 200ms
[0m[31;1m[221.073ms] [33m[rows:-][35m SELECT DATABASE()[0m

2025/10/06 12:50:30 [32m/Users/jhafetcanepa/Documents/tesis_titulacion/back_usuarios/main.go:161 [33mSLOW SQL >= 200ms
[0m[31;1m[543.135ms] [33m[rows:1][35m SELECT SCHEMA_NAME from Information_schema.SCHEMATA where SCHEMA_NAME LIKE 'b2hbqaai8d5tyfpljuoi%' ORDER BY SCHEMA_NAME='b2hbqaai8d5tyfpljuoi' DESC,SCHEMA_NAME limit 1[0m

2025/10/06 12:50:30 [32m/Users/jhafetcanepa/Documents/tesis_titulacion/back_usuarios/main.go:161 [33mSLOW SQL >= 200ms
[0m[31;1m[442.524ms] [33m[rows:-][35m SELECT count(*) FROM information_schema.tables WHERE table_schema = 'b2hbqaai8d5tyfpljuoi' AND table_name = 'otps' AND table_type = 'BASE TABLE'[0m

2025/10/06 12:50:30 [32m/Users/jhafetcanepa/Documents/tesis_titulacion/back_usuarios/main.go:161 [33mSLOW SQL >= 200ms
[0m[31;1m[207.189ms] [33m[rows:-][35m SELECT DATABASE()[0m

2025/10/06 12:50:31 [32m/Users/jhafetcanepa/Documents/tesis_titulacion/back_usuarios/main.go:161 [33mSLOW SQL >= 200ms
[0m[31;1m[559.198ms] [33m[rows:1][35m SELECT SCHEMA_NAME from Information_schema.SCHEMATA where SCHEMA_NAME LIKE 'b2hbqaai8d5tyfpljuoi%' ORDER BY SCHEMA_NAME='b2hbqaai8d5tyfpljuoi' DESC,SCHEMA_NAME limit 1[0m

2025/10/06 12:50:31 [32m/Users/jhafetcanepa/Documents/tesis_titulacion/back_usuarios/main.go:161 [33mSLOW SQL >= 200ms
[0m[31;1m[482.724ms] [33m[rows:-][35m SELECT * FROM `otps` LIMIT 1[0m

2025/10/06 12:50:32 [32m/Users/jhafetcanepa/Documents/tesis_titulacion/back_usuarios/main.go:161 [33mSLOW SQL >= 200ms
[0m[31;1m[430.387ms] [33m[rows:-][35m SELECT column_name, column_default, is_nullable = 'YES', data_type, character_maximum_length, column_type, column_key, extra, column_comment, numeric_precision, numeric_scale , datetime_precision FROM information_schema.columns WHERE table_schema = 'b2hbqaai8d5tyfpljuoi' AND table_name = 'otps' ORDER BY ORDINAL_POSITION[0m

2025/10/06 12:50:32 [32m/Users/jhafetcanepa/Documents/tesis_titulacion/back_usuarios/main.go:161 [33mSLOW SQL >= 200ms
[0m[31;1m[230.614ms] [33m[rows:-][35m SELECT DATABASE()[0m

2025/10/06 12:50:33 [32m/Users/jhafetcanepa/Documents/tesis_titulacion/back_usuarios/main.go:161 [33mSLOW SQL >= 200ms
[0m[31;1m[547.380ms] [33m[rows:1][35m SELECT SCHEMA_NAME from Information_schema.SCHEMATA where SCHEMA_NAME LIKE 'b2hbqaai8d5tyfpljuoi%' ORDER BY SCHEMA_NAME='b2hbqaai8d5tyfpljuoi' DESC,SCHEMA_NAME limit 1[0m

2025/10/06 12:50:33 [32m/Users/jhafetcanepa/Documents/tesis_titulacion/back_usuarios/main.go:161 [33mSLOW SQL >= 200ms
[0m[31;1m[470.718ms] [33m[rows:-][35m SELECT count(*) FROM information_schema.tables WHERE table_schema = 'b2hbqaai8d5tyfpljuoi' AND table_name = 'otp_resends' AND table_type = 'BASE TABLE'[0m

2025/10/06 12:50:33 [32m/Users/jhafetcanepa/Documents/tesis_titulacion/back_usuarios/main.go:161 [33mSLOW SQL >= 200ms
[0m[31;1m[212.508ms] [33m[rows:-][35m SELECT DATABASE()[0m

2025/10/06 12:50:34 [32m/Users/jhafetcanepa/Documents/tesis_titulacion/back_usuarios/main.go:161 [33mSLOW SQL >= 200ms
[0m[31;1m[564.149ms] [33m[rows:1][35m SELECT SCHEMA_NAME from Information_schema.SCHEMATA where SCHEMA_NAME LIKE 'b2hbqaai8d5tyfpljuoi%' ORDER BY SCHEMA_NAME='b2hbqaai8d5tyfpljuoi' DESC,SCHEMA_NAME limit 1[0m

2025/10/06 12:50:34 [32m/Users/jhafetcanepa/Documents/tesis_titulacion/back_usuarios/main.go:161 [33mSLOW SQL >= 200ms
[0m[31;1m[431.793ms] [33m[rows:-][35m SELECT * FROM `otp_resends` LIMIT 1[0m

2025/10/06 12:50:35 [32m/Users/jhafetcanepa/Documents/tesis_titulacion/back_usuarios/main.go:161 [33mSLOW SQL >= 200ms
[0m[31;1m[442.704ms] [33m[rows:-][35m SELECT column_name, column_default, is_nullable = 'YES', data_type, character_maximum_length, column_type, column_key, extra, column_comment, numeric_precision, numeric_scale , datetime_precision FROM information_schema.columns WHERE table_schema = 'b2hbqaai8d5tyfpljuoi' AND table_name = 'otp_resends' ORDER BY ORDINAL_POSITION[0m

2025/10/06 12:50:35 [32m/Users/jhafetcanepa/Documents/tesis_titulacion/back_usuarios/main.go:161 [33mSLOW SQL >= 200ms
[0m[31;1m[273.089ms] [33m[rows:-][35m SELECT DATABASE()[0m

2025/10/06 12:50:35 [32m/Users/jhafetcanepa/Documents/tesis_titulacion/back_usuarios/main.go:161 [33mSLOW SQL >= 200ms
[0m[31;1m[553.004ms] [33m[rows:1][35m SELECT SCHEMA_NAME from Information_schema.SCHEMATA where SCHEMA_NAME LIKE 'b2hbqaai8d5tyfpljuoi%' ORDER BY SCHEMA_NAME='b2hbqaai8d5tyfpljuoi' DESC,SCHEMA_NAME limit 1[0m

2025/10/06 12:50:36 [32m/Users/jhafetcanepa/Documents/tesis_titulacion/back_usuarios/main.go:161 [33mSLOW SQL >= 200ms
[0m[31;1m[451.579ms] [33m[rows:-][35m SELECT count(*) FROM information_schema.tables WHERE table_schema = 'b2hbqaai8d5tyfpljuoi' AND table_name = 'patients' AND table_type = 'BASE TABLE'[0m

2025/10/06 12:50:36 [32m/Users/jhafetcanepa/Documents/tesis_titulacion/back_usuarios/main.go:161 [33mSLOW SQL >= 200ms
[0m[31;1m[236.328ms] [33m[rows:-][35m SELECT DATABASE()[0m

2025/10/06 12:50:37 [32m/Users/jhafetcanepa/Documents/tesis_titulacion/back_usuarios/main.go:161 [33mSLOW SQL >= 200ms
[0m[31;1m[536.339ms] [33m[rows:1][35m SELECT SCHEMA_NAME from Information_schema.SCHEMATA where SCHEMA_NAME LIKE 'b2hbqaai8d5tyfpljuoi%' ORDER BY SCHEMA_NAME='b2hbqaai8d5tyfpljuoi' DESC,SCHEMA_NAME limit 1[0m

2025/10/06 12:50:37 [32m/Users/jhafetcanepa/Documents/tesis_titulacion/back_usuarios/main.go:161 [33mSLOW SQL >= 200ms
[0m[31;1m[446.354ms] [33m[rows:-][35m SELECT * FROM `patients` LIMIT 1[0m

2025/10/06 12:50:38 [32m/Users/jhafetcanepa/Documents/tesis_titulacion/back_usuarios/main.go:161 [33mSLOW SQL >= 200ms
[0m[31;1m[555.884ms] [33m[rows:-][35m SELECT column_name, column_default, is_nullable = 'YES', data_type, character_maximum_length, column_type, column_key, extra, column_comment, numeric_precision, numeric_scale , datetime_precision FROM information_schema.columns WHERE table_schema = 'b2hbqaai8d5tyfpljuoi' AND table_name = 'patients' ORDER BY ORDINAL_POSITION[0m

2025/10/06 12:50:38 [32m [33mSLOW SQL >= 200ms
[0m[31;1m[210.645ms] [33m[rows:-][35m SELECT DATABASE()[0m

2025/10/06 12:50:39 [32m [33mSLOW SQL >= 200ms
[0m[31;1m[525.994ms] [33m[rows:1][35m SELECT SCHEMA_NAME from Information_schema.SCHEMATA where SCHEMA_NAME LIKE 'b2hbqaai8d5tyfpljuoi%' ORDER BY SCHEMA_NAME='b2hbqaai8d5tyfpljuoi' DESC,SCHEMA_NAME limit 1[0m

2025/10/06 12:50:39 [32m/Users/jhafetcanepa/Documents/tesis_titulacion/back_usuarios/main.go:161 [33mSLOW SQL >= 200ms
[0m[31;1m[435.014ms] [33m[rows:8][35m 
SELECT
	TABLE_NAME,
	COLUMN_NAME,
	INDEX_NAME,
	NON_UNIQUE 
FROM
	information_schema.STATISTICS 
WHERE
	TABLE_SCHEMA = 'b2hbqaai8d5tyfpljuoi' 
	AND TABLE_NAME = 'patients' 
ORDER BY
	INDEX_NAME,
	SEQ_IN_INDEX[0m

2025/10/06 12:50:39 [32m [33mSLOW SQL >= 200ms
[0m[31;1m[218.415ms] [33m[rows:-][35m SELECT DATABASE()[0m

2025/10/06 12:50:40 [32m [33mSLOW SQL >= 200ms
[0m[31;1m[550.218ms] [33m[rows:1][35m SELECT SCHEMA_NAME from Information_schema.SCHEMATA where SCHEMA_NAME LIKE 'b2hbqaai8d5tyfpljuoi%' ORDER BY SCHEMA_NAME='b2hbqaai8d5tyfpljuoi' DESC,SCHEMA_NAME limit 1[0m

2025/10/06 12:50:40 [32m [33mSLOW SQL >= 200ms
[0m[31;1m[429.196ms] [33m[rows:-][35m SELECT count(*) FROM INFORMATION_SCHEMA.table_constraints WHERE constraint_schema = 'b2hbqaai8d5tyfpljuoi' AND table_name = 'patients' AND constraint_name = 'uni_patients_num_documento'[0m

2025/10/06 12:50:40 [32m [33mSLOW SQL >= 200ms
[0m[31;1m[220.933ms] [33m[rows:-][35m SELECT DATABASE()[0m

2025/10/06 12:50:41 [32m [33mSLOW SQL >= 200ms
[0m[31;1m[543.152ms] [33m[rows:1][35m SELECT SCHEMA_NAME from Information_schema.SCHEMATA where SCHEMA_NAME LIKE 'b2hbqaai8d5tyfpljuoi%' ORDER BY SCHEMA_NAME='b2hbqaai8d5tyfpljuoi' DESC,SCHEMA_NAME limit 1[0m

2025/10/06 12:50:41 [32m [33mSLOW SQL >= 200ms
[0m[31;1m[421.856ms] [33m[rows:-][35m SELECT count(*) FROM information_schema.statistics WHERE table_schema = 'b2hbqaai8d5tyfpljuoi' AND table_name = 'patients' AND index_name = 'idx_patients_num_documento'[0m

2025/10/06 12:50:42 [32m/Users/jhafetcanepa/Documents/tesis_titulacion/back_usuarios/main.go:161 [33mSLOW SQL >= 200ms
[0m[31;1m[224.163ms] [33m[rows:-][35m SELECT DATABASE()[0m

2025/10/06 12:50:42 [32m/Users/jhafetcanepa/Documents/tesis_titulacion/back_usuarios/main.go:161 [33mSLOW SQL >= 200ms
[0m[31;1m[540.450ms] [33m[rows:1][35m SELECT SCHEMA_NAME from Information_schema.SCHEMATA where SCHEMA_NAME LIKE 'b2hbqaai8d5tyfpljuoi%' ORDER BY SCHEMA_NAME='b2hbqaai8d5tyfpljuoi' DESC,SCHEMA_NAME limit 1[0m

2025/10/06 12:50:43 [32m/Users/jhafetcanepa/Documents/tesis_titulacion/back_usuarios/main.go:161 [33mSLOW SQL >= 200ms
[0m[31;1m[446.863ms] [33m[rows:-][35m SELECT count(*) FROM information_schema.statistics WHERE table_schema = 'b2hbqaai8d5tyfpljuoi' AND table_name = 'patients' AND index_name = 'idx_patients_cuidador_id'[0m

2025/10/06 12:50:43 [32m/Users/jhafetcanepa/Documents/tesis_titulacion/back_usuarios/main.go:161 [33mSLOW SQL >= 200ms
[0m[31;1m[211.810ms] [33m[rows:-][35m SELECT DATABASE()[0m

2025/10/06 12:50:43 [32m/Users/jhafetcanepa/Documents/tesis_titulacion/back_usuarios/main.go:161 [33mSLOW SQL >= 200ms
[0m[31;1m[575.721ms] [33m[rows:1][35m SELECT SCHEMA_NAME from Information_schema.SCHEMATA where SCHEMA_NAME LIKE 'b2hbqaai8d5tyfpljuoi%' ORDER BY SCHEMA_NAME='b2hbqaai8d5tyfpljuoi' DESC,SCHEMA_NAME limit 1[0m

2025/10/06 12:50:44 [32m/Users/jhafetcanepa/Documents/tesis_titulacion/back_usuarios/main.go:161 [33mSLOW SQL >= 200ms
[0m[31;1m[438.308ms] [33m[rows:-][35m SELECT count(*) FROM information_schema.statistics WHERE table_schema = 'b2hbqaai8d5tyfpljuoi' AND table_name = 'patients' AND index_name = 'idx_patients_created_at'[0m

2025/10/06 12:50:44 [32m/Users/jhafetcanepa/Documents/tesis_titulacion/back_usuarios/main.go:161 [33mSLOW SQL >= 200ms
[0m[31;1m[221.428ms] [33m[rows:-][35m SELECT DATABASE()[0m

2025/10/06 12:50:45 [32m/Users/jhafetcanepa/Documents/tesis_titulacion/back_usuarios/main.go:161 [33mSLOW SQL >= 200ms
[0m[31;1m[558.644ms] [33m[rows:1][35m SELECT SCHEMA_NAME from Information_schema.SCHEMATA where SCHEMA_NAME LIKE 'b2hbqaai8d5tyfpljuoi%' ORDER BY SCHEMA_NAME='b2hbqaai8d5tyfpljuoi' DESC,SCHEMA_NAME limit 1[0m

2025/10/06 12:50:45 [32m/Users/jhafetcanepa/Documents/tesis_titulacion/back_usuarios/main.go:161 [33mSLOW SQL >= 200ms
[0m[31;1m[424.356ms] [33m[rows:-][35m SELECT count(*) FROM information_schema.statistics WHERE table_schema = 'b2hbqaai8d5tyfpljuoi' AND table_name = 'patients' AND index_name = 'idx_patients_deleted_at'[0m

2025/10/06 12:50:45 [32m/Users/jhafetcanepa/Documents/tesis_titulacion/back_usuarios/main.go:161 [33mSLOW SQL >= 200ms
[0m[31;1m[217.952ms] [33m[rows:-][35m SELECT DATABASE()[0m

2025/10/06 12:50:46 [32m/Users/jhafetcanepa/Documents/tesis_titulacion/back_usuarios/main.go:161 [33mSLOW SQL >= 200ms
[0m[31;1m[577.500ms] [33m[rows:1][35m SELECT SCHEMA_NAME from Information_schema.SCHEMATA where SCHEMA_NAME LIKE 'b2hbqaai8d5tyfpljuoi%' ORDER BY SCHEMA_NAME='b2hbqaai8d5tyfpljuoi' DESC,SCHEMA_NAME limit 1[0m

2025/10/06 12:50:46 [32m/Users/jhafetcanepa/Documents/tesis_titulacion/back_usuarios/main.go:161 [33mSLOW SQL >= 200ms
[0m[31;1m[424.342ms] [33m[rows:-][35m SELECT count(*) FROM information_schema.statistics WHERE table_schema = 'b2hbqaai8d5tyfpljuoi' AND table_name = 'patients' AND index_name = 'idx_patients_serial_id'[0m

2025/10/06 12:50:46 [32m/Users/jhafetcanepa/Documents/tesis_titulacion/back_usuarios/main.go:161 [33mSLOW SQL >= 200ms
[0m[31;1m[204.596ms] [33m[rows:-][35m SELECT DATABASE()[0m

2025/10/06 12:50:47 [32m/Users/jhafetcanepa/Documents/tesis_titulacion/back_usuarios/main.go:161 [33mSLOW SQL >= 200ms
[0m[31;1m[547.876ms] [33m[rows:1][35m SELECT SCHEMA_NAME from Information_schema.SCHEMATA where SCHEMA_NAME LIKE 'b2hbqaai8d5tyfpljuoi%' ORDER BY SCHEMA_NAME='b2hbqaai8d5tyfpljuoi' DESC,SCHEMA_NAME limit 1[0m

2025/10/06 12:50:47 [32m/Users/jhafetcanepa/Documents/tesis_titulacion/back_usuarios/main.go:161 [33mSLOW SQL >= 200ms
[0m[31;1m[415.086ms] [33m[rows:-][35m SELECT count(*) FROM information_schema.statistics WHERE table_schema = 'b2hbqaai8d5tyfpljuoi' AND table_name = 'patients' AND index_name = 'idx_patients_nombres_apellidos'[0m

2025/10/06 12:50:48 [32m/Users/jhafetcanepa/Documents/tesis_titulacion/back_usuarios/main.go:161 [33mSLOW SQL >= 200ms
[0m[31;1m[227.451ms] [33m[rows:-][35m SELECT DATABASE()[0m

2025/10/06 12:50:48 [32m/Users/jhafetcanepa/Documents/tesis_titulacion/back_usuarios/main.go:161 [33mSLOW SQL >= 200ms
[0m[31;1m[554.567ms] [33m[rows:1][35m SELECT SCHEMA_NAME from Information_schema.SCHEMATA where SCHEMA_NAME LIKE 'b2hbqaai8d5tyfpljuoi%' ORDER BY SCHEMA_NAME='b2hbqaai8d5tyfpljuoi' DESC,SCHEMA_NAME limit 1[0m

2025/10/06 12:50:49 [32m/Users/jhafetcanepa/Documents/tesis_titulacion/back_usuarios/main.go:161 [33mSLOW SQL >= 200ms
[0m[31;1m[455.905ms] [33m[rows:-][35m SELECT count(*) FROM information_schema.statistics WHERE table_schema = 'b2hbqaai8d5tyfpljuoi' AND table_name = 'patients' AND index_name = 'idx_patients_num_documento'[0m

2025/10/06 12:50:49 [32m/Users/jhafetcanepa/Documents/tesis_titulacion/back_usuarios/main.go:161 [33mSLOW SQL >= 200ms
[0m[31;1m[227.272ms] [33m[rows:-][35m SELECT DATABASE()[0m

2025/10/06 12:50:49 [32m/Users/jhafetcanepa/Documents/tesis_titulacion/back_usuarios/main.go:161 [33mSLOW SQL >= 200ms
[0m[31;1m[530.234ms] [33m[rows:1][35m SELECT SCHEMA_NAME from Information_schema.SCHEMATA where SCHEMA_NAME LIKE 'b2hbqaai8d5tyfpljuoi%' ORDER BY SCHEMA_NAME='b2hbqaai8d5tyfpljuoi' DESC,SCHEMA_NAME limit 1[0m

2025/10/06 12:50:50 [32m/Users/jhafetcanepa/Documents/tesis_titulacion/back_usuarios/main.go:161 [33mSLOW SQL >= 200ms
[0m[31;1m[434.094ms] [33m[rows:-][35m SELECT count(*) FROM information_schema.statistics WHERE table_schema = 'b2hbqaai8d5tyfpljuoi' AND table_name = 'patients' AND index_name = 'idx_patients_terapeuta_id'[0m

2025/10/06 12:50:50 [32m/Users/jhafetcanepa/Documents/tesis_titulacion/back_usuarios/main.go:161 [33mSLOW SQL >= 200ms
[0m[31;1m[258.253ms] [33m[rows:-][35m SELECT DATABASE()[0m

2025/10/06 12:50:51 [32m/Users/jhafetcanepa/Documents/tesis_titulacion/back_usuarios/main.go:161 [33mSLOW SQL >= 200ms
[0m[31;1m[601.844ms] [33m[rows:1][35m SELECT SCHEMA_NAME from Information_schema.SCHEMATA where SCHEMA_NAME LIKE 'b2hbqaai8d5tyfpljuoi%' ORDER BY SCHEMA_NAME='b2hbqaai8d5tyfpljuoi' DESC,SCHEMA_NAME limit 1[0m

2025/10/06 12:50:51 [32m/Users/jhafetcanepa/Documents/tesis_titulacion/back_usuarios/main.go:161 [33mSLOW SQL >= 200ms
[0m[31;1m[438.588ms] [33m[rows:-][35m SELECT count(*) FROM information_schema.tables WHERE table_schema = 'b2hbqaai8d5tyfpljuoi' AND table_name = 'therapy_sessions' AND table_type = 'BASE TABLE'[0m

2025/10/06 12:50:51 [32m/Users/jhafetcanepa/Documents/tesis_titulacion/back_usuarios/main.go:161 [33mSLOW SQL >= 200ms
[0m[31;1m[216.044ms] [33m[rows:-][35m SELECT DATABASE()[0m

2025/10/06 12:50:52 [32m/Users/jhafetcanepa/Documents/tesis_titulacion/back_usuarios/main.go:161 [33mSLOW SQL >= 200ms
[0m[31;1m[562.207ms] [33m[rows:1][35m SELECT SCHEMA_NAME from Information_schema.SCHEMATA where SCHEMA_NAME LIKE 'b2hbqaai8d5tyfpljuoi%' ORDER BY SCHEMA_NAME='b2hbqaai8d5tyfpljuoi' DESC,SCHEMA_NAME limit 1[0m

2025/10/06 12:50:53 [32m/Users/jhafetcanepa/Documents/tesis_titulacion/back_usuarios/main.go:161 [33mSLOW SQL >= 200ms
[0m[31;1m[625.193ms] [33m[rows:-][35m SELECT * FROM `therapy_sessions` LIMIT 1[0m

2025/10/06 12:50:53 [32m/Users/jhafetcanepa/Documents/tesis_titulacion/back_usuarios/main.go:161 [33mSLOW SQL >= 200ms
[0m[31;1m[671.659ms] [33m[rows:-][35m SELECT column_name, column_default, is_nullable = 'YES', data_type, character_maximum_length, column_type, column_key, extra, column_comment, numeric_precision, numeric_scale , datetime_precision FROM information_schema.columns WHERE table_schema = 'b2hbqaai8d5tyfpljuoi' AND table_name = 'therapy_sessions' ORDER BY ORDINAL_POSITION[0m

2025/10/06 12:50:53 [32m/Users/jhafetcanepa/Documents/tesis_titulacion/back_usuarios/main.go:161 [33mSLOW SQL >= 200ms
[0m[31;1m[234.135ms] [33m[rows:-][35m SELECT DATABASE()[0m

2025/10/06 12:50:54 [32m/Users/jhafetcanepa/Documents/tesis_titulacion/back_usuarios/main.go:161 [33mSLOW SQL >= 200ms
[0m[31;1m[579.956ms] [33m[rows:1][35m SELECT SCHEMA_NAME from Information_schema.SCHEMATA where SCHEMA_NAME LIKE 'b2hbqaai8d5tyfpljuoi%' ORDER BY SCHEMA_NAME='b2hbqaai8d5tyfpljuoi' DESC,SCHEMA_NAME limit 1[0m

2025/10/06 12:50:55 [32m/Users/jhafetcanepa/Documents/tesis_titulacion/back_usuarios/main.go:161 [33mSLOW SQL >= 200ms
[0m[31;1m[458.769ms] [33m[rows:-][35m SELECT count(*) FROM information_schema.statistics WHERE table_schema = 'b2hbqaai8d5tyfpljuoi' AND table_name = 'therapy_sessions' AND index_name = 'idx_therapy_sessions_fecha_sesion'[0m

2025/10/06 12:50:55 [32m/Users/jhafetcanepa/Documents/tesis_titulacion/back_usuarios/main.go:161 [33mSLOW SQL >= 200ms
[0m[31;1m[203.746ms] [33m[rows:-][35m SELECT DATABASE()[0m

2025/10/06 12:50:55 [32m/Users/jhafetcanepa/Documents/tesis_titulacion/back_usuarios/main.go:161 [33mSLOW SQL >= 200ms
[0m[31;1m[702.846ms] [33m[rows:1][35m SELECT SCHEMA_NAME from Information_schema.SCHEMATA where SCHEMA_NAME LIKE 'b2hbqaai8d5tyfpljuoi%' ORDER BY SCHEMA_NAME='b2hbqaai8d5tyfpljuoi' DESC,SCHEMA_NAME limit 1[0m

2025/10/06 12:50:56 [32m/Users/jhafetcanepa/Documents/tesis_titulacion/back_usuarios/main.go:161 [33mSLOW SQL >= 200ms
[0m[31;1m[640.555ms] [33m[rows:-][35m SELECT count(*) FROM information_schema.statistics WHERE table_schema = 'b2hbqaai8d5tyfpljuoi' AND table_name = 'therapy_sessions' AND index_name = 'idx_therapy_sessions_estado'[0m

2025/10/06 12:50:56 [32m/Users/jhafetcanepa/Documents/tesis_titulacion/back_usuarios/main.go:161 [33mSLOW SQL >= 200ms
[0m[31;1m[234.006ms] [33m[rows:-][35m SELECT DATABASE()[0m

2025/10/06 12:50:57 [32m/Users/jhafetcanepa/Documents/tesis_titulacion/back_usuarios/main.go:161 [33mSLOW SQL >= 200ms
[0m[31;1m[567.867ms] [33m[rows:1][35m SELECT SCHEMA_NAME from Information_schema.SCHEMATA where SCHEMA_NAME LIKE 'b2hbqaai8d5tyfpljuoi%' ORDER BY SCHEMA_NAME='b2hbqaai8d5tyfpljuoi' DESC,SCHEMA_NAME limit 1[0m

2025/10/06 12:50:57 [32m/Users/jhafetcanepa/Documents/tesis_titulacion/back_usuarios/main.go:161 [33mSLOW SQL >= 200ms
[0m[31;1m[499.002ms] [33m[rows:-][35m SELECT count(*) FROM information_schema.statistics WHERE table_schema = 'b2hbqaai8d5tyfpljuoi' AND table_name = 'therapy_sessions' AND index_name = 'idx_therapy_sessions_is_deleted'[0m

2025/10/06 12:50:58 [32m/Users/jhafetcanepa/Documents/tesis_titulacion/back_usuarios/main.go:161 [33mSLOW SQL >= 200ms
[0m[31;1m[319.950ms] [33m[rows:-][35m SELECT DATABASE()[0m

2025/10/06 12:50:58 [32m/Users/jhafetcanepa/Documents/tesis_titulacion/back_usuarios/main.go:161 [33mSLOW SQL >= 200ms
[0m[31;1m[747.429ms] [33m[rows:1][35m SELECT SCHEMA_NAME from Information_schema.SCHEMATA where SCHEMA_NAME LIKE 'b2hbqaai8d5tyfpljuoi%' ORDER BY SCHEMA_NAME='b2hbqaai8d5tyfpljuoi' DESC,SCHEMA_NAME limit 1[0m

2025/10/06 12:50:59 [32m/Users/jhafetcanepa/Documents/tesis_titulacion/back_usuarios/main.go:161 [33mSLOW SQL >= 200ms
[0m[31;1m[704.864ms] [33m[rows:-][35m SELECT count(*) FROM information_schema.statistics WHERE table_schema = 'b2hbqaai8d5tyfpljuoi' AND table_name = 'therapy_sessions' AND index_name = 'idx_therapy_sessions_created_at'[0m

2025/10/06 12:50:59 [32m/Users/jhafetcanepa/Documents/tesis_titulacion/back_usuarios/main.go:161 [33mSLOW SQL >= 200ms
[0m[31;1m[239.099ms] [33m[rows:-][35m SELECT DATABASE()[0m

2025/10/06 12:51:00 [32m/Users/jhafetcanepa/Documents/tesis_titulacion/back_usuarios/main.go:161 [33mSLOW SQL >= 200ms
[0m[31;1m[938.431ms] [33m[rows:1][35m SELECT SCHEMA_NAME from Information_schema.SCHEMATA where SCHEMA_NAME LIKE 'b2hbqaai8d5tyfpljuoi%' ORDER BY SCHEMA_NAME='b2hbqaai8d5tyfpljuoi' DESC,SCHEMA_NAME limit 1[0m

2025/10/06 12:51:01 [32m/Users/jhafetcanepa/Documents/tesis_titulacion/back_usuarios/main.go:161 [33mSLOW SQL >= 200ms
[0m[31;1m[712.525ms] [33m[rows:-][35m SELECT count(*) FROM information_schema.statistics WHERE table_schema = 'b2hbqaai8d5tyfpljuoi' AND table_name = 'therapy_sessions' AND index_name = 'idx_therapy_sessions_paciente_id'[0m

2025/10/06 12:51:01 [32m/Users/jhafetcanepa/Documents/tesis_titulacion/back_usuarios/main.go:161 [33mSLOW SQL >= 200ms
[0m[31;1m[236.635ms] [33m[rows:-][35m SELECT DATABASE()[0m

2025/10/06 12:51:02 [32m/Users/jhafetcanepa/Documents/tesis_titulacion/back_usuarios/main.go:161 [33mSLOW SQL >= 200ms
[0m[31;1m[552.604ms] [33m[rows:1][35m SELECT SCHEMA_NAME from Information_schema.SCHEMATA where SCHEMA_NAME LIKE 'b2hbqaai8d5tyfpljuoi%' ORDER BY SCHEMA_NAME='b2hbqaai8d5tyfpljuoi' DESC,SCHEMA_NAME limit 1[0m

2025/10/06 12:51:02 [32m/Users/jhafetcanepa/Documents/tesis_titulacion/back_usuarios/main.go:161 [33mSLOW SQL >= 200ms
[0m[31;1m[476.323ms] [33m[rows:-][35m SELECT count(*) FROM information_schema.statistics WHERE table_schema = 'b2hbqaai8d5tyfpljuoi' AND table_name = 'therapy_sessions' AND index_name = 'idx_therapy_sessions_terapeuta_id'[0m

2025/10/06 12:51:03 [32m/Users/jhafetcanepa/Documents/tesis_titulacion/back_usuarios/main.go:161 [33mSLOW SQL >= 200ms
[0m[31;1m[234.695ms] [33m[rows:-][35m SELECT DATABASE()[0m

2025/10/06 12:51:04 [32m/Users/jhafetcanepa/Documents/tesis_titulacion/back_usuarios/main.go:161 [33mSLOW SQL >= 200ms
[0m[31;1m[980.157ms] [33m[rows:1][35m SELECT SCHEMA_NAME from Information_schema.SCHEMATA where SCHEMA_NAME LIKE 'b2hbqaai8d5tyfpljuoi%' ORDER BY SCHEMA_NAME='b2hbqaai8d5tyfpljuoi' DESC,SCHEMA_NAME limit 1[0m

2025/10/06 12:51:04 [32m/Users/jhafetcanepa/Documents/tesis_titulacion/back_usuarios/main.go:161 [33mSLOW SQL >= 200ms
[0m[31;1m[442.269ms] [33m[rows:-][35m SELECT count(*) FROM information_schema.statistics WHERE table_schema = 'b2hbqaai8d5tyfpljuoi' AND table_name = 'therapy_sessions' AND index_name = 'idx_therapy_sessions_terapeuta_reasignado_id'[0m

2025/10/06 12:51:04 [32m/Users/jhafetcanepa/Documents/tesis_titulacion/back_usuarios/main.go:161 [33mSLOW SQL >= 200ms
[0m[31;1m[215.550ms] [33m[rows:-][35m SELECT DATABASE()[0m

2025/10/06 12:51:05 [32m/Users/jhafetcanepa/Documents/tesis_titulacion/back_usuarios/main.go:161 [33mSLOW SQL >= 200ms
[0m[31;1m[543.659ms] [33m[rows:1][35m SELECT SCHEMA_NAME from Information_schema.SCHEMATA where SCHEMA_NAME LIKE 'b2hbqaai8d5tyfpljuoi%' ORDER BY SCHEMA_NAME='b2hbqaai8d5tyfpljuoi' DESC,SCHEMA_NAME limit 1[0m

2025/10/06 12:51:05 [32m/Users/jhafetcanepa/Documents/tesis_titulacion/back_usuarios/main.go:161 [33mSLOW SQL >= 200ms
[0m[31;1m[466.819ms] [33m[rows:-][35m SELECT count(*) FROM information_schema.tables WHERE table_schema = 'b2hbqaai8d5tyfpljuoi' AND table_name = 'therapist_ratings' AND table_type = 'BASE TABLE'[0m

2025/10/06 12:51:06 [32m/Users/jhafetcanepa/Documents/tesis_titulacion/back_usuarios/main.go:161 [33mSLOW SQL >= 200ms
[0m[31;1m[483.404ms] [33m[rows:-][35m SELECT DATABASE()[0m

2025/10/06 12:51:06 [32m/Users/jhafetcanepa/Documents/tesis_titulacion/back_usuarios/main.go:161 [33mSLOW SQL >= 200ms
[0m[31;1m[644.491ms] [33m[rows:1][35m SELECT SCHEMA_NAME from Information_schema.SCHEMATA where SCHEMA_NAME LIKE 'b2hbqaai8d5tyfpljuoi%' ORDER BY SCHEMA_NAME='b2hbqaai8d5tyfpljuoi' DESC,SCHEMA_NAME limit 1[0m

2025/10/06 12:51:07 [32m/Users/jhafetcanepa/Documents/tesis_titulacion/back_usuarios/main.go:161 [33mSLOW SQL >= 200ms
[0m[31;1m[515.916ms] [33m[rows:-][35m SELECT * FROM `therapist_ratings` LIMIT 1[0m

2025/10/06 12:51:07 [32m/Users/jhafetcanepa/Documents/tesis_titulacion/back_usuarios/main.go:161 [33mSLOW SQL >= 200ms
[0m[31;1m[451.245ms] [33m[rows:-][35m SELECT column_name, column_default, is_nullable = 'YES', data_type, character_maximum_length, column_type, column_key, extra, column_comment, numeric_precision, numeric_scale , datetime_precision FROM information_schema.columns WHERE table_schema = 'b2hbqaai8d5tyfpljuoi' AND table_name = 'therapist_ratings' ORDER BY ORDINAL_POSITION[0m

2025/10/06 12:51:08 [32m/Users/jhafetcanepa/Documents/tesis_titulacion/back_usuarios/main.go:161 [33mSLOW SQL >= 200ms
[0m[31;1m[208.860ms] [33m[rows:-][35m SELECT DATABASE()[0m

2025/10/06 12:51:08 [32m/Users/jhafetcanepa/Documents/tesis_titulacion/back_usuarios/main.go:161 [33mSLOW SQL >= 200ms
[0m[31;1m[689.927ms] [33m[rows:1][35m SELECT SCHEMA_NAME from Information_schema.SCHEMATA where SCHEMA_NAME LIKE 'b2hbqaai8d5tyfpljuoi%' ORDER BY SCHEMA_NAME='b2hbqaai8d5tyfpljuoi' DESC,SCHEMA_NAME limit 1[0m

2025/10/06 12:51:09 [32m/Users/jhafetcanepa/Documents/tesis_titulacion/back_usuarios/main.go:161 [33mSLOW SQL >= 200ms
[0m[31;1m[590.547ms] [33m[rows:-][35m SELECT count(*) FROM INFORMATION_SCHEMA.table_constraints WHERE constraint_schema = 'b2hbqaai8d5tyfpljuoi' AND table_name = 'therapist_ratings' AND constraint_name = 'chk_therapist_ratings_rating'[0m

2025/10/06 12:51:09 [32m/Users/jhafetcanepa/Documents/tesis_titulacion/back_usuarios/main.go:161 [33mSLOW SQL >= 200ms
[0m[31;1m[361.658ms] [33m[rows:-][35m SELECT DATABASE()[0m

2025/10/06 12:51:10 [32m/Users/jhafetcanepa/Documents/tesis_titulacion/back_usuarios/main.go:161 [33mSLOW SQL >= 200ms
[0m[31;1m[852.685ms] [33m[rows:1][35m SELECT SCHEMA_NAME from Information_schema.SCHEMATA where SCHEMA_NAME LIKE 'b2hbqaai8d5tyfpljuoi%' ORDER BY SCHEMA_NAME='b2hbqaai8d5tyfpljuoi' DESC,SCHEMA_NAME limit 1[0m

2025/10/06 12:51:10 [32m/Users/jhafetcanepa/Documents/tesis_titulacion/back_usuarios/main.go:161 [33mSLOW SQL >= 200ms
[0m[31;1m[438.108ms] [33m[rows:-][35m SELECT count(*) FROM information_schema.statistics WHERE table_schema = 'b2hbqaai8d5tyfpljuoi' AND table_name = 'therapist_ratings' AND index_name = 'idx_therapist_ratings_patient_id'[0m

2025/10/06 12:51:11 [32m/Users/jhafetcanepa/Documents/tesis_titulacion/back_usuarios/main.go:161 [33mSLOW SQL >= 200ms
[0m[31;1m[219.333ms] [33m[rows:-][35m SELECT DATABASE()[0m

2025/10/06 12:51:11 [32m/Users/jhafetcanepa/Documents/tesis_titulacion/back_usuarios/main.go:161 [33mSLOW SQL >= 200ms
[0m[31;1m[576.462ms] [33m[rows:1][35m SELECT SCHEMA_NAME from Information_schema.SCHEMATA where SCHEMA_NAME LIKE 'b2hbqaai8d5tyfpljuoi%' ORDER BY SCHEMA_NAME='b2hbqaai8d5tyfpljuoi' DESC,SCHEMA_NAME limit 1[0m

2025/10/06 12:51:12 [32m/Users/jhafetcanepa/Documents/tesis_titulacion/back_usuarios/main.go:161 [33mSLOW SQL >= 200ms
[0m[31;1m[434.666ms] [33m[rows:-][35m SELECT count(*) FROM information_schema.statistics WHERE table_schema = 'b2hbqaai8d5tyfpljuoi' AND table_name = 'therapist_ratings' AND index_name = 'idx_therapist_ratings_created_at'[0m

2025/10/06 12:51:12 [32m/Users/jhafetcanepa/Documents/tesis_titulacion/back_usuarios/main.go:161 [33mSLOW SQL >= 200ms
[0m[31;1m[228.388ms] [33m[rows:-][35m SELECT DATABASE()[0m

2025/10/06 12:51:12 [32m/Users/jhafetcanepa/Documents/tesis_titulacion/back_usuarios/main.go:161 [33mSLOW SQL >= 200ms
[0m[31;1m[548.399ms] [33m[rows:1][35m SELECT SCHEMA_NAME from Information_schema.SCHEMATA where SCHEMA_NAME LIKE 'b2hbqaai8d5tyfpljuoi%' ORDER BY SCHEMA_NAME='b2hbqaai8d5tyfpljuoi' DESC,SCHEMA_NAME limit 1[0m

2025/10/06 12:51:13 [32m/Users/jhafetcanepa/Documents/tesis_titulacion/back_usuarios/main.go:161 [33mSLOW SQL >= 200ms
[0m[31;1m[456.315ms] [33m[rows:-][35m SELECT count(*) FROM information_schema.statistics WHERE table_schema = 'b2hbqaai8d5tyfpljuoi' AND table_name = 'therapist_ratings' AND index_name = 'idx_therapist_ratings_session_id'[0m

2025/10/06 12:51:13 [32m/Users/jhafetcanepa/Documents/tesis_titulacion/back_usuarios/main.go:161 [33mSLOW SQL >= 200ms
[0m[31;1m[221.308ms] [33m[rows:-][35m SELECT DATABASE()[0m

2025/10/06 12:51:14 [32m/Users/jhafetcanepa/Documents/tesis_titulacion/back_usuarios/main.go:161 [33mSLOW SQL >= 200ms
[0m[31;1m[577.916ms] [33m[rows:1][35m SELECT SCHEMA_NAME from Information_schema.SCHEMATA where SCHEMA_NAME LIKE 'b2hbqaai8d5tyfpljuoi%' ORDER BY SCHEMA_NAME='b2hbqaai8d5tyfpljuoi' DESC,SCHEMA_NAME limit 1[0m

2025/10/06 12:51:14 [32m/Users/jhafetcanepa/Documents/tesis_titulacion/back_usuarios/main.go:161 [33mSLOW SQL >= 200ms
[0m[31;1m[453.878ms] [33m[rows:-][35m SELECT count(*) FROM information_schema.statistics WHERE table_schema = 'b2hbqaai8d5tyfpljuoi' AND table_name = 'therapist_ratings' AND index_name = 'idx_therapist_ratings_therapist_id'[0m

2025/10/06 12:51:14 [32m/Users/jhafetcanepa/Documents/tesis_titulacion/back_usuarios/main.go:161 [33mSLOW SQL >= 200ms
[0m[31;1m[234.721ms] [33m[rows:-][35m SELECT DATABASE()[0m

2025/10/06 12:51:15 [32m/Users/jhafetcanepa/Documents/tesis_titulacion/back_usuarios/main.go:161 [33mSLOW SQL >= 200ms
[0m[31;1m[548.590ms] [33m[rows:1][35m SELECT SCHEMA_NAME from Information_schema.SCHEMATA where SCHEMA_NAME LIKE 'b2hbqaai8d5tyfpljuoi%' ORDER BY SCHEMA_NAME='b2hbqaai8d5tyfpljuoi' DESC,SCHEMA_NAME limit 1[0m

2025/10/06 12:51:16 [32m/Users/jhafetcanepa/Documents/tesis_titulacion/back_usuarios/main.go:161 [33mSLOW SQL >= 200ms
[0m[31;1m[603.212ms] [33m[rows:-][35m SELECT count(*) FROM information_schema.statistics WHERE table_schema = 'b2hbqaai8d5tyfpljuoi' AND table_name = 'therapist_ratings' AND index_name = 'idx_therapist_ratings_caregiver_id'[0m

2025/10/06 12:51:16 [32m/Users/jhafetcanepa/Documents/tesis_titulacion/back_usuarios/main.go:161 [33mSLOW SQL >= 200ms
[0m[31;1m[223.034ms] [33m[rows:-][35m SELECT DATABASE()[0m

2025/10/06 12:51:16 [32m/Users/jhafetcanepa/Documents/tesis_titulacion/back_usuarios/main.go:161 [33mSLOW SQL >= 200ms
[0m[31;1m[583.047ms] [33m[rows:1][35m SELECT SCHEMA_NAME from Information_schema.SCHEMATA where SCHEMA_NAME LIKE 'b2hbqaai8d5tyfpljuoi%' ORDER BY SCHEMA_NAME='b2hbqaai8d5tyfpljuoi' DESC,SCHEMA_NAME limit 1[0m

2025/10/06 12:51:17 [32m/Users/jhafetcanepa/Documents/tesis_titulacion/back_usuarios/main.go:161 [33mSLOW SQL >= 200ms
[0m[31;1m[422.745ms] [33m[rows:-][35m SELECT count(*) FROM information_schema.tables WHERE table_schema = 'b2hbqaai8d5tyfpljuoi' AND table_name = 'therapist_disqualifications' AND table_type = 'BASE TABLE'[0m

2025/10/06 12:51:17 [32m/Users/jhafetcanepa/Documents/tesis_titulacion/back_usuarios/main.go:161 [33mSLOW SQL >= 200ms
[0m[31;1m[327.464ms] [33m[rows:-][35m SELECT DATABASE()[0m

2025/10/06 12:51:18 [32m/Users/jhafetcanepa/Documents/tesis_titulacion/back_usuarios/main.go:161 [33mSLOW SQL >= 200ms
[0m[31;1m[718.921ms] [33m[rows:1][35m SELECT SCHEMA_NAME from Information_schema.SCHEMATA where SCHEMA_NAME LIKE 'b2hbqaai8d5tyfpljuoi%' ORDER BY SCHEMA_NAME='b2hbqaai8d5tyfpljuoi' DESC,SCHEMA_NAME limit 1[0m

2025/10/06 12:51:19 [32m/Users/jhafetcanepa/Documents/tesis_titulacion/back_usuarios/main.go:161 [33mSLOW SQL >= 200ms
[0m[31;1m[702.301ms] [33m[rows:-][35m SELECT * FROM `therapist_disqualifications` LIMIT 1[0m

2025/10/06 12:51:19 [32m/Users/jhafetcanepa/Documents/tesis_titulacion/back_usuarios/main.go:161 [33mSLOW SQL >= 200ms
[0m[31;1m[796.491ms] [33m[rows:-][35m SELECT column_name, column_default, is_nullable = 'YES', data_type, character_maximum_length, column_type, column_key, extra, column_comment, numeric_precision, numeric_scale , datetime_precision FROM information_schema.columns WHERE table_schema = 'b2hbqaai8d5tyfpljuoi' AND table_name = 'therapist_disqualifications' ORDER BY ORDINAL_POSITION[0m

2025/10/06 12:51:20 [32m/Users/jhafetcanepa/Documents/tesis_titulacion/back_usuarios/main.go:161 [33mSLOW SQL >= 200ms
[0m[31;1m[218.624ms] [33m[rows:-][35m SELECT DATABASE()[0m

2025/10/06 12:51:20 [32m/Users/jhafetcanepa/Documents/tesis_titulacion/back_usuarios/main.go:161 [33mSLOW SQL >= 200ms
[0m[31;1m[793.953ms] [33m[rows:1][35m SELECT SCHEMA_NAME from Information_schema.SCHEMATA where SCHEMA_NAME LIKE 'b2hbqaai8d5tyfpljuoi%' ORDER BY SCHEMA_NAME='b2hbqaai8d5tyfpljuoi' DESC,SCHEMA_NAME limit 1[0m

2025/10/06 12:51:21 [32m/Users/jhafetcanepa/Documents/tesis_titulacion/back_usuarios/main.go:161 [33mSLOW SQL >= 200ms
[0m[31;1m[497.374ms] [33m[rows:-][35m SELECT count(*) FROM information_schema.statistics WHERE table_schema = 'b2hbqaai8d5tyfpljuoi' AND table_name = 'therapist_disqualifications' AND index_name = 'idx_therapist_disqualifications_therapist_id'[0m

2025/10/06 12:51:21 [32m/Users/jhafetcanepa/Documents/tesis_titulacion/back_usuarios/main.go:161 [33mSLOW SQL >= 200ms
[0m[31;1m[210.443ms] [33m[rows:-][35m SELECT DATABASE()[0m

2025/10/06 12:51:22 [32m/Users/jhafetcanepa/Documents/tesis_titulacion/back_usuarios/main.go:161 [33mSLOW SQL >= 200ms
[0m[31;1m[562.499ms] [33m[rows:1][35m SELECT SCHEMA_NAME from Information_schema.SCHEMATA where SCHEMA_NAME LIKE 'b2hbqaai8d5tyfpljuoi%' ORDER BY SCHEMA_NAME='b2hbqaai8d5tyfpljuoi' DESC,SCHEMA_NAME limit 1[0m

2025/10/06 12:51:22 [32m/Users/jhafetcanepa/Documents/tesis_titulacion/back_usuarios/main.go:161 [33mSLOW SQL >= 200ms
[0m[31;1m[621.759ms] [33m[rows:-][35m SELECT count(*) FROM information_schema.statistics WHERE table_schema = 'b2hbqaai8d5tyfpljuoi' AND table_name = 'therapist_disqualifications' AND index_name = 'idx_therapist_disqualifications_created_at'[0m
[GIN-debug] [WARNING] Creating an Engine instance with the Logger and Recovery middleware already attached.

[GIN-debug] [WARNING] Running in "debug" mode. Switch to "release" mode in production.
 - using env:	export GIN_MODE=release
 - using code:	gin.SetMode(gin.ReleaseMode)

[GIN-debug] GET    /auth/gett                --> usuarios/controllers.(*AuthController).GetToken-fm (4 handlers)
[GIN-debug] POST   /api/login                --> usuarios/controllers.(*UserController).Login-fm (4 handlers)
[GIN-debug] POST   /api/refresh-token        --> usuarios/routes.SetupRouter.func1 (4 handlers)
[GIN-debug] POST   /api/otp/validate         --> usuarios/controllers.(*UserController).ValidateOTP-fm (4 handlers)
[GIN-debug] POST   /api/otp/resend           --> usuarios/controllers.(*UserController).ResendOTP-fm (4 handlers)
[GIN-debug] POST   /api/login/begin          --> usuarios/controllers.(*BioController).BeginLogin-fm (4 handlers)
[GIN-debug] POST   /api/login/finish         --> usuarios/controllers.(*BioController).FinishLogin-fm (4 handlers)
[GIN-debug] POST   /api/password/validate-email --> usuarios/controllers.(*UserController).ValidateEmailForPasswordChange-fm (4 handlers)
[GIN-debug] POST   /api/password/send-otp    --> usuarios/controllers.(*UserController).SendPasswordChangeOTP-fm (4 handlers)
[GIN-debug] POST   /api/password/verify-otp  --> usuarios/controllers.(*UserController).VerifyPasswordOTP-fm (4 handlers)
[GIN-debug] POST   /api/password/change-with-otp --> usuarios/controllers.(*UserController).ChangePasswordWithOTP-fm (4 handlers)
[GIN-debug] GET    /api/users                --> usuarios/controllers.(*UserController).List-fm (5 handlers)
[GIN-debug] POST   /api/register             --> usuarios/controllers.(*UserController).Register-fm (5 handlers)
[GIN-debug] GET    /api/users/search         --> usuarios/controllers.(*UserController).Search-fm (5 handlers)
[GIN-debug] PUT    /api/users/:id            --> usuarios/controllers.(*UserController).Update-fm (5 handlers)
[GIN-debug] DELETE /api/users/:id            --> usuarios/controllers.(*UserController).Delete-fm (5 handlers)
[GIN-debug] PUT    /api/users/:id/password   --> usuarios/controllers.(*UserController).UpdatePassword-fm (5 handlers)
[GIN-debug] PATCH  /api/users/:id/status     --> usuarios/controllers.(*UserController).ChangeAccountStatus-fm (5 handlers)
[GIN-debug] POST   /api/users/:id/unlock     --> usuarios/controllers.(*UserController).UnlockAccount-fm (5 handlers)
[GIN-debug] GET    /api/users/:id/login-attempts --> usuarios/controllers.(*UserController).GetLoginAttempts-fm (5 handlers)
[GIN-debug] GET    /api/users/:id            --> usuarios/controllers.(*UserController).GetByID-fm (5 handlers)
[GIN-debug] GET    /api/profile              --> usuarios/controllers.(*UserController).GetUserProfile-fm (5 handlers)
[GIN-debug] GET    /api/profile/:id          --> usuarios/controllers.(*UserController).GetUserProfile-fm (5 handlers)
[GIN-debug] GET    /api/profile/children     --> usuarios/controllers.(*UserController).GetUserChildren-fm (5 handlers)
[GIN-debug] PUT    /api/profile/update       --> usuarios/controllers.(*UserController).UpdateProfile-fm (5 handlers)
[GIN-debug] GET    /api/profile/changes      --> usuarios/controllers.(*UserController).GetProfileChanges-fm (5 handlers)
[GIN-debug] POST   /api/users/photo          --> usuarios/controllers.(*UserController).UploadPhoto-fm (5 handlers)
[GIN-debug] GET    /api/users/photo/changes  --> usuarios/controllers.(*UserController).GetPhotoChanges-fm (5 handlers)
[GIN-debug] POST   /api/users/banner         --> usuarios/controllers.(*UserController).UploadBanner-fm (5 handlers)
[GIN-debug] GET    /api/users/banner/changes --> usuarios/controllers.(*UserController).GetBannerChanges-fm (5 handlers)
[GIN-debug] POST   /api/roles                --> usuarios/controllers.(*RoleController).CreateRole-fm (5 handlers)
[GIN-debug] GET    /api/roles                --> usuarios/controllers.(*RoleController).GetAllRoles-fm (5 handlers)
[GIN-debug] PUT    /api/roles/:id            --> usuarios/controllers.(*RoleController).UpdateRole-fm (5 handlers)
[GIN-debug] DELETE /api/roles/:id            --> usuarios/controllers.(*RoleController).DeleteRole-fm (5 handlers)
[GIN-debug] GET    /api/capabilities         --> usuarios/controllers.(*BioController).CheckBiometricCapabilities-fm (5 handlers)
[GIN-debug] POST   /api/register/begin       --> usuarios/controllers.(*BioController).BeginRegister-fm (5 handlers)
[GIN-debug] POST   /api/register/finish      --> usuarios/controllers.(*BioController).FinishRegister-fm (5 handlers)
[GIN-debug] GET    /api/devices              --> usuarios/controllers.(*BioController).ListDevices-fm (5 handlers)
[GIN-debug] DELETE /api/device               --> usuarios/controllers.(*BioController).DeleteDevice-fm (5 handlers)
[GIN-debug] PUT    /api/device/rename        --> usuarios/controllers.(*BioController).RenameDevice-fm (5 handlers)
[GIN-debug] POST   /api/patients             --> usuarios/controllers.(*PatientController).CreatePatient-fm (5 handlers)
[GIN-debug] GET    /api/patients             --> usuarios/controllers.(*PatientController).GetPatients-fm (5 handlers)
[GIN-debug] GET    /api/patients/:id/stats   --> usuarios/controllers.(*TherapyController).GetPatientStats-fm (5 handlers)
[GIN-debug] GET    /api/patients/:id         --> usuarios/controllers.(*PatientController).GetPatient-fm (5 handlers)
[GIN-debug] PUT    /api/patients/:id         --> usuarios/controllers.(*PatientController).UpdatePatient-fm (5 handlers)
[GIN-debug] DELETE /api/patients/:id         --> usuarios/controllers.(*PatientController).DeletePatient-fm (5 handlers)
[GIN-debug] POST   /api/sessions             --> usuarios/controllers.(*TherapyController).Create-fm (5 handlers)
[GIN-debug] GET    /api/sessions             --> usuarios/controllers.(*TherapyController).GetAll-fm (5 handlers)
[GIN-debug] GET    /api/sessions/paginated   --> usuarios/controllers.(*TherapyController).GetPaginated-fm (5 handlers)
[GIN-debug] GET    /api/sessions/latest-patients --> usuarios/controllers.(*TherapyController).GetLatestPatients-fm (5 handlers)
[GIN-debug] GET    /api/sessions/available-therapists --> usuarios/controllers.(*TherapyController).GetAvailableTherapists-fm (5 handlers)
[GIN-debug] GET    /api/sessions/:id         --> usuarios/controllers.(*TherapyController).GetByID-fm (5 handlers)
[GIN-debug] PUT    /api/sessions/:id         --> usuarios/controllers.(*TherapyController).Update-fm (5 handlers)
[GIN-debug] PATCH  /api/sessions/:id/reschedule --> usuarios/controllers.(*TherapyController).Reschedule-fm (5 handlers)
[GIN-debug] DELETE /api/sessions/:id         --> usuarios/controllers.(*TherapyController).Delete-fm (5 handlers)
[GIN-debug] GET    /api/sessions/:id/export/pdf --> usuarios/controllers.(*TherapyController).ExportToPDF-fm (5 handlers)
[GIN-debug] GET    /api/sessions/:id/export/jpg --> usuarios/controllers.(*TherapyController).ExportToJPG-fm (5 handlers)
[GIN-debug] POST   /api/therapist-ratings    --> usuarios/controllers.(*TherapyController).CreateTherapistRating-fm (5 handlers)
[GIN-debug] GET    /api/therapist-ratings/:therapist_id --> usuarios/controllers.(*TherapyController).GetTherapistRatings-fm (5 handlers)
[GIN-debug] GET    /api/sessions/rating/:session_id --> usuarios/controllers.(*TherapyController).GetSessionRating-fm (5 handlers)
[GIN-debug] GET    /swagger/*any             --> github.com/swaggo/gin-swagger.CustomWrapHandler.func1 (5 hand2025/10/06 12:51:25 Origin recibido: 
2025/10/06 12:51:25 Origin recibido: 

2025/10/06 12:51:28 [32m/Users/jhafetcanepa/Documents/tesis_titulacion/back_usuarios/service/therapy_service.go:217 [33mSLOW SQL >= 200ms
[0m[31;1m[974.396ms] [33m[rows:1][35m SELECT * FROM `usuarios` WHERE `usuarios`.`idusuario` = 2[0m

2025/10/06 12:51:28 [32m/Users/jhafetcanepa/Documents/tesis_titulacion/back_usuarios/service/therapy_service.go:217 [33mSLOW SQL >= 200ms
[0m[31;1m[2753.639ms] [33m[rows:1][35m SELECT * FROM `patients` WHERE `patients`.`id` = 3 AND `patients`.`deleted_at` IS NULL[0m

2025/10/06 12:51:29 [32m/Users/jhafetcanepa/Documents/tesis_titulacion/back_usuarios/service/therapy_service.go:217 [33mSLOW SQL >= 200ms
[0m[31;1m[844.588ms] [33m[rows:1][35m SELECT * FROM `usuarios` WHERE `usuarios`.`idusuario` = 63[0m

2025/10/06 12:51:29 [32m/Users/jhafetcanepa/Documents/tesis_titulacion/back_usuarios/service/therapy_service.go:217 [33mSLOW SQL >= 200ms
[0m[31;1m[4046.718ms] [33m[rows:1][35m SELECT * FROM `therapy_sessions` WHERE is_deleted = false AND `therapy_sessions`.`id` = 2 ORDER BY `therapy_sessions`.`id` LIMIT 1[0m
2025/10/06 12:51:29 [DEBUG] GetByID - Session 2 loaded successfully
2025/10/06 12:51:29 [DEBUG] GetByID - Paciente: Héctor Zuñiga, CuidadorID: 2, Cuidador loaded: true
2025/10/06 12:51:29 [DEBUG] GetByID - Cuidador details: Jhafet Cánepa (ID: 2)
2025/10/06 12:51:29 [DEBUG] Session ID: 2, Paciente: Héctor Zuñiga, PacienteID: 3
2025/10/06 12:51:29 [DEBUG] Paciente tiene CuidadorID: 2
2025/10/06 12:51:29 [DEBUG] Cuidador cargado: Jhafet Cánepa (ID: 2)
2025/10/06 12:51:29 [DEBUG] Cuidador agregado a respuesta: Jhafet Cánepa

2025/10/06 12:51:30 [32m/Users/jhafetcanepa/Documents/tesis_titulacion/back_usuarios/service/therapy_service.go:554 [33mSLOW SQL >= 200ms
[0m[31;1m[437.811ms] [33m[rows:1][35m SELECT * FROM `therapist_ratings` WHERE session_id = 2 ORDER BY `therapist_ratings`.`id` LIMIT 1[0m
2025/10/06 12:51:30 [DEBUG] ⭐ Calificación encontrada: 3 estrellas
[GIN] 2025/10/06 - 12:51:30 | 200 |  4.486479791s |       127.0.0.1 | GET      "/api/sessions/2"

2025/10/06 12:51:33 [32m/Users/jhafetcanepa/Documents/tesis_titulacion/back_usuarios/service/therapy_service.go:217 [33mSLOW SQL >= 200ms
[0m[31;1m[2855.010ms] [33m[rows:1][35m SELECT * FROM `usuarios` WHERE `usuarios`.`idusuario` = 2[0m

2025/10/06 12:51:33 [32m/Users/jhafetcanepa/Documents/tesis_titulacion/back_usuarios/service/therapy_service.go:217 [33mSLOW SQL >= 200ms
[0m[31;1m[6005.153ms] [33m[rows:1][35m SELECT * FROM `patients` WHERE `patients`.`id` = 3 AND `patients`.`deleted_at` IS NULL[0m

2025/10/06 12:51:34 [32m/Users/jhafetcanepa/Documents/tesis_titulacion/back_usuarios/service/therapy_service.go:217 [33mSLOW SQL >= 200ms
[0m[31;1m[654.184ms] [33m[rows:1][35m SELECT * FROM `usuarios` WHERE `usuarios`.`idusuario` = 63[0m

2025/10/06 12:51:34 [32m/Users/jhafetcanepa/Documents/tesis_titulacion/back_usuarios/service/therapy_service.go:217 [33mSLOW SQL >= 200ms
[0m[31;1m[8601.089ms] [33m[rows:1][35m SELECT * FROM `therapy_sessions` WHERE is_deleted = false AND `therapy_sessions`.`id` = 2 ORDER BY `therapy_sessions`.`id` LIMIT 1[0m
2025/10/06 12:51:34 [DEBUG] GetByID - Session 2 loaded successfully
2025/10/06 12:51:34 [DEBUG] GetByID - Paciente: Héctor Zuñiga, CuidadorID: 2, Cuidador loaded: true
2025/10/06 12:51:34 [DEBUG] GetByID - Cuidador details: Jhafet Cánepa (ID: 2)
2025/10/06 12:51:34 [DEBUG] Session ID: 2, Paciente: Héctor Zuñiga, PacienteID: 3
2025/10/06 12:51:34 [DEBUG] Paciente tiene CuidadorID: 2
2025/10/06 12:51:34 [DEBUG] Cuidador cargado: Jhafet Cánepa (ID: 2)
2025/10/06 12:51:34 [DEBUG] Cuidador agregado a respuesta: Jhafet Cánepa

2025/10/06 12:51:34 [32m/Users/jhafetcanepa/Documents/tesis_titulacion/back_usuarios/service/therapy_service.go:554 [33mSLOW SQL >= 200ms
[0m[31;1m[452.672ms] [33m[rows:1][35m SELECT * FROM `therapist_ratings` WHERE session_id = 2 ORDER BY `therapist_ratings`.`id` LIMIT 1[0m
2025/10/06 12:51:34 [DEBUG] ⭐ Calificación encontrada: 3 estrellas
[GIN] 2025/10/06 - 12:51:34 | 200 |    9.0564845s |       127.0.0.1 | GET      "/api/sessions/2"
2025/10/06 12:51:45 Origin recibido: 
2025/10/06 12:51:46 Origin recibido: 
2025/10/06 12:51:46 Origin recibido: 

2025/10/06 12:51:51 [32m/Users/jhafetcanepa/Documents/tesis_titulacion/back_usuarios/service/therapy_service.go:217 [33mSLOW SQL >= 200ms
[0m[31;1m[1864.993ms] [33m[rows:1][35m SELECT * FROM `usuarios` WHERE `usuarios`.`idusuario` = 2[0m

2025/10/06 12:51:51 [32m/Users/jhafetcanepa/Documents/tesis_titulacion/back_usuarios/service/therapy_service.go:217 [33mSLOW SQL >= 200ms
[0m[31;1m[4824.833ms] [33m[rows:1][35m SELECT * FROM `patients` WHERE `patients`.`id` = 3 AND `patients`.`deleted_at` IS NULL[0m

2025/10/06 12:51:52 [32m/Users/jhafetcanepa/Documents/tesis_titulacion/back_usuarios/service/therapy_service.go:217 [33mSLOW SQL >= 200ms
[0m[31;1m[585.622ms] [33m[rows:1][35m SELECT * FROM `usuarios` WHERE `usuarios`.`idusuario` = 63[0m

2025/10/06 12:51:52 [32m/Users/jhafetcanepa/Documents/tesis_titulacion/back_usuarios/service/therapy_service.go:217 [33mSLOW SQL >= 200ms
[0m[31;1m[5879.594ms] [33m[rows:1][35m SELECT * FROM `therapy_sessions` WHERE is_deleted = false AND `therapy_sessions`.`id` = 2 ORDER BY `therapy_sessions`.`id` LIMIT 1[0m
2025/10/06 12:51:52 [DEBUG] GetByID - Session 2 loaded successfully
2025/10/06 12:51:52 [DEBUG] GetByID - Paciente: Héctor Zuñiga, CuidadorID: 2, Cuidador loaded: true
2025/10/06 12:51:52 [DEBUG] GetByID - Cuidador details: Jhafet Cánepa (ID: 2)
2025/10/06 12:51:52 [DEBUG] Session ID: 2, Paciente: Héctor Zuñiga, PacienteID: 3
2025/10/06 12:51:52 [DEBUG] Paciente tiene CuidadorID: 2
2025/10/06 12:51:52 [DEBUG] Cuidador cargado: Jhafet Cánepa (ID: 2)
2025/10/06 12:51:52 [DEBUG] Cuidador agregado a respuesta: Jhafet Cánepa

2025/10/06 12:51:52 [32m/Users/jhafetcanepa/Documents/tesis_titulacion/back_usuarios/service/therapy_service.go:554 [33mSLOW SQL >= 200ms
[0m[31;1m[484.715ms] [33m[rows:1][35m SELECT * FROM `therapist_ratings` WHERE session_id = 2 ORDER BY `therapist_ratings`.`id` LIMIT 1[0m
2025/10/06 12:51:52 [DEBUG] ⭐ Calificación encontrada: 3 estrellas
[GIN] 2025/10/06 - 12:51:52 | 200 |  6.367935458s |       127.0.0.1 | GET      "/api/sessions/2"

2025/10/06 12:51:53 [32m/Users/jhafetcanepa/Documents/tesis_titulacion/back_usuarios/service/therapy_service.go:122 [33mSLOW SQL >= 200ms
[0m[31;1m[3502.311ms] [33m[rows:2][35m SELECT * FROM `usuarios` WHERE `usuarios`.`idusuario` IN (4,2)[0m

2025/10/06 12:51:53 [32m/Users/jhafetcanepa/Documents/tesis_titulacion/back_usuarios/service/therapy_service.go:122 [33mSLOW SQL >= 200ms
[0m[31;1m[7202.163ms] [33m[rows:2][35m SELECT * FROM `patients` WHERE `patients`.`id` IN (3,1) AND `patients`.`deleted_at` IS NULL[0m

2025/10/06 12:51:54 [32m/Users/jhafetcanepa/Documents/tesis_titulacion/back_usuarios/service/therapy_service.go:122 [33mSLOW SQL >= 200ms
[0m[31;1m[1068.449ms] [33m[rows:2][35m SELECT * FROM `usuarios` WHERE `usuarios`.`idusuario` IN (63,4)[0m

2025/10/06 12:51:54 [32m/Users/jhafetcanepa/Documents/tesis_titulacion/back_usuarios/service/therapy_service.go:122 [33mSLOW SQL >= 200ms
[0m[31;1m[8702.775ms] [33m[rows:2][35m SELECT * FROM `therapy_sessions` WHERE is_deleted = false ORDER BY fecha_sesion DESC, hora_inicio ASC[0m
2025/10/06 12:51:54 [DEBUG] GetAll loaded 2 sessions
2025/10/06 12:51:54 [DEBUG] Session 2: Paciente Héctor Zuñiga, CuidadorID: 2, Cuidador loaded: true
2025/10/06 12:51:54 [DEBUG] Session 1: Paciente Christopher, CuidadorID: 4, Cuidador loaded: true
2025/10/06 12:51:54 [DEBUG] Session ID: 2, Paciente: Héctor Zuñiga, PacienteID: 3
2025/10/06 12:51:54 [DEBUG] Paciente tiene CuidadorID: 2
2025/10/06 12:51:54 [DEBUG] Cuidador cargado: Jhafet Cánepa (ID: 2)
2025/10/06 12:51:54 [DEBUG] Cuidador agregado a respuesta: Jhafet Cánepa

2025/10/06 12:51:54 [32m/Users/jhafetcanepa/Documents/tesis_titulacion/back_usuarios/service/therapy_service.go:554 [33mSLOW SQL >= 200ms
[0m[31;1m[459.442ms] [33m[rows:1][35m SELECT * FROM `therapist_ratings` WHERE session_id = 2 ORDER BY `therapist_ratings`.`id` LIMIT 1[0m
2025/10/06 12:51:54 [DEBUG] ⭐ Calificación encontrada: 3 estrellas
2025/10/06 12:51:54 [DEBUG] Session ID: 1, Paciente: Christopher, PacienteID: 1
2025/10/06 12:51:54 [DEBUG] Paciente tiene CuidadorID: 4
2025/10/06 12:51:54 [DEBUG] Cuidador cargado: Pedro Montoya (ID: 4)
2025/10/06 12:51:54 [DEBUG] Cuidador agregado a respuesta: Pedro Montoya

2025/10/06 12:51:55 [32m/Users/jhafetcanepa/Documents/tesis_titulacion/back_usuarios/service/therapy_service.go:554 [33mSLOW SQL >= 200ms
[0m[31;1m[431.152ms] [33m[rows:1][35m SELECT * FROM `therapist_ratings` WHERE session_id = 1 ORDER BY `therapist_ratings`.`id` LIMIT 1[0m
2025/10/06 12:51:55 [DEBUG] ⭐ Calificación encontrada: 5 estrellas
[GIN] 2025/10/06 - 12:51:55 | 200 |  9.596976209s |       127.0.0.1 | GET      "/api/sessions"

2025/10/06 12:51:58 [32m/Users/jhafetcanepa/Documents/tesis_titulacion/back_usuarios/service/therapy_service.go:217 [33mSLOW SQL >= 200ms
[0m[31;1m[3251.101ms] [33m[rows:1][35m SELECT * FROM `usuarios` WHERE `usuarios`.`idusuario` = 2[0m

2025/10/06 12:51:58 [32m/Users/jhafetcanepa/Documents/tesis_titulacion/back_usuarios/service/therapy_service.go:217 [33mSLOW SQL >= 200ms
[0m[31;1m[9155.249ms] [33m[rows:1][35m SELECT * FROM `patients` WHERE `patients`.`id` = 3 AND `patients`.`deleted_at` IS NULL[0m

2025/10/06 12:52:00 [32m/Users/jhafetcanepa/Documents/tesis_titulacion/back_usuarios/service/therapy_service.go:217 [33mSLOW SQL >= 200ms
[0m[31;1m[2468.459ms] [33m[rows:1][35m SELECT * FROM `usuarios` WHERE `usuarios`.`idusuario` = 63[0m

2025/10/06 12:52:00 [32m/Users/jhafetcanepa/Documents/tesis_titulacion/back_usuarios/service/therapy_service.go:217 [33mSLOW SQL >= 200ms
[0m[31;1m[14198.482ms] [33m[rows:1][35m SELECT * FROM `therapy_sessions` WHERE is_deleted = false AND `therapy_sessions`.`id` = 2 ORDER BY `therapy_sessions`.`id` LIMIT 1[0m
2025/10/06 12:52:00 [DEBUG] GetByID - Session 2 loaded successfully
2025/10/06 12:52:00 [DEBUG] GetByID - Paciente: Héctor Zuñiga, CuidadorID: 2, Cuidador loaded: true
2025/10/06 12:52:00 [DEBUG] GetByID - Cuidador details: Jhafet Cánepa (ID: 2)
2025/10/06 12:52:00 [DEBUG] Session ID: 2, Paciente: Héctor Zuñiga, PacienteID: 3
2025/10/06 12:52:00 [DEBUG] Paciente tiene CuidadorID: 2
2025/10/06 12:52:00 [DEBUG] Cuidador cargado: Jhafet Cánepa (ID: 2)
2025/10/06 12:52:00 [DEBUG] Cuidador agregado a respuesta: Jhafet Cánepa

2025/10/06 12:52:01 [32m/Users/jhafetcanepa/Documents/tesis_titulacion/back_usuarios/service/therapy_service.go:554 [33mSLOW SQL >= 200ms
[0m[31;1m[692.130ms] [33m[rows:1][35m SELECT * FROM `therapist_ratings` WHERE session_id = 2 ORDER BY `therapist_ratings`.`id` LIMIT 1[0m
2025/10/06 12:52:01 [DEBUG] ⭐ Calificación encontrada: 3 estrellas
[GIN] 2025/10/06 - 12:52:01 | 200 |  14.89817775s |       127.0.0.1 | GET      "/api/sessions/2"
2025/10/06 12:52:10 Origin recibido: 
2025/10/06 12:52:11 Origin recibido: 
2025/10/06 12:52:11 Origin recibido: 

2025/10/06 12:52:14 [32m/Users/jhafetcanepa/Documents/tesis_titulacion/back_usuarios/service/therapy_service.go:217 [33mSLOW SQL >= 200ms
[0m[31;1m[878.711ms] [33m[rows:1][35m SELECT * FROM `usuarios` WHERE `usuarios`.`idusuario` = 2[0m

2025/10/06 12:52:14 [32m/Users/jhafetcanepa/Documents/tesis_titulacion/back_usuarios/service/therapy_service.go:217 [33mSLOW SQL >= 200ms
[0m[31;1m[2521.921ms] [33m[rows:1][35m SELECT * FROM `patients` WHERE `patients`.`id` = 3 AND `patients`.`deleted_at` IS NULL[0m

2025/10/06 12:52:15 [32m/Users/jhafetcanepa/Documents/tesis_titulacion/back_usuarios/service/therapy_service.go:217 [33mSLOW SQL >= 200ms
[0m[31;1m[641.537ms] [33m[rows:1][35m SELECT * FROM `usuarios` WHERE `usuarios`.`idusuario` = 63[0m

2025/10/06 12:52:15 [32m/Users/jhafetcanepa/Documents/tesis_titulacion/back_usuarios/service/therapy_service.go:217 [33mSLOW SQL >= 200ms
[0m[31;1m[3597.101ms] [33m[rows:1][35m SELECT * FROM `therapy_sessions` WHERE is_deleted = false AND `therapy_sessions`.`id` = 2 ORDER BY `therapy_sessions`.`id` LIMIT 1[0m
2025/10/06 12:52:15 [DEBUG] GetByID - Session 2 loaded successfully
2025/10/06 12:52:15 [DEBUG] GetByID - Paciente: Héctor Zuñiga, CuidadorID: 2, Cuidador loaded: true
2025/10/06 12:52:15 [DEBUG] GetByID - Cuidador details: Jhafet Cánepa (ID: 2)
2025/10/06 12:52:15 [DEBUG] Session ID: 2, Paciente: Héctor Zuñiga, PacienteID: 3
2025/10/06 12:52:15 [DEBUG] Paciente tiene CuidadorID: 2
2025/10/06 12:52:15 [DEBUG] Cuidador cargado: Jhafet Cánepa (ID: 2)
2025/10/06 12:52:15 [DEBUG] Cuidador agregado a respuesta: Jhafet Cánepa

2025/10/06 12:52:15 [32m/Users/jhafetcanepa/Documents/tesis_titulacion/back_usuarios/service/therapy_service.go:122 [33mSLOW SQL >= 200ms
[0m[31;1m[2178.205ms] [33m[rows:2][35m SELECT * FROM `usuarios` WHERE `usuarios`.`idusuario` IN (4,2)[0m

2025/10/06 12:52:15 [32m/Users/jhafetcanepa/Documents/tesis_titulacion/back_usuarios/service/therapy_service.go:122 [33mSLOW SQL >= 200ms
[0m[31;1m[4221.021ms] [33m[rows:2][35m SELECT * FROM `patients` WHERE `patients`.`id` IN (3,1) AND `patients`.`deleted_at` IS NULL[0m

2025/10/06 12:52:15 [32m/Users/jhafetcanepa/Documents/tesis_titulacion/back_usuarios/service/therapy_service.go:554 [33mSLOW SQL >= 200ms
[0m[31;1m[573.601ms] [33m[rows:1][35m SELECT * FROM `therapist_ratings` WHERE session_id = 2 ORDER BY `therapist_ratings`.`id` LIMIT 1[0m
2025/10/06 12:52:15 [DEBUG] ⭐ Calificación encontrada: 3 estrellas
[GIN] 2025/10/06 - 12:52:15 | 200 |  4.173308042s |       127.0.0.1 | GET      "/api/sessions/2"

2025/10/06 12:52:15 [32m/Users/jhafetcanepa/Documents/tesis_titulacion/back_usuarios/service/therapy_service.go:122 [33mSLOW SQL >= 200ms
[0m[31;1m[800.909ms] [33m[rows:2][35m SELECT * FROM `usuarios` WHERE `usuarios`.`idusuario` IN (63,4)[0m

2025/10/06 12:52:15 [32m/Users/jhafetcanepa/Documents/tesis_titulacion/back_usuarios/service/therapy_service.go:122 [33mSLOW SQL >= 200ms
[0m[31;1m[5429.075ms] [33m[rows:2][35m SELECT * FROM `therapy_sessions` WHERE is_deleted = false ORDER BY fecha_sesion DESC, hora_inicio ASC[0m
2025/10/06 12:52:15 [DEBUG] GetAll loaded 2 sessions
2025/10/06 12:52:15 [DEBUG] Session 2: Paciente Héctor Zuñiga, CuidadorID: 2, Cuidador loaded: true
2025/10/06 12:52:15 [DEBUG] Session 1: Paciente Christopher, CuidadorID: 4, Cuidador loaded: true
2025/10/06 12:52:15 [DEBUG] Session ID: 2, Paciente: Héctor Zuñiga, PacienteID: 3
2025/10/06 12:52:15 [DEBUG] Paciente tiene CuidadorID: 2
2025/10/06 12:52:15 [DEBUG] Cuidador cargado: Jhafet Cánepa (ID: 2)
2025/10/06 12:52:15 [DEBUG] Cuidador agregado a respuesta: Jhafet Cánepa

2025/10/06 12:52:16 [32m/Users/jhafetcanepa/Documents/tesis_titulacion/back_usuarios/service/therapy_service.go:554 [33mSLOW SQL >= 200ms
[0m[31;1m[488.829ms] [33m[rows:1][35m SELECT * FROM `therapist_ratings` WHERE session_id = 2 ORDER BY `therapist_ratings`.`id` LIMIT 1[0m
2025/10/06 12:52:16 [DEBUG] ⭐ Calificación encontrada: 3 estrellas
2025/10/06 12:52:16 [DEBUG] Session ID: 1, Paciente: Christopher, PacienteID: 1
2025/10/06 12:52:16 [DEBUG] Paciente tiene CuidadorID: 4
2025/10/06 12:52:16 [DEBUG] Cuidador cargado: Pedro Montoya (ID: 4)
2025/10/06 12:52:16 [DEBUG] Cuidador agregado a respuesta: Pedro Montoya

2025/10/06 12:52:16 [32m/Users/jhafetcanepa/Documents/tesis_titulacion/back_usuarios/service/therapy_service.go:554 [33mSLOW SQL >= 200ms
[0m[31;1m[424.822ms] [33m[rows:1][35m SELECT * FROM `therapist_ratings` WHERE session_id = 1 ORDER BY `therapist_ratings`.`id` LIMIT 1[0m
2025/10/06 12:52:16 [DEBUG] ⭐ Calificación encontrada: 5 estrellas
[GIN] 2025/10/06 - 12:52:16 | 200 |  6.344967708s |       127.0.0.1 | GET      "/api/sessions"

2025/10/06 12:52:19 [32m/Users/jhafetcanepa/Documents/tesis_titulacion/back_usuarios/service/therapy_service.go:217 [33mSLOW SQL >= 200ms
[0m[31;1m[2123.106ms] [33m[rows:1][35m SELECT * FROM `usuarios` WHERE `usuarios`.`idusuario` = 2[0m

2025/10/06 12:52:19 [32m/Users/jhafetcanepa/Documents/tesis_titulacion/back_usuarios/service/therapy_service.go:217 [33mSLOW SQL >= 200ms
[0m[31;1m[6632.491ms] [33m[rows:1][35m SELECT * FROM `patients` WHERE `patients`.`id` = 3 AND `patients`.`deleted_at` IS NULL[0m

2025/10/06 12:52:19 [32m/Users/jhafetcanepa/Documents/tesis_titulacion/back_usuarios/service/therapy_service.go:217 [33mSLOW SQL >= 200ms
[0m[31;1m[480.575ms] [33m[rows:1][35m SELECT * FROM `usuarios` WHERE `usuarios`.`idusuario` = 63[0m

2025/10/06 12:52:19 [32m/Users/jhafetcanepa/Documents/tesis_titulacion/back_usuarios/service/therapy_service.go:217 [33mSLOW SQL >= 200ms
[0m[31;1m[8454.959ms] [33m[rows:1][35m SELECT * FROM `therapy_sessions` WHERE is_deleted = false AND `therapy_sessions`.`id` = 2 ORDER BY `therapy_sessions`.`id` LIMIT 1[0m
2025/10/06 12:52:19 [DEBUG] GetByID - Session 2 loaded successfully
2025/10/06 12:52:19 [DEBUG] GetByID - Paciente: Héctor Zuñiga, CuidadorID: 2, Cuidador loaded: true
2025/10/06 12:52:19 [DEBUG] GetByID - Cuidador details: Jhafet Cánepa (ID: 2)
2025/10/06 12:52:19 [DEBUG] Session ID: 2, Paciente: Héctor Zuñiga, PacienteID: 3
2025/10/06 12:52:19 [DEBUG] Paciente tiene CuidadorID: 2
2025/10/06 12:52:19 [DEBUG] Cuidador cargado: Jhafet Cánepa (ID: 2)
2025/10/06 12:52:19 [DEBUG] Cuidador agregado a respuesta: Jhafet Cánepa

2025/10/06 12:52:20 [32m/Users/jhafetcanepa/Documents/tesis_titulacion/back_usuarios/service/therapy_service.go:554 [33mSLOW SQL >= 200ms
[0m[31;1m[491.479ms] [33m[rows:1][35m SELECT * FROM `therapist_ratings` WHERE session_id = 2 ORDER BY `therapist_ratings`.`id` LIMIT 1[0m
2025/10/06 12:52:20 [DEBUG] ⭐ Calificación encontrada: 3 estrellas
[GIN] 2025/10/06 - 12:52:20 | 200 |    8.9481875s |       127.0.0.1 | GET      "/api/sessions/2"
2025/10/06 12:52:26 Origin recibido: 

2025/10/06 12:52:31 [32m/Users/jhafetcanepa/Documents/tesis_titulacion/back_usuarios/service/therapy_service.go:122 [33mSLOW SQL >= 200ms
[0m[31;1m[2200.182ms] [33m[rows:2][35m SELECT * FROM `usuarios` WHERE `usuarios`.`idusuario` IN (4,2)[0m

2025/10/06 12:52:31 [32m/Users/jhafetcanepa/Documents/tesis_titulacion/back_usuarios/service/therapy_service.go:122 [33mSLOW SQL >= 200ms
[0m[31;1m[4286.809ms] [33m[rows:2][35m SELECT * FROM `patients` WHERE `patients`.`id` IN (3,1) AND `patients`.`deleted_at` IS NULL[0m

2025/10/06 12:52:32 [32m/Users/jhafetcanepa/Documents/tesis_titulacion/back_usuarios/service/therapy_service.go:122 [33mSLOW SQL >= 200ms
[0m[31;1m[724.673ms] [33m[rows:2][35m SELECT * FROM `usuarios` WHERE `usuarios`.`idusuario` IN (63,4)[0m

2025/10/06 12:52:32 [32m/Users/jhafetcanepa/Documents/tesis_titulacion/back_usuarios/service/therapy_service.go:122 [33mSLOW SQL >= 200ms
[0m[31;1m[5691.562ms] [33m[rows:2][35m SELECT * FROM `therapy_sessions` WHERE is_deleted = false ORDER BY fecha_sesion DESC, hora_inicio ASC[0m
2025/10/06 12:52:32 [DEBUG] GetAll loaded 2 sessions
2025/10/06 12:52:32 [DEBUG] Session 2: Paciente Héctor Zuñiga, CuidadorID: 2, Cuidador loaded: true
2025/10/06 12:52:32 [DEBUG] Session 1: Paciente Christopher, CuidadorID: 4, Cuidador loaded: true
2025/10/06 12:52:32 [DEBUG] Session ID: 2, Paciente: Héctor Zuñiga, PacienteID: 3
2025/10/06 12:52:32 [DEBUG] Paciente tiene CuidadorID: 2
2025/10/06 12:52:32 [DEBUG] Cuidador cargado: Jhafet Cánepa (ID: 2)
2025/10/06 12:52:32 [DEBUG] Cuidador agregado a respuesta: Jhafet Cánepa

2025/10/06 12:52:33 [32m/Users/jhafetcanepa/Documents/tesis_titulacion/back_usuarios/service/therapy_service.go:554 [33mSLOW SQL >= 200ms
[0m[31;1m[466.872ms] [33m[rows:1][35m SELECT * FROM `therapist_ratings` WHERE session_id = 2 ORDER BY `therapist_ratings`.`id` LIMIT 1[0m
2025/10/06 12:52:33 [DEBUG] ⭐ Calificación encontrada: 3 estrellas
2025/10/06 12:52:33 [DEBUG] Session ID: 1, Paciente: Christopher, PacienteID: 1
2025/10/06 12:52:33 [DEBUG] Paciente tiene CuidadorID: 4
2025/10/06 12:52:33 [DEBUG] Cuidador cargado: Pedro Montoya (ID: 4)
2025/10/06 12:52:33 [DEBUG] Cuidador agregado a respuesta: Pedro Montoya

2025/10/06 12:52:33 [32m/Users/jhafetcanepa/Documents/tesis_titulacion/back_usuarios/service/therapy_service.go:554 [33mSLOW SQL >= 200ms
[0m[31;1m[428.888ms] [33m[rows:1][35m SELECT * FROM `therapist_ratings` WHERE session_id = 1 ORDER BY `therapist_ratings`.`id` LIMIT 1[0m
2025/10/06 12:52:33 [DEBUG] ⭐ Calificación encontrada: 5 estrellas
[GIN] 2025/10/06 - 12:52:33 | 200 |    6.5910645s |       127.0.0.1 | GET      "/api/sessions"
2025/10/06 12:52:33 Origin recibido: 
2025/10/06 12:52:33 Origin recibido: 

2025/10/06 12:52:37 [32m/Users/jhafetcanepa/Documents/tesis_titulacion/back_usuarios/service/therapy_service.go:217 [33mSLOW SQL >= 200ms
[0m[31;1m[902.301ms] [33m[rows:1][35m SELECT * FROM `usuarios` WHERE `usuarios`.`idusuario` = 2[0m

2025/10/06 12:52:37 [32m/Users/jhafetcanepa/Documents/tesis_titulacion/back_usuarios/service/therapy_service.go:217 [33mSLOW SQL >= 200ms
[0m[31;1m[2763.963ms] [33m[rows:1][35m SELECT * FROM `patients` WHERE `patients`.`id` = 3 AND `patients`.`deleted_at` IS NULL[0m

2025/10/06 12:52:37 [32m/Users/jhafetcanepa/Documents/tesis_titulacion/back_usuarios/service/therapy_service.go:217 [33mSLOW SQL >= 200ms
[0m[31;1m[492.685ms] [33m[rows:1][35m SELECT * FROM `usuarios` WHERE `usuarios`.`idusuario` = 63[0m

2025/10/06 12:52:37 [32m/Users/jhafetcanepa/Documents/tesis_titulacion/back_usuarios/service/therapy_service.go:217 [33mSLOW SQL >= 200ms
[0m[31;1m[3677.652ms] [33m[rows:1][35m SELECT * FROM `therapy_sessions` WHERE is_deleted = false AND `therapy_sessions`.`id` = 2 ORDER BY `therapy_sessions`.`id` LIMIT 1[0m
2025/10/06 12:52:37 [DEBUG] GetByID - Session 2 loaded successfully
2025/10/06 12:52:37 [DEBUG] GetByID - Paciente: Héctor Zuñiga, CuidadorID: 2, Cuidador loaded: true
2025/10/06 12:52:37 [DEBUG] GetByID - Cuidador details: Jhafet Cánepa (ID: 2)
2025/10/06 12:52:37 [DEBUG] Session ID: 2, Paciente: Héctor Zuñiga, PacienteID: 3
2025/10/06 12:52:37 [DEBUG] Paciente tiene CuidadorID: 2
2025/10/06 12:52:37 [DEBUG] Cuidador cargado: Jhafet Cánepa (ID: 2)
2025/10/06 12:52:37 [DEBUG] Cuidador agregado a respuesta: Jhafet Cánepa

2025/10/06 12:52:37 [32m/Users/jhafetcanepa/Documents/tesis_titulacion/back_usuarios/service/therapy_service.go:217 [33mSLOW SQL >= 200ms
[0m[31;1m[1844.734ms] [33m[rows:1][35m SELECT * FROM `usuarios` WHERE `usuarios`.`idusuario` = 2[0m

2025/10/06 12:52:37 [32m/Users/jhafetcanepa/Documents/tesis_titulacion/back_usuarios/service/therapy_service.go:217 [33mSLOW SQL >= 200ms
[0m[31;1m[3505.220ms] [33m[rows:1][35m SELECT * FROM `patients` WHERE `patients`.`id` = 3 AND `patients`.`deleted_at` IS NULL[0m

2025/10/06 12:52:38 [32m/Users/jhafetcanepa/Documents/tesis_titulacion/back_usuarios/service/therapy_service.go:554 [33mSLOW SQL >= 200ms
[0m[31;1m[732.579ms] [33m[rows:1][35m SELECT * FROM `therapist_ratings` WHERE session_id = 2 ORDER BY `therapist_ratings`.`id` LIMIT 1[0m
2025/10/06 12:52:38 [DEBUG] ⭐ Calificación encontrada: 3 estrellas
[GIN] 2025/10/06 - 12:52:38 | 200 |  4.412795958s |       127.0.0.1 | GET      "/api/sessions/2"

2025/10/06 12:52:38 [32m/Users/jhafetcanepa/Documents/tesis_titulacion/back_usuarios/service/therapy_service.go:217 [33mSLOW SQL >= 200ms
[0m[31;1m[792.193ms] [33m[rows:1][35m SELECT * FROM `usuarios` WHERE `usuarios`.`idusuario` = 63[0m

2025/10/06 12:52:38 [32m/Users/jhafetcanepa/Documents/tesis_titulacion/back_usuarios/service/therapy_service.go:217 [33mSLOW SQL >= 200ms
[0m[31;1m[4727.732ms] [33m[rows:1][35m SELECT * FROM `therapy_sessions` WHERE is_deleted = false AND `therapy_sessions`.`id` = 2 ORDER BY `therapy_sessions`.`id` LIMIT 1[0m
2025/10/06 12:52:38 [DEBUG] GetByID - Session 2 loaded successfully
2025/10/06 12:52:38 [DEBUG] GetByID - Paciente: Héctor Zuñiga, CuidadorID: 2, Cuidador loaded: true
2025/10/06 12:52:38 [DEBUG] GetByID - Cuidador details: Jhafet Cánepa (ID: 2)
2025/10/06 12:52:38 [DEBUG] Session ID: 2, Paciente: Héctor Zuñiga, PacienteID: 3
2025/10/06 12:52:38 [DEBUG] Paciente tiene CuidadorID: 2
2025/10/06 12:52:38 [DEBUG] Cuidador cargado: Jhafet Cánepa (ID: 2)
2025/10/06 12:52:38 [DEBUG] Cuidador agregado a respuesta: Jhafet Cánepa

2025/10/06 12:52:39 [32m/Users/jhafetcanepa/Documents/tesis_titulacion/back_usuarios/service/therapy_service.go:554 [33mSLOW SQL >= 200ms
[0m[31;1m[512.545ms] [33m[rows:1][35m SELECT * FROM `therapist_ratings` WHERE session_id = 2 ORDER BY `therapist_ratings`.`id` LIMIT 1[0m
2025/10/06 12:52:39 [DEBUG] ⭐ Calificación encontrada: 3 estrellas
[GIN] 2025/10/06 - 12:52:39 | 200 |  5.245376292s |       127.0.0.1 | GET      "/api/sessions/2"
2025/10/06 12:57:40 Origin recibido: 
[mysql] 2025/10/06 12:57:40 connection.go:49: closing bad idle connection: EOF
[mysql] 2025/10/06 12:57:40 connection.go:49: closing bad idle connection: EOF
2025/10/06 12:57:41 Origin recibido: 
2025/10/06 12:57:41 Origin recibido: 

2025/10/06 12:57:42 [31;1m/Users/jhafetcanepa/Documents/tesis_titulacion/back_usuarios/service/therapy_service.go:217 [35;1mError 1226 (42000): User 'u7wgj2gca90plg87' has exceeded the 'max_user_connections' resource (current value: 5)
[0m[33m[651.809ms] [34;1m[rows:0][0m SELECT * FROM `therapy_sessions` WHERE is_deleted = false AND `therapy_sessions`.`id` = 2 ORDER BY `therapy_sessions`.`id` LIMIT 1
[GIN] 2025/10/06 - 12:57:42 | 404 |  652.493583ms |       127.0.0.1 | GET      "/api/sessions/2"
2025/10/06 12:57:42 Origin recibido: 

2025/10/06 12:57:43 [31;1m/Users/jhafetcanepa/Documents/tesis_titulacion/back_usuarios/service/therapy_service.go:122 [35;1mError 1226 (42000): User 'u7wgj2gca90plg87' has exceeded the 'max_user_connections' resource (current value: 5)
[0m[33m[733.246ms] [34;1m[rows:0][0m SELECT * FROM `therapy_sessions` WHERE is_deleted = false ORDER BY fecha_sesion DESC, hora_inicio ASC
[GIN] 2025/10/06 - 12:57:43 | 500 |  733.711875ms |       127.0.0.1 | GET      "/api/sessions"

2025/10/06 12:57:51 [32m/Users/jhafetcanepa/Documents/tesis_titulacion/back_usuarios/service/therapy_service.go:122 [33mSLOW SQL >= 200ms
[0m[31;1m[4831.174ms] [33m[rows:2][35m SELECT * FROM `usuarios` WHERE `usuarios`.`idusuario` IN (4,2)[0m

2025/10/06 12:57:51 [32m/Users/jhafetcanepa/Documents/tesis_titulacion/back_usuarios/service/therapy_service.go:122 [33mSLOW SQL >= 200ms
[0m[31;1m[8551.585ms] [33m[rows:2][35m SELECT * FROM `patients` WHERE `patients`.`id` IN (3,1) AND `patients`.`deleted_at` IS NULL[0m

2025/10/06 12:57:52 [32m/Users/jhafetcanepa/Documents/tesis_titulacion/back_usuarios/service/therapy_service.go:122 [33mSLOW SQL >= 200ms
[0m[31;1m[1546.272ms] [33m[rows:2][35m SELECT * FROM `usuarios` WHERE `usuarios`.`idusuario` IN (63,4)[0m

2025/10/06 12:57:52 [32m/Users/jhafetcanepa/Documents/tesis_titulacion/back_usuarios/service/therapy_service.go:122 [33mSLOW SQL >= 200ms
[0m[31;1m[12081.971ms] [33m[rows:2][35m SELECT * FROM `therapy_sessions` WHERE is_deleted = false ORDER BY fecha_sesion DESC, hora_inicio ASC[0m
2025/10/06 12:57:52 [DEBUG] GetAll loaded 2 sessions
2025/10/06 12:57:52 [DEBUG] Session 2: Paciente Héctor Zuñiga, CuidadorID: 2, Cuidador loaded: true
2025/10/06 12:57:52 [DEBUG] Session 1: Paciente Christopher, CuidadorID: 4, Cuidador loaded: true
2025/10/06 12:57:52 [DEBUG] Session ID: 2, Paciente: Héctor Zuñiga, PacienteID: 3
2025/10/06 12:57:52 [DEBUG] Paciente tiene CuidadorID: 2
2025/10/06 12:57:52 [DEBUG] Cuidador cargado: Jhafet Cánepa (ID: 2)
2025/10/06 12:57:52 [DEBUG] Cuidador agregado a respuesta: Jhafet Cánepa

2025/10/06 12:57:53 [31;1m/Users/jhafetcanepa/Documents/tesis_titulacion/back_usuarios/service/therapy_service.go:554 [35;1mrecord not found
[0m[33m[611.510ms] [34;1m[rows:0][0m SELECT * FROM `therapist_ratings` WHERE session_id = 2 ORDER BY `therapist_ratings`.`id` LIMIT 1
2025/10/06 12:57:53 [DEBUG] Session ID: 1, Paciente: Christopher, PacienteID: 1
2025/10/06 12:57:53 [DEBUG] Paciente tiene CuidadorID: 4
2025/10/06 12:57:53 [DEBUG] Cuidador cargado: Pedro Montoya (ID: 4)
2025/10/06 12:57:53 [DEBUG] Cuidador agregado a respuesta: Pedro Montoya

2025/10/06 12:57:53 [32m/Users/jhafetcanepa/Documents/tesis_titulacion/back_usuarios/service/therapy_service.go:554 [33mSLOW SQL >= 200ms
[0m[31;1m[460.360ms] [33m[rows:1][35m SELECT * FROM `therapist_ratings` WHERE session_id = 1 ORDER BY `therapist_ratings`.`id` LIMIT 1[0m
2025/10/06 12:57:53 [DEBUG] ⭐ Calificación encontrada: 5 estrellas
[GIN] 2025/10/06 - 12:57:53 | 200 | 13.159252542s |       127.0.0.1 | GET      "/api/sessions"

2025/10/06 12:57:53 [32m/Users/jhafetcanepa/Documents/tesis_titulacion/back_usuarios/service/therapy_service.go:217 [33mSLOW SQL >= 200ms
[0m[31;1m[4563.014ms] [33m[rows:1][35m SELECT * FROM `usuarios` WHERE `usuarios`.`idusuario` = 2[0m

2025/10/06 12:57:53 [32m/Users/jhafetcanepa/Documents/tesis_titulacion/back_usuarios/service/therapy_service.go:217 [33mSLOW SQL >= 200ms
[0m[31;1m[10534.690ms] [33m[rows:1][35m SELECT * FROM `patients` WHERE `patients`.`id` = 3 AND `patients`.`deleted_at` IS NULL[0m

2025/10/06 12:57:54 [32m/Users/jhafetcanepa/Documents/tesis_titulacion/back_usuarios/service/therapy_service.go:217 [33mSLOW SQL >= 200ms
[0m[31;1m[836.075ms] [33m[rows:1][35m SELECT * FROM `usuarios` WHERE `usuarios`.`idusuario` = 63[0m

2025/10/06 12:57:54 [32m/Users/jhafetcanepa/Documents/tesis_titulacion/back_usuarios/service/therapy_service.go:217 [33mSLOW SQL >= 200ms
[0m[31;1m[12755.551ms] [33m[rows:1][35m SELECT * FROM `therapy_sessions` WHERE is_deleted = false AND `therapy_sessions`.`id` = 2 ORDER BY `therapy_sessions`.`id` LIMIT 1[0m
2025/10/06 12:57:54 [DEBUG] GetByID - Session 2 loaded successfully
2025/10/06 12:57:54 [DEBUG] GetByID - Paciente: Héctor Zuñiga, CuidadorID: 2, Cuidador loaded: true
2025/10/06 12:57:54 [DEBUG] GetByID - Cuidador details: Jhafet Cánepa (ID: 2)
2025/10/06 12:57:54 [DEBUG] Session ID: 2, Paciente: Héctor Zuñiga, PacienteID: 3
2025/10/06 12:57:54 [DEBUG] Paciente tiene CuidadorID: 2
2025/10/06 12:57:54 [DEBUG] Cuidador cargado: Jhafet Cánepa (ID: 2)
2025/10/06 12:57:54 [DEBUG] Cuidador agregado a respuesta: Jhafet Cánepa

2025/10/06 12:57:55 [31;1m/Users/jhafetcanepa/Documents/tesis_titulacion/back_usuarios/service/therapy_service.go:554 [35;1mrecord not found
[0m[33m[462.019ms] [34;1m[rows:0][0m SELECT * FROM `therapist_ratings` WHERE session_id = 2 ORDER BY `therapist_ratings`.`id` LIMIT 1
[GIN] 2025/10/06 - 12:57:55 | 200 | 13.223197041s |       127.0.0.1 | GET      "/api/sessions/2"
2025/10/06 12:58:07 Origin recibido: 
2025/10/06 12:58:07 🎯 CreateTherapistRating: userID=4, roles=[administrador], dto.CaregiverID=2
2025/10/06 12:58:07    👤 Usuario es admin: true

2025/10/06 12:58:07 [32m/Users/jhafetcanepa/Documents/tesis_titulacion/back_usuarios/service/therapy_service.go:1060 [33mSLOW SQL >= 200ms
[0m[31;1m[454.793ms] [33m[rows:1][35m SELECT * FROM `therapy_sessions` WHERE id = 2 AND estado IN ('completada','programada','en_progreso') ORDER BY `therapy_sessions`.`id` LIMIT 1[0m
2025/10/06 12:58:07 ✅ Sesión: ID=2, PacienteID=3, TerapeutaID=63

2025/10/06 12:58:10 [32m/Users/jhafetcanepa/Documents/tesis_titulacion/back_usuarios/service/therapy_service.go:1068 [33mSLOW SQL >= 200ms
[0m[31;1m[2975.698ms] [33m[rows:1][35m SELECT * FROM `patients` WHERE id = 3 AND `patients`.`deleted_at` IS NULL ORDER BY `patients`.`id` LIMIT 1[0m
2025/10/06 12:58:10 ✅ Paciente: ID=3, CuidadorID=0x14000c681b0
2025/10/06 12:58:10 ✅ ADMIN autorizado: calificando en nombre de cuidador 2 (paciente tiene cuidador 2)

2025/10/06 12:58:11 [31;1m/Users/jhafetcanepa/Documents/tesis_titulacion/back_usuarios/service/therapy_service.go:1098 [35;1mrecord not found
[0m[33m[451.967ms] [34;1m[rows:0][0m SELECT * FROM `therapist_ratings` WHERE session_id = 2 AND caregiver_id = 2 ORDER BY `therapist_ratings`.`id` LIMIT 1

2025/10/06 12:58:11 [32m/Users/jhafetcanepa/Documents/tesis_titulacion/back_usuarios/service/therapy_service.go:1112 [33mSLOW SQL >= 200ms
[0m[31;1m[874.694ms] [33m[rows:1][35m INSERT INTO `therapist_ratings` (`session_id`,`therapist_id`,`caregiver_id`,`patient_id`,`rating`,`comment`,`created_at`,`updated_at`) VALUES (2,63,2,3,3,'','2025-10-06 12:58:11.306','2025-10-06 12:58:11.306')[0m
2025/10/06 12:58:11 ⚠️  Low rating detected (3 stars) for therapist 63 by user 4

2025/10/06 12:58:12 [32m/Users/jhafetcanepa/Documents/tesis_titulacion/back_usuarios/service/therapy_service.go:1180 [33mSLOW SQL >= 200ms
[0m[31;1m[418.492ms] [33m[rows:1][35m SELECT * FROM `therapist_disqualifications` WHERE therapist_id = 63 ORDER BY `therapist_disqualifications`.`id` LIMIT 1[0m

2025/10/06 12:58:13 [32m/Users/jhafetcanepa/Documents/tesis_titulacion/back_usuarios/service/therapy_service.go:1197 [33mSLOW SQL >= 200ms
[0m[31;1m[879.182ms] [33m[rows:1][35m UPDATE `therapist_disqualifications` SET `therapist_id`=63,`bad_ratings`=2,`is_deleted`=false,`created_at`='2025-10-06 10:23:50.027',`updated_at`='2025-10-06 12:58:12.609' WHERE `id` = 1[0m
2025/10/06 12:58:13 Therapist 63 now has 2 bad ratings
2025/10/06 12:58:13 🔄 Buscando terapeuta de reemplazo para paciente 3 (excluir terapeuta 63)

2025/10/06 12:58:13 [32m/Users/jhafetcanepa/Documents/tesis_titulacion/back_usuarios/service/therapy_service.go:1226 [33mSLOW SQL >= 200ms
[0m[31;1m[422.903ms] [33m[rows:0][35m SELECT `therapist_id` FROM `therapist_disqualifications` WHERE is_deleted = true[0m
2025/10/06 12:58:13    📋 Terapeutas descalificados: []

2025/10/06 12:58:14 [31;1m/Users/jhafetcanepa/Documents/tesis_titulacion/back_usuarios/service/therapy_service.go:1247 [35;1mrecord not found
[0m[33m[464.058ms] [34;1m[rows:0][0m SELECT `usuarios`.`idusuario`,`usuarios`.`nombres_apellidos`,`usuarios`.`fecha_nacimiento`,`usuarios`.`tipo_documento`,`usuarios`.`num_documento`,`usuarios`.`descripcion`,`usuarios`.`sexo`,`usuarios`.`telefono`,`usuarios`.`correo`,`usuarios`.`activo`,`usuarios`.`foto_movil`,`usuarios`.`banner_movil`,`usuarios`.`usuario`,`usuarios`.`contrasena`,`usuarios`.`intentos`,`usuarios`.`doble_factor`,`usuarios`.`created_at`,`usuarios`.`updated_at`,`usuarios`.`password_expires_at`,`usuarios`.`activation_token`,`usuarios`.`activation_expiry`,`usuarios`.`last_login_at`,`usuarios`.`last_login_ip`,`usuarios`.`last_user_agent`,`usuarios`.`password_changed_at` FROM `usuarios` JOIN user_roles ON usuarios.idusuario = user_roles.usuarios_id_usuario JOIN roles ON user_roles.roles_id = roles.id WHERE roles.id = 4 AND usuarios.idusuario != 63 AND usuarios.activo = 0  HAVING (SELECT COUNT(*) FROM patients WHERE terapeuta_id = usuarios.idusuario) < 20 ORDER BY `usuarios`.`idusuario` LIMIT 1
2025/10/06 12:58:14 ❌ No hay terapeutas alternativos disponibles para paciente 3

2025/10/06 12:58:17 [32m/Users/jhafetcanepa/Documents/tesis_titulacion/back_usuarios/service/therapy_service.go:1143 [33mSLOW SQL >= 200ms
[0m[31;1m[2860.612ms] [33m[rows:1][35m SELECT * FROM `usuarios` WHERE `usuarios`.`idusuario` = 2[0m

2025/10/06 12:58:19 [32m/Users/jhafetcanepa/Documents/tesis_titulacion/back_usuarios/service/therapy_service.go:1143 [33mSLOW SQL >= 200ms
[0m[31;1m[2196.715ms] [33m[rows:1][35m SELECT * FROM `patients` WHERE `patients`.`id` = 3 AND `patients`.`deleted_at` IS NULL[0m

2025/10/06 12:58:20 [32m/Users/jhafetcanepa/Documents/tesis_titulacion/back_usuarios/service/therapy_service.go:1143 [33mSLOW SQL >= 200ms
[0m[31;1m[843.712ms] [33m[rows:1][35m SELECT * FROM `usuarios` WHERE `usuarios`.`idusuario` = 63[0m

2025/10/06 12:58:20 [32m/Users/jhafetcanepa/Documents/tesis_titulacion/back_usuarios/service/therapy_service.go:1143 [33mSLOW SQL >= 200ms
[0m[31;1m[6318.090ms] [33m[rows:1][35m SELECT * FROM `therapist_ratings` WHERE `therapist_ratings`.`id` = 3 AND `therapist_ratings`.`id` = 3 ORDER BY `therapist_ratings`.`id` LIMIT 1[0m
[GIN] 2025/10/06 - 12:58:20 | 201 | 13.262055583s |       127.0.0.1 | POST     "/api/therapist-ratings"
2025/10/06 12:58:28 Origin recibido: 
2025/10/06 12:58:28 Origin recibido: 
2025/10/06 12:58:31 Origin recibido: 

2025/10/06 12:58:32 [31;1m/Users/jhafetcanepa/Documents/tesis_titulacion/back_usuarios/service/therapy_service.go:122 [35;1mError 1226 (42000): User 'u7wgj2gca90plg87' has exceeded the 'max_user_connections' resource (current value: 5)
[0m[33m[1001.268ms] [34;1m[rows:0][0m SELECT * FROM `therapy_sessions` WHERE is_deleted = false ORDER BY fecha_sesion DESC, hora_inicio ASC
[GIN] 2025/10/06 - 12:58:32 | 500 |   1.00166475s |       127.0.0.1 | GET      "/api/sessions"

2025/10/06 12:58:35 [32m/Users/jhafetcanepa/Documents/tesis_titulacion/back_usuarios/service/therapy_service.go:217 [33mSLOW SQL >= 200ms
[0m[31;1m[3242.438ms] [33m[rows:1][35m SELECT * FROM `usuarios` WHERE `usuarios`.`idusuario` = 2[0m

2025/10/06 12:58:35 [32m/Users/jhafetcanepa/Documents/tesis_titulacion/back_usuarios/service/therapy_service.go:217 [33mSLOW SQL >= 200ms
[0m[31;1m[5947.312ms] [33m[rows:1][35m SELECT * FROM `patients` WHERE `patients`.`id` = 3 AND `patients`.`deleted_at` IS NULL[0m

2025/10/06 12:58:35 [32m/Users/jhafetcanepa/Documents/tesis_titulacion/back_usuarios/service/therapy_service.go:217 [33mSLOW SQL >= 200ms
[0m[31;1m[3252.371ms] [33m[rows:1][35m SELECT * FROM `usuarios` WHERE `usuarios`.`idusuario` = 2[0m

2025/10/06 12:58:35 [32m/Users/jhafetcanepa/Documents/tesis_titulacion/back_usuarios/service/therapy_service.go:217 [33mSLOW SQL >= 200ms
[0m[31;1m[5957.262ms] [33m[rows:1][35m SELECT * FROM `patients` WHERE `patients`.`id` = 3 AND `patients`.`deleted_at` IS NULL[0m

2025/10/06 12:58:36 [32m/Users/jhafetcanepa/Documents/tesis_titulacion/back_usuarios/service/therapy_service.go:217 [33mSLOW SQL >= 200ms
[0m[31;1m[641.232ms] [33m[rows:1][35m SELECT * FROM `usuarios` WHERE `usuarios`.`idusuario` = 63[0m

2025/10/06 12:58:36 [32m/Users/jhafetcanepa/Documents/tesis_titulacion/back_usuarios/service/therapy_service.go:217 [33mSLOW SQL >= 200ms
[0m[31;1m[7183.777ms] [33m[rows:1][35m SELECT * FROM `therapy_sessions` WHERE is_deleted = false AND `therapy_sessions`.`id` = 2 ORDER BY `therapy_sessions`.`id` LIMIT 1[0m
2025/10/06 12:58:36 [DEBUG] GetByID - Session 2 loaded successfully
2025/10/06 12:58:36 [DEBUG] GetByID - Paciente: Héctor Zuñiga, CuidadorID: 2, Cuidador loaded: true
2025/10/06 12:58:36 [DEBUG] GetByID - Cuidador details: Jhafet Cánepa (ID: 2)
2025/10/06 12:58:36 [DEBUG] Session ID: 2, Paciente: Héctor Zuñiga, PacienteID: 3
2025/10/06 12:58:36 [DEBUG] Paciente tiene CuidadorID: 2
2025/10/06 12:58:36 [DEBUG] Cuidador cargado: Jhafet Cánepa (ID: 2)
2025/10/06 12:58:36 [DEBUG] Cuidador agregado a respuesta: Jhafet Cánepa

2025/10/06 12:58:36 [32m/Users/jhafetcanepa/Documents/tesis_titulacion/back_usuarios/service/therapy_service.go:217 [33mSLOW SQL >= 200ms
[0m[31;1m[694.892ms] [33m[rows:1][35m SELECT * FROM `usuarios` WHERE `usuarios`.`idusuario` = 63[0m

2025/10/06 12:58:36 [32m/Users/jhafetcanepa/Documents/tesis_titulacion/back_usuarios/service/therapy_service.go:217 [33mSLOW SQL >= 200ms
[0m[31;1m[7219.210ms] [33m[rows:1][35m SELECT * FROM `therapy_sessions` WHERE is_deleted = false AND `therapy_sessions`.`id` = 2 ORDER BY `therapy_sessions`.`id` LIMIT 1[0m
2025/10/06 12:58:36 [DEBUG] GetByID - Session 2 loaded successfully
2025/10/06 12:58:36 [DEBUG] GetByID - Paciente: Héctor Zuñiga, CuidadorID: 2, Cuidador loaded: true
2025/10/06 12:58:36 [DEBUG] GetByID - Cuidador details: Jhafet Cánepa (ID: 2)
2025/10/06 12:58:36 [DEBUG] Session ID: 2, Paciente: Héctor Zuñiga, PacienteID: 3
2025/10/06 12:58:36 [DEBUG] Paciente tiene CuidadorID: 2
2025/10/06 12:58:36 [DEBUG] Cuidador cargado: Jhafet Cánepa (ID: 2)
2025/10/06 12:58:36 [DEBUG] Cuidador agregado a respuesta: Jhafet Cánepa

2025/10/06 12:58:36 [32m/Users/jhafetcanepa/Documents/tesis_titulacion/back_usuarios/service/therapy_service.go:554 [33mSLOW SQL >= 200ms
[0m[31;1m[520.530ms] [33m[rows:1][35m SELECT * FROM `therapist_ratings` WHERE session_id = 2 ORDER BY `therapist_ratings`.`id` LIMIT 1[0m
2025/10/06 12:58:36 [DEBUG] ⭐ Calificación encontrada: 3 estrellas

2025/10/06 12:58:36 [32m/Users/jhafetcanepa/Documents/tesis_titulacion/back_usuarios/service/therapy_service.go:554 [33mSLOW SQL >= 200ms
[0m[31;1m[563.969ms] [33m[rows:1][35m SELECT * FROM `therapist_ratings` WHERE session_id = 2 ORDER BY `therapist_ratings`.`id` LIMIT 1[0m
2025/10/06 12:58:36 [DEBUG] ⭐ Calificación encontrada: 3 estrellas
[GIN] 2025/10/06 - 12:58:36 | 200 |  7.750921291s |       127.0.0.1 | GET      "/api/sessions/2"
[GIN] 2025/10/06 - 12:58:36 | 200 |  7.743077625s |       127.0.0.1 | GET      "/api/sessions/2"
Error #01: write tcp 127.0.0.1:8080->127.0.0.1:58443: write: broken pipe
2025/10/06 12:58:41 Origin recibido: 
2025/10/06 12:58:41 Origin recibido: 

2025/10/06 12:58:46 [32m/Users/jhafetcanepa/Documents/tesis_titulacion/back_usuarios/service/therapy_service.go:217 [33mSLOW SQL >= 200ms
[0m[31;1m[2459.190ms] [33m[rows:1][35m SELECT * FROM `usuarios` WHERE `usuarios`.`idusuario` = 2[0m

2025/10/06 12:58:46 [32m/Users/jhafetcanepa/Documents/tesis_titulacion/back_usuarios/service/therapy_service.go:217 [33mSLOW SQL >= 200ms
[0m[31;1m[5178.484ms] [33m[rows:1][35m SELECT * FROM `patients` WHERE `patients`.`id` = 3 AND `patients`.`deleted_at` IS NULL[0m

2025/10/06 12:58:47 [32m/Users/jhafetcanepa/Documents/tesis_titulacion/back_usuarios/service/therapy_service.go:217 [33mSLOW SQL >= 200ms
[0m[31;1m[2549.229ms] [33m[rows:1][35m SELECT * FROM `usuarios` WHERE `usuarios`.`idusuario` = 2[0m

2025/10/06 12:58:47 [32m/Users/jhafetcanepa/Documents/tesis_titulacion/back_usuarios/service/therapy_service.go:217 [33mSLOW SQL >= 200ms
[0m[31;1m[5490.473ms] [33m[rows:1][35m SELECT * FROM `patients` WHERE `patients`.`id` = 3 AND `patients`.`deleted_at` IS NULL[0m

2025/10/06 12:58:47 [32m/Users/jhafetcanepa/Documents/tesis_titulacion/back_usuarios/service/therapy_service.go:217 [33mSLOW SQL >= 200ms
[0m[31;1m[731.057ms] [33m[rows:1][35m SELECT * FROM `usuarios` WHERE `usuarios`.`idusuario` = 63[0m

2025/10/06 12:58:47 [32m/Users/jhafetcanepa/Documents/tesis_titulacion/back_usuarios/service/therapy_service.go:217 [33mSLOW SQL >= 200ms
[0m[31;1m[6429.182ms] [33m[rows:1][35m SELECT * FROM `therapy_sessions` WHERE is_deleted = false AND `therapy_sessions`.`id` = 2 ORDER BY `therapy_sessions`.`id` LIMIT 1[0m
2025/10/06 12:58:47 [DEBUG] GetByID - Session 2 loaded successfully
2025/10/06 12:58:47 [DEBUG] GetByID - Paciente: Héctor Zuñiga, CuidadorID: 2, Cuidador loaded: true
2025/10/06 12:58:47 [DEBUG] GetByID - Cuidador details: Jhafet Cánepa (ID: 2)
2025/10/06 12:58:47 [DEBUG] Session ID: 2, Paciente: Héctor Zuñiga, PacienteID: 3
2025/10/06 12:58:47 [DEBUG] Paciente tiene CuidadorID: 2
2025/10/06 12:58:47 [DEBUG] Cuidador cargado: Jhafet Cánepa (ID: 2)
2025/10/06 12:58:47 [DEBUG] Cuidador agregado a respuesta: Jhafet Cánepa

2025/10/06 12:58:48 [32m/Users/jhafetcanepa/Documents/tesis_titulacion/back_usuarios/service/therapy_service.go:217 [33mSLOW SQL >= 200ms
[0m[31;1m[868.209ms] [33m[rows:1][35m SELECT * FROM `usuarios` WHERE `usuarios`.`idusuario` = 63[0m

2025/10/06 12:58:48 [32m/Users/jhafetcanepa/Documents/tesis_titulacion/back_usuarios/service/therapy_service.go:217 [33mSLOW SQL >= 200ms
[0m[31;1m[6882.499ms] [33m[rows:1][35m SELECT * FROM `therapy_sessions` WHERE is_deleted = false AND `therapy_sessions`.`id` = 2 ORDER BY `therapy_sessions`.`id` LIMIT 1[0m
2025/10/06 12:58:48 [DEBUG] GetByID - Session 2 loaded successfully
2025/10/06 12:58:48 [DEBUG] GetByID - Paciente: Héctor Zuñiga, CuidadorID: 2, Cuidador loaded: true
2025/10/06 12:58:48 [DEBUG] GetByID - Cuidador details: Jhafet Cánepa (ID: 2)
2025/10/06 12:58:48 [DEBUG] Session ID: 2, Paciente: Héctor Zuñiga, PacienteID: 3
2025/10/06 12:58:48 [DEBUG] Paciente tiene CuidadorID: 2
2025/10/06 12:58:48 [DEBUG] Cuidador cargado: Jhafet Cánepa (ID: 2)
2025/10/06 12:58:48 [DEBUG] Cuidador agregado a respuesta: Jhafet Cánepa

2025/10/06 12:58:48 [32m/Users/jhafetcanepa/Documents/tesis_titulacion/back_usuarios/service/therapy_service.go:554 [33mSLOW SQL >= 200ms
[0m[31;1m[520.276ms] [33m[rows:1][35m SELECT * FROM `therapist_ratings` WHERE session_id = 2 ORDER BY `therapist_ratings`.`id` LIMIT 1[0m
2025/10/06 12:58:48 [DEBUG] ⭐ Calificación encontrada: 3 estrellas
[GIN] 2025/10/06 - 12:58:48 | 200 |  6.952039167s |       127.0.0.1 | GET      "/api/sessions/2"

2025/10/06 12:58:48 [32m/Users/jhafetcanepa/Documents/tesis_titulacion/back_usuarios/service/therapy_service.go:554 [33mSLOW SQL >= 200ms
[0m[31;1m[449.271ms] [33m[rows:1][35m SELECT * FROM `therapist_ratings` WHERE session_id = 2 ORDER BY `therapist_ratings`.`id` LIMIT 1[0m
2025/10/06 12:58:48 [DEBUG] ⭐ Calificación encontrada: 3 estrellas
[GIN] 2025/10/06 - 12:58:48 | 200 |  7.335356958s |       127.0.0.1 | GET      "/api/sessions/2"
2025/10/06 13:03:26 Origin recibido: 

2025/10/06 13:03:30 [32m/Users/jhafetcanepa/Documents/tesis_titulacion/back_usuarios/service/therapy_service.go:122 [33mSLOW SQL >= 200ms
[0m[31;1m[1360.734ms] [33m[rows:2][35m SELECT * FROM `usuarios` WHERE `usuarios`.`idusuario` IN (4,2)[0m

2025/10/06 13:03:30 [32m/Users/jhafetcanepa/Documents/tesis_titulacion/back_usuarios/service/therapy_service.go:122 [33mSLOW SQL >= 200ms
[0m[31;1m[3621.713ms] [33m[rows:2][35m SELECT * FROM `patients` WHERE `patients`.`id` IN (3,1) AND `patients`.`deleted_at` IS NULL[0m

2025/10/06 13:03:31 [32m/Users/jhafetcanepa/Documents/tesis_titulacion/back_usuarios/service/therapy_service.go:122 [33mSLOW SQL >= 200ms
[0m[31;1m[768.311ms] [33m[rows:2][35m SELECT * FROM `usuarios` WHERE `usuarios`.`idusuario` IN (63,4)[0m

2025/10/06 13:03:31 [32m/Users/jhafetcanepa/Documents/tesis_titulacion/back_usuarios/service/therapy_service.go:122 [33mSLOW SQL >= 200ms
[0m[31;1m[5265.339ms] [33m[rows:2][35m SELECT * FROM `therapy_sessions` WHERE is_deleted = false ORDER BY fecha_sesion DESC, hora_inicio ASC[0m
2025/10/06 13:03:31 [DEBUG] GetAll loaded 2 sessions
2025/10/06 13:03:31 [DEBUG] Session 2: Paciente Héctor Zuñiga, CuidadorID: 2, Cuidador loaded: true
2025/10/06 13:03:31 [DEBUG] Session 1: Paciente Christopher, CuidadorID: 4, Cuidador loaded: true
2025/10/06 13:03:31 [DEBUG] Session ID: 2, Paciente: Héctor Zuñiga, PacienteID: 3
2025/10/06 13:03:31 [DEBUG] Paciente tiene CuidadorID: 2
2025/10/06 13:03:31 [DEBUG] Cuidador cargado: Jhafet Cánepa (ID: 2)
2025/10/06 13:03:31 [DEBUG] Cuidador agregado a respuesta: Jhafet Cánepa

2025/10/06 13:03:32 [32m/Users/jhafetcanepa/Documents/tesis_titulacion/back_usuarios/service/therapy_service.go:554 [33mSLOW SQL >= 200ms
[0m[31;1m[904.168ms] [33m[rows:1][35m SELECT * FROM `therapist_ratings` WHERE session_id = 2 ORDER BY `therapist_ratings`.`id` LIMIT 1[0m
2025/10/06 13:03:32 [DEBUG] ⭐ Calificación encontrada: 3 estrellas
2025/10/06 13:03:32 [DEBUG] Session ID: 1, Paciente: Christopher, PacienteID: 1
2025/10/06 13:03:32 [DEBUG] Paciente tiene CuidadorID: 4
2025/10/06 13:03:32 [DEBUG] Cuidador cargado: Pedro Montoya (ID: 4)
2025/10/06 13:03:32 [DEBUG] Cuidador agregado a respuesta: Pedro Montoya

2025/10/06 13:03:33 [32m/Users/jhafetcanepa/Documents/tesis_titulacion/back_usuarios/service/therapy_service.go:554 [33mSLOW SQL >= 200ms
[0m[31;1m[618.625ms] [33m[rows:1][35m SELECT * FROM `therapist_ratings` WHERE session_id = 1 ORDER BY `therapist_ratings`.`id` LIMIT 1[0m
2025/10/06 13:03:33 [DEBUG] ⭐ Calificación encontrada: 5 estrellas
[GIN] 2025/10/06 - 13:03:33 | 200 |  6.811426292s |       127.0.0.1 | GET      "/api/sessions"
2025/10/06 13:03:39 Origin recibido: 
2025/10/06 13:03:39 Origin recibido: 

2025/10/06 13:03:43 [32m/Users/jhafetcanepa/Documents/tesis_titulacion/back_usuarios/service/therapy_service.go:217 [33mSLOW SQL >= 200ms
[0m[31;1m[1578.781ms] [33m[rows:1][35m SELECT * FROM `usuarios` WHERE `usuarios`.`idusuario` = 2[0m

2025/10/06 13:03:43 [32m/Users/jhafetcanepa/Documents/tesis_titulacion/back_usuarios/service/therapy_service.go:217 [33mSLOW SQL >= 200ms
[0m[31;1m[3454.225ms] [33m[rows:1][35m SELECT * FROM `patients` WHERE `patients`.`id` = 3 AND `patients`.`deleted_at` IS NULL[0m

2025/10/06 13:03:43 [32m/Users/jhafetcanepa/Documents/tesis_titulacion/back_usuarios/service/therapy_service.go:217 [33mSLOW SQL >= 200ms
[0m[31;1m[1670.883ms] [33m[rows:1][35m SELECT * FROM `usuarios` WHERE `usuarios`.`idusuario` = 2[0m

2025/10/06 13:03:43 [32m/Users/jhafetcanepa/Documents/tesis_titulacion/back_usuarios/service/therapy_service.go:217 [33mSLOW SQL >= 200ms
[0m[31;1m[3551.291ms] [33m[rows:1][35m SELECT * FROM `patients` WHERE `patients`.`id` = 3 AND `patients`.`deleted_at` IS NULL[0m

2025/10/06 13:03:44 [32m/Users/jhafetcanepa/Documents/tesis_titulacion/back_usuarios/service/therapy_service.go:217 [33mSLOW SQL >= 200ms
[0m[31;1m[550.029ms] [33m[rows:1][35m SELECT * FROM `usuarios` WHERE `usuarios`.`idusuario` = 63[0m

2025/10/06 13:03:44 [32m/Users/jhafetcanepa/Documents/tesis_titulacion/back_usuarios/service/therapy_service.go:217 [33mSLOW SQL >= 200ms
[0m[31;1m[5209.702ms] [33m[rows:1][35m SELECT * FROM `therapy_sessions` WHERE is_deleted = false AND `therapy_sessions`.`id` = 2 ORDER BY `therapy_sessions`.`id` LIMIT 1[0m
2025/10/06 13:03:44 [DEBUG] GetByID - Session 2 loaded successfully
2025/10/06 13:03:44 [DEBUG] GetByID - Paciente: Héctor Zuñiga, CuidadorID: 2, Cuidador loaded: true
2025/10/06 13:03:44 [DEBUG] GetByID - Cuidador details: Jhafet Cánepa (ID: 2)
2025/10/06 13:03:44 [DEBUG] Session ID: 2, Paciente: Héctor Zuñiga, PacienteID: 3
2025/10/06 13:03:44 [DEBUG] Paciente tiene CuidadorID: 2
2025/10/06 13:03:44 [DEBUG] Cuidador cargado: Jhafet Cánepa (ID: 2)
2025/10/06 13:03:44 [DEBUG] Cuidador agregado a respuesta: Jhafet Cánepa

2025/10/06 13:03:44 [32m/Users/jhafetcanepa/Documents/tesis_titulacion/back_usuarios/service/therapy_service.go:217 [33mSLOW SQL >= 200ms
[0m[31;1m[684.894ms] [33m[rows:1][35m SELECT * FROM `usuarios` WHERE `usuarios`.`idusuario` = 63[0m

2025/10/06 13:03:44 [32m/Users/jhafetcanepa/Documents/tesis_titulacion/back_usuarios/service/therapy_service.go:217 [33mSLOW SQL >= 200ms
[0m[31;1m[5251.186ms] [33m[rows:1][35m SELECT * FROM `therapy_sessions` WHERE is_deleted = false AND `therapy_sessions`.`id` = 2 ORDER BY `therapy_sessions`.`id` LIMIT 1[0m
2025/10/06 13:03:44 [DEBUG] GetByID - Session 2 loaded successfully
2025/10/06 13:03:44 [DEBUG] GetByID - Paciente: Héctor Zuñiga, CuidadorID: 2, Cuidador loaded: true
2025/10/06 13:03:44 [DEBUG] GetByID - Cuidador details: Jhafet Cánepa (ID: 2)
2025/10/06 13:03:44 [DEBUG] Session ID: 2, Paciente: Héctor Zuñiga, PacienteID: 3
2025/10/06 13:03:44 [DEBUG] Paciente tiene CuidadorID: 2
2025/10/06 13:03:44 [DEBUG] Cuidador cargado: Jhafet Cánepa (ID: 2)
2025/10/06 13:03:44 [DEBUG] Cuidador agregado a respuesta: Jhafet Cánepa

2025/10/06 13:03:44 [32m/Users/jhafetcanepa/Documents/tesis_titulacion/back_usuarios/service/therapy_service.go:554 [33mSLOW SQL >= 200ms
[0m[31;1m[485.143ms] [33m[rows:1][35m SELECT * FROM `therapist_ratings` WHERE session_id = 2 ORDER BY `therapist_ratings`.`id` LIMIT 1[0m
2025/10/06 13:03:44 [DEBUG] ⭐ Calificación encontrada: 3 estrellas
[GIN] 2025/10/06 - 13:03:44 | 200 |   5.70132875s |       127.0.0.1 | GET      "/api/sessions/2"

2025/10/06 13:03:44 [32m/Users/jhafetcanepa/Documents/tesis_titulacion/back_usuarios/service/therapy_service.go:554 [33mSLOW SQL >= 200ms
[0m[31;1m[450.638ms] [33m[rows:1][35m SELECT * FROM `therapist_ratings` WHERE session_id = 2 ORDER BY `therapist_ratings`.`id` LIMIT 1[0m
2025/10/06 13:03:44 [DEBUG] ⭐ Calificación encontrada: 3 estrellas
[GIN] 2025/10/06 - 13:03:44 | 200 |   5.70555475s |       127.0.0.1 | GET      "/api/sessions/2"
2025/10/06 13:03:50 Origin recibido: 
2025/10/06 13:03:54 Origin recibido: 
2025/10/06 13:03:54 Origin recibido: 

2025/10/06 13:03:54 [32m/Users/jhafetcanepa/Documents/tesis_titulacion/back_usuarios/service/therapy_service.go:122 [33mSLOW SQL >= 200ms
[0m[31;1m[1415.893ms] [33m[rows:2][35m SELECT * FROM `usuarios` WHERE `usuarios`.`idusuario` IN (4,2)[0m

2025/10/06 13:03:54 [32m/Users/jhafetcanepa/Documents/tesis_titulacion/back_usuarios/service/therapy_service.go:122 [33mSLOW SQL >= 200ms
[0m[31;1m[3632.549ms] [33m[rows:2][35m SELECT * FROM `patients` WHERE `patients`.`id` IN (3,1) AND `patients`.`deleted_at` IS NULL[0m

2025/10/06 13:03:55 [32m/Users/jhafetcanepa/Documents/tesis_titulacion/back_usuarios/service/therapy_service.go:122 [33mSLOW SQL >= 200ms
[0m[31;1m[660.748ms] [33m[rows:2][35m SELECT * FROM `usuarios` WHERE `usuarios`.`idusuario` IN (63,4)[0m

2025/10/06 13:03:55 [32m/Users/jhafetcanepa/Documents/tesis_titulacion/back_usuarios/service/therapy_service.go:122 [33mSLOW SQL >= 200ms
[0m[31;1m[4746.590ms] [33m[rows:2][35m SELECT * FROM `therapy_sessions` WHERE is_deleted = false ORDER BY fecha_sesion DESC, hora_inicio ASC[0m
2025/10/06 13:03:55 [DEBUG] GetAll loaded 2 sessions
2025/10/06 13:03:55 [DEBUG] Session 2: Paciente Héctor Zuñiga, CuidadorID: 2, Cuidador loaded: true
2025/10/06 13:03:55 [DEBUG] Session 1: Paciente Christopher, CuidadorID: 4, Cuidador loaded: true
2025/10/06 13:03:55 [DEBUG] Session ID: 2, Paciente: Héctor Zuñiga, PacienteID: 3
2025/10/06 13:03:55 [DEBUG] Paciente tiene CuidadorID: 2
2025/10/06 13:03:55 [DEBUG] Cuidador cargado: Jhafet Cánepa (ID: 2)
2025/10/06 13:03:55 [DEBUG] Cuidador agregado a respuesta: Jhafet Cánepa

2025/10/06 13:03:56 [32m/Users/jhafetcanepa/Documents/tesis_titulacion/back_usuarios/service/therapy_service.go:554 [33mSLOW SQL >= 200ms
[0m[31;1m[1342.012ms] [33m[rows:1][35m SELECT * FROM `therapist_ratings` WHERE session_id = 2 ORDER BY `therapist_ratings`.`id` LIMIT 1[0m
2025/10/06 13:03:56 [DEBUG] ⭐ Calificación encontrada: 3 estrellas
2025/10/06 13:03:56 [DEBUG] Session ID: 1, Paciente: Christopher, PacienteID: 1
2025/10/06 13:03:56 [DEBUG] Paciente tiene CuidadorID: 4
2025/10/06 13:03:56 [DEBUG] Cuidador cargado: Pedro Montoya (ID: 4)
2025/10/06 13:03:56 [DEBUG] Cuidador agregado a respuesta: Pedro Montoya

2025/10/06 13:03:57 [32m/Users/jhafetcanepa/Documents/tesis_titulacion/back_usuarios/service/therapy_service.go:554 [33mSLOW SQL >= 200ms
[0m[31;1m[1106.934ms] [33m[rows:1][35m SELECT * FROM `therapist_ratings` WHERE session_id = 1 ORDER BY `therapist_ratings`.`id` LIMIT 1[0m
2025/10/06 13:03:57 [DEBUG] ⭐ Calificación encontrada: 5 estrellas
[GIN] 2025/10/06 - 13:03:57 | 200 |  7.218084208s |       127.0.0.1 | GET      "/api/sessions"

2025/10/06 13:03:58 [32m/Users/jhafetcanepa/Documents/tesis_titulacion/back_usuarios/service/therapy_service.go:217 [33mSLOW SQL >= 200ms
[0m[31;1m[1428.213ms] [33m[rows:1][35m SELECT * FROM `usuarios` WHERE `usuarios`.`idusuario` = 2[0m

2025/10/06 13:03:58 [32m/Users/jhafetcanepa/Documents/tesis_titulacion/back_usuarios/service/therapy_service.go:217 [33mSLOW SQL >= 200ms
[0m[31;1m[3168.388ms] [33m[rows:1][35m SELECT * FROM `patients` WHERE `patients`.`id` = 3 AND `patients`.`deleted_at` IS NULL[0m

2025/10/06 13:03:58 [32m/Users/jhafetcanepa/Documents/tesis_titulacion/back_usuarios/service/therapy_service.go:217 [33mSLOW SQL >= 200ms
[0m[31;1m[651.597ms] [33m[rows:1][35m SELECT * FROM `usuarios` WHERE `usuarios`.`idusuario` = 63[0m

2025/10/06 13:03:58 [32m/Users/jhafetcanepa/Documents/tesis_titulacion/back_usuarios/service/therapy_service.go:217 [33mSLOW SQL >= 200ms
[0m[31;1m[4470.690ms] [33m[rows:1][35m SELECT * FROM `therapy_sessions` WHERE is_deleted = false AND `therapy_sessions`.`id` = 2 ORDER BY `therapy_sessions`.`id` LIMIT 1[0m
2025/10/06 13:03:58 [DEBUG] GetByID - Session 2 loaded successfully
2025/10/06 13:03:58 [DEBUG] GetByID - Paciente: Héctor Zuñiga, CuidadorID: 2, Cuidador loaded: true
2025/10/06 13:03:58 [DEBUG] GetByID - Cuidador details: Jhafet Cánepa (ID: 2)
2025/10/06 13:03:58 [DEBUG] Session ID: 2, Paciente: Héctor Zuñiga, PacienteID: 3
2025/10/06 13:03:58 [DEBUG] Paciente tiene CuidadorID: 2
2025/10/06 13:03:58 [DEBUG] Cuidador cargado: Jhafet Cánepa (ID: 2)
2025/10/06 13:03:58 [DEBUG] Cuidador agregado a respuesta: Jhafet Cánepa

2025/10/06 13:03:59 [32m/Users/jhafetcanepa/Documents/tesis_titulacion/back_usuarios/service/therapy_service.go:554 [33mSLOW SQL >= 200ms
[0m[31;1m[506.042ms] [33m[rows:1][35m SELECT * FROM `therapist_ratings` WHERE session_id = 2 ORDER BY `therapist_ratings`.`id` LIMIT 1[0m
2025/10/06 13:03:59 [DEBUG] ⭐ Calificación encontrada: 3 estrellas
[GIN] 2025/10/06 - 13:03:59 | 200 |  4.981197291s |       127.0.0.1 | GET      "/api/sessions/2"

2025/10/06 13:04:02 [32m/Users/jhafetcanepa/Documents/tesis_titulacion/back_usuarios/service/therapy_service.go:217 [33mSLOW SQL >= 200ms
[0m[31;1m[1230.595ms] [33m[rows:1][35m SELECT * FROM `usuarios` WHERE `usuarios`.`idusuario` = 2[0m

2025/10/06 13:04:02 [32m/Users/jhafetcanepa/Documents/tesis_titulacion/back_usuarios/service/therapy_service.go:217 [33mSLOW SQL >= 200ms
[0m[31;1m[4932.206ms] [33m[rows:1][35m SELECT * FROM `patients` WHERE `patients`.`id` = 3 AND `patients`.`deleted_at` IS NULL[0m

2025/10/06 13:04:02 [32m/Users/jhafetcanepa/Documents/tesis_titulacion/back_usuarios/service/therapy_service.go:217 [33mSLOW SQL >= 200ms
[0m[31;1m[716.403ms] [33m[rows:1][35m SELECT * FROM `usuarios` WHERE `usuarios`.`idusuario` = 63[0m

2025/10/06 13:04:02 [32m/Users/jhafetcanepa/Documents/tesis_titulacion/back_usuarios/service/therapy_service.go:217 [33mSLOW SQL >= 200ms
[0m[31;1m[8473.676ms] [33m[rows:1][35m SELECT * FROM `therapy_sessions` WHERE is_deleted = false AND `therapy_sessions`.`id` = 2 ORDER BY `therapy_sessions`.`id` LIMIT 1[0m
2025/10/06 13:04:02 [DEBUG] GetByID - Session 2 loaded successfully
2025/10/06 13:04:02 [DEBUG] GetByID - Paciente: Héctor Zuñiga, CuidadorID: 2, Cuidador loaded: true
2025/10/06 13:04:02 [DEBUG] GetByID - Cuidador details: Jhafet Cánepa (ID: 2)
2025/10/06 13:04:02 [DEBUG] Session ID: 2, Paciente: Héctor Zuñiga, PacienteID: 3
2025/10/06 13:04:02 [DEBUG] Paciente tiene CuidadorID: 2
2025/10/06 13:04:02 [DEBUG] Cuidador cargado: Jhafet Cánepa (ID: 2)
2025/10/06 13:04:02 [DEBUG] Cuidador agregado a respuesta: Jhafet Cánepa

2025/10/06 13:04:03 [32m/Users/jhafetcanepa/Documents/tesis_titulacion/back_usuarios/service/therapy_service.go:554 [33mSLOW SQL >= 200ms
[0m[31;1m[568.607ms] [33m[rows:1][35m SELECT * FROM `therapist_ratings` WHERE session_id = 2 ORDER BY `therapist_ratings`.`id` LIMIT 1[0m
2025/10/06 13:04:03 [DEBUG] ⭐ Calificación encontrada: 3 estrellas
[GIN] 2025/10/06 - 13:04:03 | 200 |  9.044910333s |       127.0.0.1 | GET      "/api/sessions/2"
2025/10/06 13:05:01 Origin recibido: 
2025/10/06 13:05:02 Origin recibido: 
DEBUG: UserID=4, Roles=administrador, Action=read
DEBUG: Checking role: 'administrador' (lowercase: 'administrador')
DEBUG: Permission granted for role administrador

2025/10/06 13:05:02 [32m/Users/jhafetcanepa/Documents/tesis_titulacion/back_usuarios/service/patient_service.go:132 [33mSLOW SQL >= 200ms
[0m[31;1m[255.688ms] [33m[rows:1][35m SELECT count(*) FROM `patients` WHERE `patients`.`deleted_at` IS NULL[0m

2025/10/06 13:05:07 [32m/Users/jhafetcanepa/Documents/tesis_titulacion/back_usuarios/service/therapy_service.go:122 [33mSLOW SQL >= 200ms
[0m[31;1m[2321.839ms] [33m[rows:2][35m SELECT * FROM `usuarios` WHERE `usuarios`.`idusuario` IN (4,2)[0m

2025/10/06 13:05:07 [32m/Users/jhafetcanepa/Documents/tesis_titulacion/back_usuarios/service/therapy_service.go:122 [33mSLOW SQL >= 200ms
[0m[31;1m[4743.265ms] [33m[rows:2][35m SELECT * FROM `patients` WHERE `patients`.`id` IN (3,1) AND `patients`.`deleted_at` IS NULL[0m

2025/10/06 13:05:08 [32m/Users/jhafetcanepa/Documents/tesis_titulacion/back_usuarios/service/therapy_service.go:122 [33mSLOW SQL >= 200ms
[0m[31;1m[836.217ms] [33m[rows:2][35m SELECT * FROM `usuarios` WHERE `usuarios`.`idusuario` IN (63,4)[0m

2025/10/06 13:05:08 [32m/Users/jhafetcanepa/Documents/tesis_titulacion/back_usuarios/service/therapy_service.go:122 [33mSLOW SQL >= 200ms
[0m[31;1m[6171.623ms] [33m[rows:2][35m SELECT * FROM `therapy_sessions` WHERE is_deleted = false ORDER BY fecha_sesion DESC, hora_inicio ASC[0m
2025/10/06 13:05:08 [DEBUG] GetAll loaded 2 sessions
2025/10/06 13:05:08 [DEBUG] Session 2: Paciente Héctor Zuñiga, CuidadorID: 2, Cuidador loaded: true
2025/10/06 13:05:08 [DEBUG] Session 1: Paciente Christopher, CuidadorID: 4, Cuidador loaded: true
2025/10/06 13:05:08 [DEBUG] Session ID: 2, Paciente: Héctor Zuñiga, PacienteID: 3
2025/10/06 13:05:08 [DEBUG] Paciente tiene CuidadorID: 2
2025/10/06 13:05:08 [DEBUG] Cuidador cargado: Jhafet Cánepa (ID: 2)
2025/10/06 13:05:08 [DEBUG] Cuidador agregado a respuesta: Jhafet Cánepa

2025/10/06 13:05:08 [32m/Users/jhafetcanepa/Documents/tesis_titulacion/back_usuarios/service/patient_service.go:137 [33mSLOW SQL >= 200ms
[0m[31;1m[2617.767ms] [33m[rows:3][35m SELECT * FROM `usuarios` WHERE `usuarios`.`idusuario` IN (4,2,64)[0m

2025/10/06 13:05:08 [31;1m/Users/jhafetcanepa/Documents/tesis_titulacion/back_usuarios/service/therapy_service.go:554 [35;1mrecord not found
[0m[33m[451.356ms] [34;1m[rows:0][0m SELECT * FROM `therapist_ratings` WHERE session_id = 2 ORDER BY `therapist_ratings`.`id` LIMIT 1
2025/10/06 13:05:08 [DEBUG] Session ID: 1, Paciente: Christopher, PacienteID: 1
2025/10/06 13:05:08 [DEBUG] Paciente tiene CuidadorID: 4
2025/10/06 13:05:08 [DEBUG] Cuidador cargado: Pedro Montoya (ID: 4)
2025/10/06 13:05:08 [DEBUG] Cuidador agregado a respuesta: Pedro Montoya

2025/10/06 13:05:08 [32m/Users/jhafetcanepa/Documents/tesis_titulacion/back_usuarios/service/patient_service.go:137 [33mSLOW SQL >= 200ms
[0m[31;1m[662.312ms] [33m[rows:1][35m SELECT * FROM `usuarios` WHERE `usuarios`.`idusuario` = 63[0m

2025/10/06 13:05:08 [32m/Users/jhafetcanepa/Documents/tesis_titulacion/back_usuarios/service/patient_service.go:137 [33mSLOW SQL >= 200ms
[0m[31;1m[5962.159ms] [33m[rows:3][35m SELECT * FROM `patients` WHERE `patients`.`deleted_at` IS NULL LIMIT 10[0m
[GIN] 2025/10/06 - 13:05:08 | 200 |  6.225210875s |       127.0.0.1 | GET      "/api/patients?page=1&limit=100"
2025/10/06 13:05:08 Origin recibido: 

2025/10/06 13:05:09 [32m/Users/jhafetcanepa/Documents/tesis_titulacion/back_usuarios/service/therapy_service.go:554 [33mSLOW SQL >= 200ms
[0m[31;1m[548.979ms] [33m[rows:1][35m SELECT * FROM `therapist_ratings` WHERE session_id = 1 ORDER BY `therapist_ratings`.`id` LIMIT 1[0m
2025/10/06 13:05:09 [DEBUG] ⭐ Calificación encontrada: 5 estrellas
[GIN] 2025/10/06 - 13:05:09 | 200 |  7.174676625s |       127.0.0.1 | GET      "/api/sessions"

2025/10/06 13:05:09 [32m/Users/jhafetcanepa/Documents/tesis_titulacion/back_usuarios/service/therapy_service.go:966 [33mSLOW SQL >= 200ms
[0m[31;1m[779.410ms] [33m[rows:1][35m SELECT * FROM `patients` WHERE (id = 1 AND activo = true) AND `patients`.`deleted_at` IS NULL ORDER BY `patients`.`id` LIMIT 1[0m

2025/10/06 13:05:11 [32m/Users/jhafetcanepa/Documents/tesis_titulacion/back_usuarios/service/therapy_service.go:983 [33mSLOW SQL >= 200ms
[0m[31;1m[1363.655ms] [33m[rows:1][35m SELECT * FROM `therapy_sessions` WHERE paciente_id = 1 AND is_deleted = false[0m
[GIN] 2025/10/06 - 13:05:11 | 200 |  2.143989166s |       127.0.0.1 | GET      "/api/patients/1/stats"
2025/10/06 13:05:33 Origin recibido: 

2025/10/06 13:05:36 [32m/Users/jhafetcanepa/Documents/tesis_titulacion/back_usuarios/service/therapy_service.go:966 [33mSLOW SQL >= 200ms
[0m[31;1m[2726.482ms] [33m[rows:1][35m SELECT * FROM `patients` WHERE (id = 3 AND activo = true) AND `patients`.`deleted_at` IS NULL ORDER BY `patients`.`id` LIMIT 1[0m

2025/10/06 13:05:36 [32m/Users/jhafetcanepa/Documents/tesis_titulacion/back_usuarios/service/therapy_service.go:983 [33mSLOW SQL >= 200ms
[0m[31;1m[455.590ms] [33m[rows:1][35m SELECT * FROM `therapy_sessions` WHERE paciente_id = 3 AND is_deleted = false[0m
[GIN] 2025/10/06 - 13:05:36 | 200 |   3.18267675s |       127.0.0.1 | GET      "/api/patients/3/stats"
2025/10/06 13:05:40 Origin recibido: 
2025/10/06 13:05:40 Origin recibido: 

2025/10/06 13:05:45 [32m/Users/jhafetcanepa/Documents/tesis_titulacion/back_usuarios/service/therapy_service.go:122 [33mSLOW SQL >= 200ms
[0m[31;1m[2349.061ms] [33m[rows:2][35m SELECT * FROM `usuarios` WHERE `usuarios`.`idusuario` IN (4,2)[0m

2025/10/06 13:05:45 [32m/Users/jhafetcanepa/Documents/tesis_titulacion/back_usuarios/service/therapy_service.go:122 [33mSLOW SQL >= 200ms
[0m[31;1m[4552.795ms] [33m[rows:2][35m SELECT * FROM `patients` WHERE `patients`.`id` IN (3,1) AND `patients`.`deleted_at` IS NULL[0m

2025/10/06 13:05:46 [32m/Users/jhafetcanepa/Documents/tesis_titulacion/back_usuarios/service/therapy_service.go:122 [33mSLOW SQL >= 200ms
[0m[31;1m[971.803ms] [33m[rows:2][35m SELECT * FROM `usuarios` WHERE `usuarios`.`idusuario` IN (63,4)[0m

2025/10/06 13:05:46 [32m/Users/jhafetcanepa/Documents/tesis_titulacion/back_usuarios/service/therapy_service.go:122 [33mSLOW SQL >= 200ms
[0m[31;1m[6174.528ms] [33m[rows:2][35m SELECT * FROM `therapy_sessions` WHERE is_deleted = false ORDER BY fecha_sesion DESC, hora_inicio ASC[0m
2025/10/06 13:05:46 [DEBUG] GetAll loaded 2 sessions
2025/10/06 13:05:46 [DEBUG] Session 2: Paciente Héctor Zuñiga, CuidadorID: 2, Cuidador loaded: true
2025/10/06 13:05:46 [DEBUG] Session 1: Paciente Christopher, CuidadorID: 4, Cuidador loaded: true
2025/10/06 13:05:46 [DEBUG] Session ID: 2, Paciente: Héctor Zuñiga, PacienteID: 3
2025/10/06 13:05:46 [DEBUG] Paciente tiene CuidadorID: 2
2025/10/06 13:05:46 [DEBUG] Cuidador cargado: Jhafet Cánepa (ID: 2)
2025/10/06 13:05:46 [DEBUG] Cuidador agregado a respuesta: Jhafet Cánepa

2025/10/06 13:05:47 [31;1m/Users/jhafetcanepa/Documents/tesis_titulacion/back_usuarios/service/therapy_service.go:554 [35;1mrecord not found
[0m[33m[713.579ms] [34;1m[rows:0][0m SELECT * FROM `therapist_ratings` WHERE session_id = 2 ORDER BY `therapist_ratings`.`id` LIMIT 1
2025/10/06 13:05:47 [DEBUG] Session ID: 1, Paciente: Christopher, PacienteID: 1
2025/10/06 13:05:47 [DEBUG] Paciente tiene CuidadorID: 4
2025/10/06 13:05:47 [DEBUG] Cuidador cargado: Pedro Montoya (ID: 4)
2025/10/06 13:05:47 [DEBUG] Cuidador agregado a respuesta: Pedro Montoya

2025/10/06 13:05:47 [32m/Users/jhafetcanepa/Documents/tesis_titulacion/back_usuarios/service/therapy_service.go:122 [33mSLOW SQL >= 200ms
[0m[31;1m[3156.823ms] [33m[rows:2][35m SELECT * FROM `usuarios` WHERE `usuarios`.`idusuario` IN (4,2)[0m

2025/10/06 13:05:47 [32m/Users/jhafetcanepa/Documents/tesis_titulacion/back_usuarios/service/therapy_service.go:122 [33mSLOW SQL >= 200ms
[0m[31;1m[6477.830ms] [33m[rows:2][35m SELECT * FROM `patients` WHERE `patients`.`id` IN (3,1) AND `patients`.`deleted_at` IS NULL[0m

2025/10/06 13:05:47 [32m/Users/jhafetcanepa/Documents/tesis_titulacion/back_usuarios/service/therapy_service.go:554 [33mSLOW SQL >= 200ms
[0m[31;1m[449.158ms] [33m[rows:1][35m SELECT * FROM `therapist_ratings` WHERE session_id = 1 ORDER BY `therapist_ratings`.`id` LIMIT 1[0m
2025/10/06 13:05:47 [DEBUG] ⭐ Calificación encontrada: 5 estrellas
[GIN] 2025/10/06 - 13:05:47 | 200 |  7.343148666s |       127.0.0.1 | GET      "/api/sessions"

2025/10/06 13:05:48 [32m/Users/jhafetcanepa/Documents/tesis_titulacion/back_usuarios/service/therapy_service.go:122 [33mSLOW SQL >= 200ms
[0m[31;1m[854.116ms] [33m[rows:2][35m SELECT * FROM `usuarios` WHERE `usuarios`.`idusuario` IN (63,4)[0m

2025/10/06 13:05:48 [32m/Users/jhafetcanepa/Documents/tesis_titulacion/back_usuarios/service/therapy_service.go:122 [33mSLOW SQL >= 200ms
[0m[31;1m[7976.990ms] [33m[rows:2][35m SELECT * FROM `therapy_sessions` WHERE is_deleted = false ORDER BY fecha_sesion DESC, hora_inicio ASC[0m
2025/10/06 13:05:48 [DEBUG] GetAll loaded 2 sessions
2025/10/06 13:05:48 [DEBUG] Session 2: Paciente Héctor Zuñiga, CuidadorID: 2, Cuidador loaded: true
2025/10/06 13:05:48 [DEBUG] Session 1: Paciente Christopher, CuidadorID: 4, Cuidador loaded: true
2025/10/06 13:05:48 [DEBUG] Session ID: 2, Paciente: Héctor Zuñiga, PacienteID: 3
2025/10/06 13:05:48 [DEBUG] Paciente tiene CuidadorID: 2
2025/10/06 13:05:48 [DEBUG] Cuidador cargado: Jhafet Cánepa (ID: 2)
2025/10/06 13:05:48 [DEBUG] Cuidador agregado a respuesta: Jhafet Cánepa

2025/10/06 13:05:49 [31;1m/Users/jhafetcanepa/Documents/tesis_titulacion/back_usuarios/service/therapy_service.go:554 [35;1mrecord not found
[0m[33m[553.260ms] [34;1m[rows:0][0m SELECT * FROM `therapist_ratings` WHERE session_id = 2 ORDER BY `therapist_ratings`.`id` LIMIT 1
2025/10/06 13:05:49 [DEBUG] Session ID: 1, Paciente: Christopher, PacienteID: 1
2025/10/06 13:05:49 [DEBUG] Paciente tiene CuidadorID: 4
2025/10/06 13:05:49 [DEBUG] Cuidador cargado: Pedro Montoya (ID: 4)
2025/10/06 13:05:49 [DEBUG] Cuidador agregado a respuesta: Pedro Montoya

2025/10/06 13:05:49 [32m/Users/jhafetcanepa/Documents/tesis_titulacion/back_usuarios/service/therapy_service.go:554 [33mSLOW SQL >= 200ms
[0m[31;1m[434.099ms] [33m[rows:1][35m SELECT * FROM `therapist_ratings` WHERE session_id = 1 ORDER BY `therapist_ratings`.`id` LIMIT 1[0m
2025/10/06 13:05:49 [DEBUG] ⭐ Calificación encontrada: 5 estrellas
[GIN] 2025/10/06 - 13:05:49 | 200 |  8.969966416s |       127.0.0.1 | GET      "/api/sessions"
2025/10/06 13:06:34 Origin recibido: 
2025/10/06 13:06:34 Origin recibido: 

2025/10/06 13:06:38 [32m/Users/jhafetcanepa/Documents/tesis_titulacion/back_usuarios/service/therapy_service.go:217 [33mSLOW SQL >= 200ms
[0m[31;1m[1358.761ms] [33m[rows:1][35m SELECT * FROM `usuarios` WHERE `usuarios`.`idusuario` = 2[0m

2025/10/06 13:06:38 [32m/Users/jhafetcanepa/Documents/tesis_titulacion/back_usuarios/service/therapy_service.go:217 [33mSLOW SQL >= 200ms
[0m[31;1m[3269.416ms] [33m[rows:1][35m SELECT * FROM `patients` WHERE `patients`.`id` = 3 AND `patients`.`deleted_at` IS NULL[0m

2025/10/06 13:06:39 [32m/Users/jhafetcanepa/Documents/tesis_titulacion/back_usuarios/service/therapy_service.go:217 [33mSLOW SQL >= 200ms
[0m[31;1m[857.917ms] [33m[rows:1][35m SELECT * FROM `usuarios` WHERE `usuarios`.`idusuario` = 63[0m

2025/10/06 13:06:39 [32m/Users/jhafetcanepa/Documents/tesis_titulacion/back_usuarios/service/therapy_service.go:217 [33mSLOW SQL >= 200ms
[0m[31;1m[4852.986ms] [33m[rows:1][35m SELECT * FROM `therapy_sessions` WHERE is_deleted = false AND `therapy_sessions`.`id` = 2 ORDER BY `therapy_sessions`.`id` LIMIT 1[0m
2025/10/06 13:06:39 [DEBUG] GetByID - Session 2 loaded successfully
2025/10/06 13:06:39 [DEBUG] GetByID - Paciente: Héctor Zuñiga, CuidadorID: 2, Cuidador loaded: true
2025/10/06 13:06:39 [DEBUG] GetByID - Cuidador details: Jhafet Cánepa (ID: 2)
2025/10/06 13:06:39 [DEBUG] Session ID: 2, Paciente: Héctor Zuñiga, PacienteID: 3
2025/10/06 13:06:39 [DEBUG] Paciente tiene CuidadorID: 2
2025/10/06 13:06:39 [DEBUG] Cuidador cargado: Jhafet Cánepa (ID: 2)
2025/10/06 13:06:39 [DEBUG] Cuidador agregado a respuesta: Jhafet Cánepa

2025/10/06 13:06:39 [31;1m/Users/jhafetcanepa/Documents/tesis_titulacion/back_usuarios/service/therapy_service.go:554 [35;1mrecord not found
[0m[33m[462.893ms] [34;1m[rows:0][0m SELECT * FROM `therapist_ratings` WHERE session_id = 2 ORDER BY `therapist_ratings`.`id` LIMIT 1
[GIN] 2025/10/06 - 13:06:39 | 200 |  5.319081458s |       127.0.0.1 | GET      "/api/sessions/2"

2025/10/06 13:06:40 [32m/Users/jhafetcanepa/Documents/tesis_titulacion/back_usuarios/service/therapy_service.go:217 [33mSLOW SQL >= 200ms
[0m[31;1m[2056.212ms] [33m[rows:1][35m SELECT * FROM `usuarios` WHERE `usuarios`.`idusuario` = 2[0m

2025/10/06 13:06:40 [32m/Users/jhafetcanepa/Documents/tesis_titulacion/back_usuarios/service/therapy_service.go:217 [33mSLOW SQL >= 200ms
[0m[31;1m[5616.441ms] [33m[rows:1][35m SELECT * FROM `patients` WHERE `patients`.`id` = 3 AND `patients`.`deleted_at` IS NULL[0m

2025/10/06 13:06:41 [32m/Users/jhafetcanepa/Documents/tesis_titulacion/back_usuarios/service/therapy_service.go:217 [33mSLOW SQL >= 200ms
[0m[31;1m[941.314ms] [33m[rows:1][35m SELECT * FROM `usuarios` WHERE `usuarios`.`idusuario` = 63[0m

2025/10/06 13:06:41 [32m/Users/jhafetcanepa/Documents/tesis_titulacion/back_usuarios/service/therapy_service.go:217 [33mSLOW SQL >= 200ms
[0m[31;1m[7271.365ms] [33m[rows:1][35m SELECT * FROM `therapy_sessions` WHERE is_deleted = false AND `therapy_sessions`.`id` = 2 ORDER BY `therapy_sessions`.`id` LIMIT 1[0m
2025/10/06 13:06:41 [DEBUG] GetByID - Session 2 loaded successfully
2025/10/06 13:06:41 [DEBUG] GetByID - Paciente: Héctor Zuñiga, CuidadorID: 2, Cuidador loaded: true
2025/10/06 13:06:41 [DEBUG] GetByID - Cuidador details: Jhafet Cánepa (ID: 2)
2025/10/06 13:06:41 [DEBUG] Session ID: 2, Paciente: Héctor Zuñiga, PacienteID: 3
2025/10/06 13:06:41 [DEBUG] Paciente tiene CuidadorID: 2
2025/10/06 13:06:41 [DEBUG] Cuidador cargado: Jhafet Cánepa (ID: 2)
2025/10/06 13:06:41 [DEBUG] Cuidador agregado a respuesta: Jhafet Cánepa

2025/10/06 13:06:42 [31;1m/Users/jhafetcanepa/Documents/tesis_titulacion/back_usuarios/service/therapy_service.go:554 [35;1mrecord not found
[0m[33m[561.947ms] [34;1m[rows:0][0m SELECT * FROM `therapist_ratings` WHERE session_id = 2 ORDER BY `therapist_ratings`.`id` LIMIT 1
[GIN] 2025/10/06 - 13:06:42 | 200 |  7.836033458s |       127.0.0.1 | GET      "/api/sessions/2"
2025/10/06 13:06:50 Origin recibido: 
2025/10/06 13:06:50 🎯 CreateTherapistRating: userID=4, roles=[administrador], dto.CaregiverID=2
2025/10/06 13:06:50    👤 Usuario es admin: true

2025/10/06 13:06:50 [32m/Users/jhafetcanepa/Documents/tesis_titulacion/back_usuarios/service/therapy_service.go:1060 [33mSLOW SQL >= 200ms
[0m[31;1m[433.060ms] [33m[rows:1][35m SELECT * FROM `therapy_sessions` WHERE id = 2 AND estado IN ('completada','programada','en_progreso') ORDER BY `therapy_sessions`.`id` LIMIT 1[0m
2025/10/06 13:06:50 ✅ Sesión: ID=2, PacienteID=3, TerapeutaID=63

2025/10/06 13:06:52 [32m/Users/jhafetcanepa/Documents/tesis_titulacion/back_usuarios/service/therapy_service.go:1068 [33mSLOW SQL >= 200ms
[0m[31;1m[1861.015ms] [33m[rows:1][35m SELECT * FROM `patients` WHERE id = 3 AND `patients`.`deleted_at` IS NULL ORDER BY `patients`.`id` LIMIT 1[0m
2025/10/06 13:06:52 ✅ Paciente: ID=3, CuidadorID=0x14000e7f490
2025/10/06 13:06:52 ✅ ADMIN autorizado: calificando en nombre de cuidador 2 (paciente tiene cuidador 2)

2025/10/06 13:06:53 [31;1m/Users/jhafetcanepa/Documents/tesis_titulacion/back_usuarios/service/therapy_service.go:1098 [35;1mrecord not found
[0m[33m[784.276ms] [34;1m[rows:0][0m SELECT * FROM `therapist_ratings` WHERE session_id = 2 AND caregiver_id = 2 ORDER BY `therapist_ratings`.`id` LIMIT 1

2025/10/06 13:06:54 [32m/Users/jhafetcanepa/Documents/tesis_titulacion/back_usuarios/service/therapy_service.go:1112 [33mSLOW SQL >= 200ms
[0m[31;1m[1170.941ms] [33m[rows:1][35m INSERT INTO `therapist_ratings` (`session_id`,`therapist_id`,`caregiver_id`,`patient_id`,`rating`,`comment`,`created_at`,`updated_at`) VALUES (2,63,2,3,3,'','2025-10-06 13:06:53.6','2025-10-06 13:06:53.6')[0m
2025/10/06 13:06:54 ⚠️  Low rating detected (3 stars) for therapist 63 by user 4

2025/10/06 13:06:54 [32m/Users/jhafetcanepa/Documents/tesis_titulacion/back_usuarios/service/therapy_service.go:1180 [33mSLOW SQL >= 200ms
[0m[31;1m[404.244ms] [33m[rows:1][35m SELECT * FROM `therapist_disqualifications` WHERE therapist_id = 63 ORDER BY `therapist_disqualifications`.`id` LIMIT 1[0m

2025/10/06 13:06:56 [32m/Users/jhafetcanepa/Documents/tesis_titulacion/back_usuarios/service/therapy_service.go:1197 [33mSLOW SQL >= 200ms
[0m[31;1m[1235.288ms] [33m[rows:1][35m UPDATE `therapist_disqualifications` SET `therapist_id`=63,`bad_ratings`=3,`is_deleted`=false,`created_at`='2025-10-06 10:23:50.027',`updated_at`='2025-10-06 13:06:55.173' WHERE `id` = 1[0m
2025/10/06 13:06:56 Therapist 63 now has 3 bad ratings
2025/10/06 13:06:56 🔄 Buscando terapeuta de reemplazo para paciente 3 (excluir terapeuta 63)

2025/10/06 13:06:56 [32m/Users/jhafetcanepa/Documents/tesis_titulacion/back_usuarios/service/therapy_service.go:1226 [33mSLOW SQL >= 200ms
[0m[31;1m[448.509ms] [33m[rows:0][35m SELECT `therapist_id` FROM `therapist_disqualifications` WHERE is_deleted = true[0m
2025/10/06 13:06:56    📋 Terapeutas descalificados: []

2025/10/06 13:06:57 [32m/Users/jhafetcanepa/Documents/tesis_titulacion/back_usuarios/service/therapy_service.go:1247 [33mSLOW SQL >= 200ms
[0m[31;1m[474.290ms] [33m[rows:1][35m SELECT `usuarios`.`idusuario`,`usuarios`.`nombres_apellidos`,`usuarios`.`fecha_nacimiento`,`usuarios`.`tipo_documento`,`usuarios`.`num_documento`,`usuarios`.`descripcion`,`usuarios`.`sexo`,`usuarios`.`telefono`,`usuarios`.`correo`,`usuarios`.`activo`,`usuarios`.`foto_movil`,`usuarios`.`banner_movil`,`usuarios`.`usuario`,`usuarios`.`contrasena`,`usuarios`.`intentos`,`usuarios`.`doble_factor`,`usuarios`.`created_at`,`usuarios`.`updated_at`,`usuarios`.`password_expires_at`,`usuarios`.`activation_token`,`usuarios`.`activation_expiry`,`usuarios`.`last_login_at`,`usuarios`.`last_login_ip`,`usuarios`.`last_user_agent`,`usuarios`.`password_changed_at` FROM `usuarios` JOIN user_roles ON usuarios.idusuario = user_roles.usuarios_id_usuario JOIN roles ON user_roles.roles_id = roles.id WHERE roles.id = 4 AND usuarios.idusuario != 63 AND usuarios.activo = 0  HAVING (SELECT COUNT(*) FROM patients WHERE terapeuta_id = usuarios.idusuario) < 20 ORDER BY `usuarios`.`idusuario` LIMIT 1[0m
2025/10/06 13:06:57 ✅ Nuevo terapeuta encontrado: Dr. Juan Pérez (ID: 68)

2025/10/06 13:06:58 [32m/Users/jhafetcanepa/Documents/tesis_titulacion/back_usuarios/service/therapy_service.go:1256 [33mSLOW SQL >= 200ms
[0m[31;1m[1236.210ms] [33m[rows:1][35m UPDATE `patients` SET `terapeuta_id`=68,`updated_at`='2025-10-06 13:06:57.344' WHERE id = 3 AND `patients`.`deleted_at` IS NULL[0m

2025/10/06 13:06:59 [32m/Users/jhafetcanepa/Documents/tesis_titulacion/back_usuarios/service/therapy_service.go:1263 [33mSLOW SQL >= 200ms
[0m[31;1m[967.903ms] [33m[rows:1][35m UPDATE `therapy_sessions` SET `terapeuta_id`=68,`updated_at`='2025-10-06 13:06:58.575' WHERE paciente_id = 3 AND terapeuta_id = 63 AND estado = 'programada'[0m
2025/10/06 13:06:59 ✅ Reasignadas 1 sesiones futuras del terapeuta 63 al terapeuta 68 para paciente 3
2025/10/06 13:06:59 💾 Guardando terapeuta reasignado (ID: 68) en sesión 2

2025/10/06 13:07:00 [32m/Users/jhafetcanepa/Documents/tesis_titulacion/back_usuarios/service/therapy_service.go:1134 [33mSLOW SQL >= 200ms
[0m[31;1m[1536.041ms] [33m[rows:1][35m UPDATE `therapy_sessions` SET `terapeuta_reasignado_id`=68,`updated_at`='2025-10-06 13:06:59.656' WHERE id = 2[0m
2025/10/06 13:07:00 ✅ Terapeuta reasignado guardado correctamente en sesión 2

2025/10/06 13:07:02 [32m/Users/jhafetcanepa/Documents/tesis_titulacion/back_usuarios/service/therapy_service.go:1143 [33mSLOW SQL >= 200ms
[0m[31;1m[1362.140ms] [33m[rows:1][35m SELECT * FROM `usuarios` WHERE `usuarios`.`idusuario` = 2[0m

2025/10/06 13:07:03 [32m/Users/jhafetcanepa/Documents/tesis_titulacion/back_usuarios/service/therapy_service.go:1143 [33mSLOW SQL >= 200ms
[0m[31;1m[797.815ms] [33m[rows:1][35m SELECT * FROM `patients` WHERE `patients`.`id` = 3 AND `patients`.`deleted_at` IS NULL[0m

2025/10/06 13:07:04 [32m/Users/jhafetcanepa/Documents/tesis_titulacion/back_usuarios/service/therapy_service.go:1143 [33mSLOW SQL >= 200ms
[0m[31;1m[529.006ms] [33m[rows:1][35m SELECT * FROM `usuarios` WHERE `usuarios`.`idusuario` = 63[0m

2025/10/06 13:07:04 [32m/Users/jhafetcanepa/Documents/tesis_titulacion/back_usuarios/service/therapy_service.go:1143 [33mSLOW SQL >= 200ms
[0m[31;1m[3273.723ms] [33m[rows:1][35m SELECT * FROM `therapist_ratings` WHERE `therapist_ratings`.`id` = 4 AND `therapist_ratings`.`id` = 4 ORDER BY `therapist_ratings`.`id` LIMIT 1[0m
[GIN] 2025/10/06 - 13:07:04 | 201 |  13.83127525s |       127.0.0.1 | POST     "/api/therapist-ratings"
2025/10/06 13:07:10 Origin recibido: 
2025/10/06 13:07:10 Origin recibido: 
2025/10/06 13:07:12 Origin recibido: 

2025/10/06 13:07:18 [32m/Users/jhafetcanepa/Documents/tesis_titulacion/back_usuarios/service/therapy_service.go:217 [33mSLOW SQL >= 200ms
[0m[31;1m[3071.119ms] [33m[rows:1][35m SELECT * FROM `usuarios` WHERE `usuarios`.`idusuario` = 2[0m

2025/10/06 13:07:18 [32m/Users/jhafetcanepa/Documents/tesis_titulacion/back_usuarios/service/therapy_service.go:217 [33mSLOW SQL >= 200ms
[0m[31;1m[7069.776ms] [33m[rows:1][35m SELECT * FROM `patients` WHERE `patients`.`id` = 3 AND `patients`.`deleted_at` IS NULL[0m

2025/10/06 13:07:18 [32m/Users/jhafetcanepa/Documents/tesis_titulacion/back_usuarios/service/therapy_service.go:217 [33mSLOW SQL >= 200ms
[0m[31;1m[4178.512ms] [33m[rows:1][35m SELECT * FROM `usuarios` WHERE `usuarios`.`idusuario` = 2[0m

2025/10/06 13:07:18 [32m/Users/jhafetcanepa/Documents/tesis_titulacion/back_usuarios/service/therapy_service.go:217 [33mSLOW SQL >= 200ms
[0m[31;1m[7492.737ms] [33m[rows:1][35m SELECT * FROM `patients` WHERE `patients`.`id` = 3 AND `patients`.`deleted_at` IS NULL[0m

2025/10/06 13:07:18 [32m/Users/jhafetcanepa/Documents/tesis_titulacion/back_usuarios/service/therapy_service.go:217 [33mSLOW SQL >= 200ms
[0m[31;1m[604.193ms] [33m[rows:1][35m SELECT * FROM `usuarios` WHERE `usuarios`.`idusuario` = 68[0m

2025/10/06 13:07:19 [32m/Users/jhafetcanepa/Documents/tesis_titulacion/back_usuarios/service/therapy_service.go:217 [33mSLOW SQL >= 200ms
[0m[31;1m[428.991ms] [33m[rows:1][35m SELECT * FROM `usuarios` WHERE `usuarios`.`idusuario` = 68[0m

2025/10/06 13:07:19 [32m/Users/jhafetcanepa/Documents/tesis_titulacion/back_usuarios/service/therapy_service.go:217 [33mSLOW SQL >= 200ms
[0m[31;1m[486.554ms] [33m[rows:1][35m SELECT * FROM `usuarios` WHERE `usuarios`.`idusuario` = 68[0m

2025/10/06 13:07:19 [32m/Users/jhafetcanepa/Documents/tesis_titulacion/back_usuarios/service/therapy_service.go:217 [33mSLOW SQL >= 200ms
[0m[31;1m[9031.734ms] [33m[rows:1][35m SELECT * FROM `therapy_sessions` WHERE is_deleted = false AND `therapy_sessions`.`id` = 2 ORDER BY `therapy_sessions`.`id` LIMIT 1[0m
2025/10/06 13:07:19 [DEBUG] GetByID - Session 2 loaded successfully
2025/10/06 13:07:19 [DEBUG] GetByID - Paciente: Héctor Zuñiga, CuidadorID: 2, Cuidador loaded: true
2025/10/06 13:07:19 [DEBUG] GetByID - Cuidador details: Jhafet Cánepa (ID: 2)
2025/10/06 13:07:19 [DEBUG] Session ID: 2, Paciente: Héctor Zuñiga, PacienteID: 3
2025/10/06 13:07:19 [DEBUG] Paciente tiene CuidadorID: 2
2025/10/06 13:07:19 [DEBUG] Cuidador cargado: Jhafet Cánepa (ID: 2)
2025/10/06 13:07:19 [DEBUG] Cuidador agregado a respuesta: Jhafet Cánepa

2025/10/06 13:07:19 [32m/Users/jhafetcanepa/Documents/tesis_titulacion/back_usuarios/service/therapy_service.go:217 [33mSLOW SQL >= 200ms
[0m[31;1m[676.172ms] [33m[rows:1][35m SELECT * FROM `usuarios` WHERE `usuarios`.`idusuario` = 68[0m

2025/10/06 13:07:19 [32m/Users/jhafetcanepa/Documents/tesis_titulacion/back_usuarios/service/therapy_service.go:217 [33mSLOW SQL >= 200ms
[0m[31;1m[9469.333ms] [33m[rows:1][35m SELECT * FROM `therapy_sessions` WHERE is_deleted = false AND `therapy_sessions`.`id` = 2 ORDER BY `therapy_sessions`.`id` LIMIT 1[0m
2025/10/06 13:07:19 [DEBUG] GetByID - Session 2 loaded successfully
2025/10/06 13:07:19 [DEBUG] GetByID - Paciente: Héctor Zuñiga, CuidadorID: 2, Cuidador loaded: true
2025/10/06 13:07:19 [DEBUG] GetByID - Cuidador details: Jhafet Cánepa (ID: 2)
2025/10/06 13:07:19 [DEBUG] Session ID: 2, Paciente: Héctor Zuñiga, PacienteID: 3
2025/10/06 13:07:19 [DEBUG] Paciente tiene CuidadorID: 2
2025/10/06 13:07:19 [DEBUG] Cuidador cargado: Jhafet Cánepa (ID: 2)
2025/10/06 13:07:19 [DEBUG] Cuidador agregado a respuesta: Jhafet Cánepa

2025/10/06 13:07:20 [32m/Users/jhafetcanepa/Documents/tesis_titulacion/back_usuarios/service/therapy_service.go:554 [33mSLOW SQL >= 200ms
[0m[31;1m[661.484ms] [33m[rows:1][35m SELECT * FROM `therapist_ratings` WHERE session_id = 2 ORDER BY `therapist_ratings`.`id` LIMIT 1[0m
2025/10/06 13:07:20 [DEBUG] ⭐ Calificación encontrada: 3 estrellas
2025/10/06 13:07:20 [DEBUG] 🔄 Terapeuta reasignado (precargado): Dr. Juan Pérez (ID: 68)
[GIN] 2025/10/06 - 13:07:20 | 200 |  9.694842167s |       127.0.0.1 | GET      "/api/sessions/2"

2025/10/06 13:07:20 [32m/Users/jhafetcanepa/Documents/tesis_titulacion/back_usuarios/service/therapy_service.go:554 [33mSLOW SQL >= 200ms
[0m[31;1m[448.835ms] [33m[rows:1][35m SELECT * FROM `therapist_ratings` WHERE session_id = 2 ORDER BY `therapist_ratings`.`id` LIMIT 1[0m
2025/10/06 13:07:20 [DEBUG] ⭐ Calificación encontrada: 3 estrellas
2025/10/06 13:07:20 [DEBUG] 🔄 Terapeuta reasignado (precargado): Dr. Juan Pérez (ID: 68)
[GIN] 2025/10/06 - 13:07:20 | 200 |  9.920047833s |       127.0.0.1 | GET      "/api/sessions/2"

2025/10/06 13:07:25 [32m/Users/jhafetcanepa/Documents/tesis_titulacion/back_usuarios/service/therapy_service.go:122 [33mSLOW SQL >= 200ms
[0m[31;1m[2307.550ms] [33m[rows:2][35m SELECT * FROM `usuarios` WHERE `usuarios`.`idusuario` IN (4,2)[0m

2025/10/06 13:07:25 [32m/Users/jhafetcanepa/Documents/tesis_titulacion/back_usuarios/service/therapy_service.go:122 [33mSLOW SQL >= 200ms
[0m[31;1m[5156.823ms] [33m[rows:2][35m SELECT * FROM `patients` WHERE `patients`.`id` IN (3,1) AND `patients`.`deleted_at` IS NULL[0m

2025/10/06 13:07:25 [32m/Users/jhafetcanepa/Documents/tesis_titulacion/back_usuarios/service/therapy_service.go:122 [33mSLOW SQL >= 200ms
[0m[31;1m[559.375ms] [33m[rows:2][35m SELECT * FROM `usuarios` WHERE `usuarios`.`idusuario` IN (68,4)[0m

2025/10/06 13:07:25 [32m/Users/jhafetcanepa/Documents/tesis_titulacion/back_usuarios/service/therapy_service.go:122 [33mSLOW SQL >= 200ms
[0m[31;1m[13295.004ms] [33m[rows:2][35m SELECT * FROM `therapy_sessions` WHERE is_deleted = false ORDER BY fecha_sesion DESC, hora_inicio ASC[0m
2025/10/06 13:07:25 [DEBUG] GetAll loaded 2 sessions
2025/10/06 13:07:25 [DEBUG] Session 2: Paciente Héctor Zuñiga, CuidadorID: 2, Cuidador loaded: true
2025/10/06 13:07:25 [DEBUG] Session 1: Paciente Christopher, CuidadorID: 4, Cuidador loaded: true
2025/10/06 13:07:25 [DEBUG] Session ID: 2, Paciente: Héctor Zuñiga, PacienteID: 3
2025/10/06 13:07:25 [DEBUG] Paciente tiene CuidadorID: 2
2025/10/06 13:07:25 [DEBUG] Cuidador cargado: Jhafet Cánepa (ID: 2)
2025/10/06 13:07:25 [DEBUG] Cuidador agregado a respuesta: Jhafet Cánepa

2025/10/06 13:07:26 [32m/Users/jhafetcanepa/Documents/tesis_titulacion/back_usuarios/service/therapy_service.go:554 [33mSLOW SQL >= 200ms
[0m[31;1m[955.943ms] [33m[rows:1][35m SELECT * FROM `therapist_ratings` WHERE session_id = 2 ORDER BY `therapist_ratings`.`id` LIMIT 1[0m
2025/10/06 13:07:26 [DEBUG] ⭐ Calificación encontrada: 3 estrellas

2025/10/06 13:07:27 [32m/Users/jhafetcanepa/Documents/tesis_titulacion/back_usuarios/service/therapy_service.go:584 [33mSLOW SQL >= 200ms
[0m[31;1m[615.982ms] [33m[rows:1][35m SELECT * FROM `usuarios` WHERE `usuarios`.`idusuario` = 68 ORDER BY `usuarios`.`idusuario` LIMIT 1[0m
2025/10/06 13:07:27 [DEBUG] 🔄 Terapeuta reasignado (cargado): Dr. Juan Pérez (ID: 68)
2025/10/06 13:07:27 [DEBUG] Session ID: 1, Paciente: Christopher, PacienteID: 1
2025/10/06 13:07:27 [DEBUG] Paciente tiene CuidadorID: 4
2025/10/06 13:07:27 [DEBUG] Cuidador cargado: Pedro Montoya (ID: 4)
2025/10/06 13:07:27 [DEBUG] Cuidador agregado a respuesta: Pedro Montoya

2025/10/06 13:07:27 [32m/Users/jhafetcanepa/Documents/tesis_titulacion/back_usuarios/service/therapy_service.go:554 [33mSLOW SQL >= 200ms
[0m[31;1m[402.168ms] [33m[rows:1][35m SELECT * FROM `therapist_ratings` WHERE session_id = 1 ORDER BY `therapist_ratings`.`id` LIMIT 1[0m
2025/10/06 13:07:27 [DEBUG] ⭐ Calificación encontrada: 5 estrellas
[GIN] 2025/10/06 - 13:07:27 | 200 | 15.271501083s |       127.0.0.1 | GET      "/api/sessions"
2025/10/06 13:07:34 Origin recibido: 
2025/10/06 13:07:34 Origin recibido: 

2025/10/06 13:07:38 [32m/Users/jhafetcanepa/Documents/tesis_titulacion/back_usuarios/service/therapy_service.go:217 [33mSLOW SQL >= 200ms
[0m[31;1m[1333.965ms] [33m[rows:1][35m SELECT * FROM `usuarios` WHERE `usuarios`.`idusuario` = 2[0m

2025/10/06 13:07:38 [32m/Users/jhafetcanepa/Documents/tesis_titulacion/back_usuarios/service/therapy_service.go:217 [33mSLOW SQL >= 200ms
[0m[31;1m[3524.236ms] [33m[rows:1][35m SELECT * FROM `patients` WHERE `patients`.`id` = 3 AND `patients`.`deleted_at` IS NULL[0m

2025/10/06 13:07:38 [32m/Users/jhafetcanepa/Documents/tesis_titulacion/back_usuarios/service/therapy_service.go:217 [33mSLOW SQL >= 200ms
[0m[31;1m[1658.804ms] [33m[rows:1][35m SELECT * FROM `usuarios` WHERE `usuarios`.`idusuario` = 2[0m

2025/10/06 13:07:38 [32m/Users/jhafetcanepa/Documents/tesis_titulacion/back_usuarios/service/therapy_service.go:217 [33mSLOW SQL >= 200ms
[0m[31;1m[3931.300ms] [33m[rows:1][35m SELECT * FROM `patients` WHERE `patients`.`id` = 3 AND `patients`.`deleted_at` IS NULL[0m

2025/10/06 13:07:38 [32m/Users/jhafetcanepa/Documents/tesis_titulacion/back_usuarios/service/therapy_service.go:217 [33mSLOW SQL >= 200ms
[0m[31;1m[554.544ms] [33m[rows:1][35m SELECT * FROM `usuarios` WHERE `usuarios`.`idusuario` = 68[0m

2025/10/06 13:07:39 [32m/Users/jhafetcanepa/Documents/tesis_titulacion/back_usuarios/service/therapy_service.go:217 [33mSLOW SQL >= 200ms
[0m[31;1m[446.229ms] [33m[rows:1][35m SELECT * FROM `usuarios` WHERE `usuarios`.`idusuario` = 68[0m

2025/10/06 13:07:39 [32m/Users/jhafetcanepa/Documents/tesis_titulacion/back_usuarios/service/therapy_service.go:217 [33mSLOW SQL >= 200ms
[0m[31;1m[453.862ms] [33m[rows:1][35m SELECT * FROM `usuarios` WHERE `usuarios`.`idusuario` = 68[0m

2025/10/06 13:07:39 [32m/Users/jhafetcanepa/Documents/tesis_titulacion/back_usuarios/service/therapy_service.go:217 [33mSLOW SQL >= 200ms
[0m[31;1m[5053.728ms] [33m[rows:1][35m SELECT * FROM `therapy_sessions` WHERE is_deleted = false AND `therapy_sessions`.`id` = 2 ORDER BY `therapy_sessions`.`id` LIMIT 1[0m
2025/10/06 13:07:39 [DEBUG] GetByID - Session 2 loaded successfully
2025/10/06 13:07:39 [DEBUG] GetByID - Paciente: Héctor Zuñiga, CuidadorID: 2, Cuidador loaded: true
2025/10/06 13:07:39 [DEBUG] GetByID - Cuidador details: Jhafet Cánepa (ID: 2)
2025/10/06 13:07:39 [DEBUG] Session ID: 2, Paciente: Héctor Zuñiga, PacienteID: 3
2025/10/06 13:07:39 [DEBUG] Paciente tiene CuidadorID: 2
2025/10/06 13:07:39 [DEBUG] Cuidador cargado: Jhafet Cánepa (ID: 2)
2025/10/06 13:07:39 [DEBUG] Cuidador agregado a respuesta: Jhafet Cánepa

2025/10/06 13:07:39 [32m/Users/jhafetcanepa/Documents/tesis_titulacion/back_usuarios/service/therapy_service.go:217 [33mSLOW SQL >= 200ms
[0m[31;1m[420.711ms] [33m[rows:1][35m SELECT * FROM `usuarios` WHERE `usuarios`.`idusuario` = 68[0m

2025/10/06 13:07:39 [32m/Users/jhafetcanepa/Documents/tesis_titulacion/back_usuarios/service/therapy_service.go:217 [33mSLOW SQL >= 200ms
[0m[31;1m[5234.119ms] [33m[rows:1][35m SELECT * FROM `therapy_sessions` WHERE is_deleted = false AND `therapy_sessions`.`id` = 2 ORDER BY `therapy_sessions`.`id` LIMIT 1[0m
2025/10/06 13:07:39 [DEBUG] GetByID - Session 2 loaded successfully
2025/10/06 13:07:39 [DEBUG] GetByID - Paciente: Héctor Zuñiga, CuidadorID: 2, Cuidador loaded: true
2025/10/06 13:07:39 [DEBUG] GetByID - Cuidador details: Jhafet Cánepa (ID: 2)
2025/10/06 13:07:39 [DEBUG] Session ID: 2, Paciente: Héctor Zuñiga, PacienteID: 3
2025/10/06 13:07:39 [DEBUG] Paciente tiene CuidadorID: 2
2025/10/06 13:07:39 [DEBUG] Cuidador cargado: Jhafet Cánepa (ID: 2)
2025/10/06 13:07:39 [DEBUG] Cuidador agregado a respuesta: Jhafet Cánepa

2025/10/06 13:07:39 [32m/Users/jhafetcanepa/Documents/tesis_titulacion/back_usuarios/service/therapy_service.go:554 [33mSLOW SQL >= 200ms
[0m[31;1m[423.400ms] [33m[rows:1][35m SELECT * FROM `therapist_ratings` WHERE session_id = 2 ORDER BY `therapist_ratings`.`id` LIMIT 1[0m
2025/10/06 13:07:39 [DEBUG] ⭐ Calificación encontrada: 3 estrellas
2025/10/06 13:07:39 [DEBUG] 🔄 Terapeuta reasignado (precargado): Dr. Juan Pérez (ID: 68)
[GIN] 2025/10/06 - 13:07:39 | 200 |  5.480877166s |       127.0.0.1 | GET      "/api/sessions/2"
2025/10/06 13:07:39 Origin recibido: 

2025/10/06 13:07:40 [32m/Users/jhafetcanepa/Documents/tesis_titulacion/back_usuarios/service/therapy_service.go:554 [33mSLOW SQL >= 200ms
[0m[31;1m[428.544ms] [33m[rows:1][35m SELECT * FROM `therapist_ratings` WHERE session_id = 2 ORDER BY `therapist_ratings`.`id` LIMIT 1[0m
2025/10/06 13:07:40 [DEBUG] ⭐ Calificación encontrada: 3 estrellas
2025/10/06 13:07:40 [DEBUG] 🔄 Terapeuta reasignado (precargado): Dr. Juan Pérez (ID: 68)
[GIN] 2025/10/06 - 13:07:40 | 200 |   5.67062475s |       127.0.0.1 | GET      "/api/sessions/2"

2025/10/06 13:07:42 [32m/Users/jhafetcanepa/Documents/tesis_titulacion/back_usuarios/service/therapy_service.go:122 [33mSLOW SQL >= 200ms
[0m[31;1m[1137.084ms] [33m[rows:2][35m SELECT * FROM `usuarios` WHERE `usuarios`.`idusuario` IN (4,2)[0m

2025/10/06 13:07:42 [32m/Users/jhafetcanepa/Documents/tesis_titulacion/back_usuarios/service/therapy_service.go:122 [33mSLOW SQL >= 200ms
[0m[31;1m[1902.886ms] [33m[rows:2][35m SELECT * FROM `patients` WHERE `patients`.`id` IN (3,1) AND `patients`.`deleted_at` IS NULL[0m

2025/10/06 13:07:43 [32m/Users/jhafetcanepa/Documents/tesis_titulacion/back_usuarios/service/therapy_service.go:122 [33mSLOW SQL >= 200ms
[0m[31;1m[728.946ms] [33m[rows:2][35m SELECT * FROM `usuarios` WHERE `usuarios`.`idusuario` IN (68,4)[0m

2025/10/06 13:07:43 [32m/Users/jhafetcanepa/Documents/tesis_titulacion/back_usuarios/service/therapy_service.go:122 [33mSLOW SQL >= 200ms
[0m[31;1m[3067.439ms] [33m[rows:2][35m SELECT * FROM `therapy_sessions` WHERE is_deleted = false ORDER BY fecha_sesion DESC, hora_inicio ASC[0m
2025/10/06 13:07:43 [DEBUG] GetAll loaded 2 sessions
2025/10/06 13:07:43 [DEBUG] Session 2: Paciente Héctor Zuñiga, CuidadorID: 2, Cuidador loaded: true
2025/10/06 13:07:43 [DEBUG] Session 1: Paciente Christopher, CuidadorID: 4, Cuidador loaded: true
2025/10/06 13:07:43 [DEBUG] Session ID: 2, Paciente: Héctor Zuñiga, PacienteID: 3
2025/10/06 13:07:43 [DEBUG] Paciente tiene CuidadorID: 2
2025/10/06 13:07:43 [DEBUG] Cuidador cargado: Jhafet Cánepa (ID: 2)
2025/10/06 13:07:43 [DEBUG] Cuidador agregado a respuesta: Jhafet Cánepa

2025/10/06 13:07:43 [32m/Users/jhafetcanepa/Documents/tesis_titulacion/back_usuarios/service/therapy_service.go:554 [33mSLOW SQL >= 200ms
[0m[31;1m[563.829ms] [33m[rows:1][35m SELECT * FROM `therapist_ratings` WHERE session_id = 2 ORDER BY `therapist_ratings`.`id` LIMIT 1[0m
2025/10/06 13:07:43 [DEBUG] ⭐ Calificación encontrada: 3 estrellas

2025/10/06 13:07:44 [32m/Users/jhafetcanepa/Documents/tesis_titulacion/back_usuarios/service/therapy_service.go:584 [33mSLOW SQL >= 200ms
[0m[31;1m[537.891ms] [33m[rows:1][35m SELECT * FROM `usuarios` WHERE `usuarios`.`idusuario` = 68 ORDER BY `usuarios`.`idusuario` LIMIT 1[0m
2025/10/06 13:07:44 [DEBUG] 🔄 Terapeuta reasignado (cargado): Dr. Juan Pérez (ID: 68)
2025/10/06 13:07:44 [DEBUG] Session ID: 1, Paciente: Christopher, PacienteID: 1
2025/10/06 13:07:44 [DEBUG] Paciente tiene CuidadorID: 4
2025/10/06 13:07:44 [DEBUG] Cuidador cargado: Pedro Montoya (ID: 4)
2025/10/06 13:07:44 [DEBUG] Cuidador agregado a respuesta: Pedro Montoya

2025/10/06 13:07:44 [32m/Users/jhafetcanepa/Documents/tesis_titulacion/back_usuarios/service/therapy_service.go:554 [33mSLOW SQL >= 200ms
[0m[31;1m[690.600ms] [33m[rows:1][35m SELECT * FROM `therapist_ratings` WHERE session_id = 1 ORDER BY `therapist_ratings`.`id` LIMIT 1[0m
2025/10/06 13:07:44 [DEBUG] ⭐ Calificación encontrada: 5 estrellas
[GIN] 2025/10/06 - 13:07:44 | 200 |  4.865039584s |       127.0.0.1 | GET      "/api/sessions"
2025/10/06 13:08:30 Origin recibido: 
2025/10/06 13:08:30 Origin recibido: 

2025/10/06 13:08:34 [32m/Users/jhafetcanepa/Documents/tesis_titulacion/back_usuarios/service/therapy_service.go:217 [33mSLOW SQL >= 200ms
[0m[31;1m[1610.608ms] [33m[rows:1][35m SELECT * FROM `usuarios` WHERE `usuarios`.`idusuario` = 2[0m

2025/10/06 13:08:34 [32m/Users/jhafetcanepa/Documents/tesis_titulacion/back_usuarios/service/therapy_service.go:217 [33mSLOW SQL >= 200ms
[0m[31;1m[3798.276ms] [33m[rows:1][35m SELECT * FROM `patients` WHERE `patients`.`id` = 3 AND `patients`.`deleted_at` IS NULL[0m

2025/10/06 13:08:34 [32m/Users/jhafetcanepa/Documents/tesis_titulacion/back_usuarios/service/therapy_service.go:217 [33mSLOW SQL >= 200ms
[0m[31;1m[1952.801ms] [33m[rows:1][35m SELECT * FROM `usuarios` WHERE `usuarios`.`idusuario` = 2[0m

2025/10/06 13:08:34 [32m/Users/jhafetcanepa/Documents/tesis_titulacion/back_usuarios/service/therapy_service.go:217 [33mSLOW SQL >= 200ms
[0m[31;1m[4145.596ms] [33m[rows:1][35m SELECT * FROM `patients` WHERE `patients`.`id` = 3 AND `patients`.`deleted_at` IS NULL[0m

2025/10/06 13:08:35 [32m/Users/jhafetcanepa/Documents/tesis_titulacion/back_usuarios/service/therapy_service.go:217 [33mSLOW SQL >= 200ms
[0m[31;1m[746.689ms] [33m[rows:1][35m SELECT * FROM `usuarios` WHERE `usuarios`.`idusuario` = 68[0m

2025/10/06 13:08:35 [32m/Users/jhafetcanepa/Documents/tesis_titulacion/back_usuarios/service/therapy_service.go:217 [33mSLOW SQL >= 200ms
[0m[31;1m[619.861ms] [33m[rows:1][35m SELECT * FROM `usuarios` WHERE `usuarios`.`idusuario` = 68[0m

2025/10/06 13:08:35 [32m/Users/jhafetcanepa/Documents/tesis_titulacion/back_usuarios/service/therapy_service.go:217 [33mSLOW SQL >= 200ms
[0m[31;1m[434.091ms] [33m[rows:1][35m SELECT * FROM `usuarios` WHERE `usuarios`.`idusuario` = 68[0m

2025/10/06 13:08:35 [32m/Users/jhafetcanepa/Documents/tesis_titulacion/back_usuarios/service/therapy_service.go:217 [33mSLOW SQL >= 200ms
[0m[31;1m[5446.777ms] [33m[rows:1][35m SELECT * FROM `therapy_sessions` WHERE is_deleted = false AND `therapy_sessions`.`id` = 2 ORDER BY `therapy_sessions`.`id` LIMIT 1[0m
2025/10/06 13:08:35 [DEBUG] GetByID - Session 2 loaded successfully
2025/10/06 13:08:35 [DEBUG] GetByID - Paciente: Héctor Zuñiga, CuidadorID: 2, Cuidador loaded: true
2025/10/06 13:08:35 [DEBUG] GetByID - Cuidador details: Jhafet Cánepa (ID: 2)
2025/10/06 13:08:35 [DEBUG] Session ID: 2, Paciente: Héctor Zuñiga, PacienteID: 3
2025/10/06 13:08:35 [DEBUG] Paciente tiene CuidadorID: 2
2025/10/06 13:08:35 [DEBUG] Cuidador cargado: Jhafet Cánepa (ID: 2)
2025/10/06 13:08:35 [DEBUG] Cuidador agregado a respuesta: Jhafet Cánepa

2025/10/06 13:08:35 [32m/Users/jhafetcanepa/Documents/tesis_titulacion/back_usuarios/service/therapy_service.go:217 [33mSLOW SQL >= 200ms
[0m[31;1m[420.151ms] [33m[rows:1][35m SELECT * FROM `usuarios` WHERE `usuarios`.`idusuario` = 68[0m

2025/10/06 13:08:35 [32m/Users/jhafetcanepa/Documents/tesis_titulacion/back_usuarios/service/therapy_service.go:217 [33mSLOW SQL >= 200ms
[0m[31;1m[5652.513ms] [33m[rows:1][35m SELECT * FROM `therapy_sessions` WHERE is_deleted = false AND `therapy_sessions`.`id` = 2 ORDER BY `therapy_sessions`.`id` LIMIT 1[0m
2025/10/06 13:08:35 [DEBUG] GetByID - Session 2 loaded successfully
2025/10/06 13:08:35 [DEBUG] GetByID - Paciente: Héctor Zuñiga, CuidadorID: 2, Cuidador loaded: true
2025/10/06 13:08:35 [DEBUG] GetByID - Cuidador details: Jhafet Cánepa (ID: 2)
2025/10/06 13:08:35 [DEBUG] Session ID: 2, Paciente: Héctor Zuñiga, PacienteID: 3
2025/10/06 13:08:35 [DEBUG] Paciente tiene CuidadorID: 2
2025/10/06 13:08:35 [DEBUG] Cuidador cargado: Jhafet Cánepa (ID: 2)
2025/10/06 13:08:35 [DEBUG] Cuidador agregado a respuesta: Jhafet Cánepa

2025/10/06 13:08:36 [32m/Users/jhafetcanepa/Documents/tesis_titulacion/back_usuarios/service/therapy_service.go:554 [33mSLOW SQL >= 200ms
[0m[31;1m[623.710ms] [33m[rows:1][35m SELECT * FROM `therapist_ratings` WHERE session_id = 2 ORDER BY `therapist_ratings`.`id` LIMIT 1[0m
2025/10/06 13:08:36 [DEBUG] ⭐ Calificación encontrada: 3 estrellas
2025/10/06 13:08:36 [DEBUG] 🔄 Terapeuta reasignado (precargado): Dr. Juan Pérez (ID: 68)
[GIN] 2025/10/06 - 13:08:36 | 200 |  6.073781875s |       127.0.0.1 | GET      "/api/sessions/2"
2025/10/06 13:08:36 Origin recibido: 

2025/10/06 13:08:36 [32m/Users/jhafetcanepa/Documents/tesis_titulacion/back_usuarios/service/therapy_service.go:554 [33mSLOW SQL >= 200ms
[0m[31;1m[643.904ms] [33m[rows:1][35m SELECT * FROM `therapist_ratings` WHERE session_id = 2 ORDER BY `therapist_ratings`.`id` LIMIT 1[0m
2025/10/06 13:08:36 [DEBUG] ⭐ Calificación encontrada: 3 estrellas
2025/10/06 13:08:36 [DEBUG] 🔄 Terapeuta reasignado (precargado): Dr. Juan Pérez (ID: 68)
[GIN] 2025/10/06 - 13:08:36 | 200 |      6.29994s |       127.0.0.1 | GET      "/api/sessions/2"

2025/10/06 13:08:40 [32m/Users/jhafetcanepa/Documents/tesis_titulacion/back_usuarios/service/therapy_service.go:122 [33mSLOW SQL >= 200ms
[0m[31;1m[2582.537ms] [33m[rows:2][35m SELECT * FROM `usuarios` WHERE `usuarios`.`idusuario` IN (4,2)[0m

2025/10/06 13:08:40 [32m/Users/jhafetcanepa/Documents/tesis_titulacion/back_usuarios/service/therapy_service.go:122 [33mSLOW SQL >= 200ms
[0m[31;1m[3587.080ms] [33m[rows:2][35m SELECT * FROM `patients` WHERE `patients`.`id` IN (3,1) AND `patients`.`deleted_at` IS NULL[0m

2025/10/06 13:08:43 [32m/Users/jhafetcanepa/Documents/tesis_titulacion/back_usuarios/service/therapy_service.go:122 [33mSLOW SQL >= 200ms
[0m[31;1m[3241.582ms] [33m[rows:2][35m SELECT * FROM `usuarios` WHERE `usuarios`.`idusuario` IN (68,4)[0m

2025/10/06 13:08:43 [32m/Users/jhafetcanepa/Documents/tesis_titulacion/back_usuarios/service/therapy_service.go:122 [33mSLOW SQL >= 200ms
[0m[31;1m[7297.121ms] [33m[rows:2][35m SELECT * FROM `therapy_sessions` WHERE is_deleted = false ORDER BY fecha_sesion DESC, hora_inicio ASC[0m
2025/10/06 13:08:43 [DEBUG] GetAll loaded 2 sessions
2025/10/06 13:08:43 [DEBUG] Session 2: Paciente Héctor Zuñiga, CuidadorID: 2, Cuidador loaded: true
2025/10/06 13:08:43 [DEBUG] Session 1: Paciente Christopher, CuidadorID: 4, Cuidador loaded: true
2025/10/06 13:08:43 [DEBUG] Session ID: 2, Paciente: Héctor Zuñiga, PacienteID: 3
2025/10/06 13:08:43 [DEBUG] Paciente tiene CuidadorID: 2
2025/10/06 13:08:43 [DEBUG] Cuidador cargado: Jhafet Cánepa (ID: 2)
2025/10/06 13:08:43 [DEBUG] Cuidador agregado a respuesta: Jhafet Cánepa

2025/10/06 13:08:43 [32m/Users/jhafetcanepa/Documents/tesis_titulacion/back_usuarios/service/therapy_service.go:554 [33mSLOW SQL >= 200ms
[0m[31;1m[480.634ms] [33m[rows:1][35m SELECT * FROM `therapist_ratings` WHERE session_id = 2 ORDER BY `therapist_ratings`.`id` LIMIT 1[0m
2025/10/06 13:08:43 [DEBUG] ⭐ Calificación encontrada: 3 estrellas

2025/10/06 13:08:44 [32m/Users/jhafetcanepa/Documents/tesis_titulacion/back_usuarios/service/therapy_service.go:584 [33mSLOW SQL >= 200ms
[0m[31;1m[750.444ms] [33m[rows:1][35m SELECT * FROM `usuarios` WHERE `usuarios`.`idusuario` = 68 ORDER BY `usuarios`.`idusuario` LIMIT 1[0m
2025/10/06 13:08:44 [DEBUG] 🔄 Terapeuta reasignado (cargado): Dr. Juan Pérez (ID: 68)
2025/10/06 13:08:44 [DEBUG] Session ID: 1, Paciente: Christopher, PacienteID: 1
2025/10/06 13:08:44 [DEBUG] Paciente tiene CuidadorID: 4
2025/10/06 13:08:44 [DEBUG] Cuidador cargado: Pedro Montoya (ID: 4)
2025/10/06 13:08:44 [DEBUG] Cuidador agregado a respuesta: Pedro Montoya

2025/10/06 13:08:45 [32m/Users/jhafetcanepa/Documents/tesis_titulacion/back_usuarios/service/therapy_service.go:554 [33mSLOW SQL >= 200ms
[0m[31;1m[458.644ms] [33m[rows:1][35m SELECT * FROM `therapist_ratings` WHERE session_id = 1 ORDER BY `therapist_ratings`.`id` LIMIT 1[0m
2025/10/06 13:08:45 [DEBUG] ⭐ Calificación encontrada: 5 estrellas
[GIN] 2025/10/06 - 13:08:45 | 200 |  8.990988375s |       127.0.0.1 | GET      "/api/sessions"
